customer_id,composite_risk_score,risk_tier,probability_of_default,credit_risk_component,behaviour_risk_component,velocity_risk_component,bureau_score_component,payment_history_component,primary_risk_driver,secondary_risk_driver,score_delta_30d,watch_list_flag,review_required_flag,model_version,effective_date,load_ts
1,19.09,LOW,0.0,38.18181818181819,0.0,0.0,61.81818181818181,100.0,CREDIT_UTILIZATION,BUREAU_SCORE,0.0,N,N,RISK_V4.0,2026-06-29,2026-06-29 19:43:12.437238
4,4.24,LOW,0.0,0.0,0.0,28.286911042962426,100.0,100.0,TRANSACTION_VELOCITY,,0.0,N,N,RISK_V4.0,2026-06-29,2026-06-29 19:43:12.437238
6,28.0,MODERATE,0.0,26.0,0.0,100.0,74.0,100.0,TRANSACTION_VELOCITY,CREDIT_UTILIZATION,0.0,N,N,RISK_V4.0,2026-06-29,2026-06-29 19:43:12.437238
7,12.22,LOW,0.0,10.727272727272734,0.0,45.68946061837057,89.27272727272727,100.0,TRANSACTION_VELOCITY,CREDIT_UTILIZATION,0.0,N,N,RISK_V4.0,2026-06-29,2026-06-29 19:43:12.437238
10,30.64,MODERATE,0.0,31.27272727272728,0.0,100.0,68.72727272727272,100.0,TRANSACTION_VELOCITY,CREDIT_UTILIZATION,0.0,N,N,RISK_V4.0,2026-06-29,2026-06-29 19:43:12.437238
11,18.36,LOW,0.0,36.727272727272734,0.0,0.0,63.272727272727266,100.0,CREDIT_UTILIZATION,BUREAU_SCORE,0.0,N,N,RISK_V4.0,2026-06-29,2026-06-29 19:43:12.437238
15,5.55,LOW,0.0,11.090909090909093,0.0,0.0,88.9090909090909,100.0,CREDIT_UTILIZATION,BUREAU_SCORE,0.0,N,N,RISK_V4.0,2026-06-29,2026-06-29 19:43:12.437238
16,19.91,LOW,0.0,39.81818181818182,0.0,0.0,60.18181818181818,100.0,CREDIT_UTILIZATION,BUREAU_SCORE,0.0,N,N,RISK_V4.0,2026-06-29,2026-06-29 19:43:12.437238
17,27.04,MODERATE,0.0,45.81818181818181,0.0,27.547071518940225,54.18181818181819,100.0,CREDIT_UTILIZATION,BUREAU_SCORE,0.0,N,N,RISK_V4.0,2026-06-29,2026-06-29 19:43:12.437238
19,13.36,LOW,0.0,26.72727272727272,0.0,0.0,73.27272727272728,100.0,CREDIT_UTILIZATION,BUREAU_SCORE,0.0,N,N,RISK_V4.0,2026-06-29,2026-06-29 19:43:12.437238
22,5.0,LOW,0.0,10.0,0.0,0.0,90.0,100.0,CREDIT_UTILIZATION,BUREAU_SCORE,0.0,N,N,RISK_V4.0,2026-06-29,2026-06-29 19:43:12.437238
24,7.73,LOW,0.0,15.454545454545453,0.0,0.0,84.54545454545455,100.0,CREDIT_UTILIZATION,BUREAU_SCORE,0.0,N,N,RISK_V4.0,2026-06-29,2026-06-29 19:43:12.437238
25,16.82,LOW,0.0,33.636363636363626,0.0,0.0,66.36363636363637,100.0,CREDIT_UTILIZATION,BUREAU_SCORE,0.0,N,N,RISK_V4.0,2026-06-29,2026-06-29 19:43:12.437238
28,12.83,LOW,0.0,24.727272727272734,0.0,3.114527606319595,75.27272727272727,100.0,CREDIT_UTILIZATION,BUREAU_SCORE,0.0,N,N,RISK_V4.0,2026-06-29,2026-06-29 19:43:12.437238
29,12.18,LOW,0.0,24.36363636363636,0.0,0.0,75.63636363636364,100.0,CREDIT_UTILIZATION,BUREAU_SCORE,0.0,N,N,RISK_V4.0,2026-06-29,2026-06-29 19:43:12.437238
30,1.82,LOW,0.0,3.6363636363636402,0.0,0.0,96.36363636363636,100.0,CREDIT_UTILIZATION,BUREAU_SCORE,0.0,N,N,RISK_V4.0,2026-06-29,2026-06-29 19:43:12.437238
32,13.48,LOW,0.0,24.36363636363636,0.0,8.65655803937717,75.63636363636364,100.0,CREDIT_UTILIZATION,BUREAU_SCORE,0.0,N,N,RISK_V4.0,2026-06-29,2026-06-29 19:43:12.437238
36,6.11,LOW,0.0,9.090909090909093,0.0,10.451610942695144,90.9090909090909,100.0,TRANSACTION_VELOCITY,CREDIT_UTILIZATION,0.0,N,N,RISK_V4.0,2026-06-29,2026-06-29 19:43:12.437238
37,19.0,LOW,0.0,38.0,0.0,0.0,62.0,100.0,CREDIT_UTILIZATION,BUREAU_SCORE,0.0,N,N,RISK_V4.0,2026-06-29,2026-06-29 19:43:12.437238
39,8.45,LOW,0.0,16.909090909090907,0.0,0.0,83.0909090909091,100.0,CREDIT_UTILIZATION,BUREAU_SCORE,0.0,N,N,RISK_V4.0,2026-06-29,2026-06-29 19:43:12.437238
40,5.36,LOW,0.0,10.727272727272734,0.0,0.0,89.27272727272727,100.0,CREDIT_UTILIZATION,BUREAU_SCORE,0.0,N,N,RISK_V4.0,2026-06-29,2026-06-29 19:43:12.437238
41,15.64,LOW,0.0,31.27272727272728,0.0,0.0,68.72727272727272,100.0,CREDIT_UTILIZATION,BUREAU_SCORE,0.0,N,N,RISK_V4.0,2026-06-29,2026-06-29 19:43:12.437238
42,15.55,LOW,0.0,31.090909090909093,0.0,0.0,68.9090909090909,100.0,CREDIT_UTILIZATION,BUREAU_SCORE,0.0,N,N,RISK_V4.0,2026-06-29,2026-06-29 19:43:12.437238
43,11.0,LOW,0.0,22.0,0.0,0.0,78.0,100.0,CREDIT_UTILIZATION,BUREAU_SCORE,0.0,N,N,RISK_V4.0,2026-06-29,2026-06-29 19:43:12.437238
45,17.73,LOW,0.0,35.45454545454545,0.0,0.0,64.54545454545455,100.0,CREDIT_UTILIZATION,BUREAU_SCORE,0.0,N,N,RISK_V4.0,2026-06-29,2026-06-29 19:43:12.437238
50,18.89,LOW,0.0,32.0,0.0,19.295873073389146,68.0,100.0,CREDIT_UTILIZATION,BUREAU_SCORE,0.0,N,N,RISK_V4.0,2026-06-29,2026-06-29 19:43:12.437238
52,18.64,LOW,0.0,37.272727272727266,0.0,0.0,62.727272727272734,100.0,CREDIT_UTILIZATION,BUREAU_SCORE,0.0,N,N,RISK_V4.0,2026-06-29,2026-06-29 19:43:12.437238
57,7.62,LOW,0.0,7.0909090909090935,0.0,27.187628291027956,92.9090909090909,100.0,TRANSACTION_VELOCITY,CREDIT_UTILIZATION,0.0,N,N,RISK_V4.0,2026-06-29,2026-06-29 19:43:12.437238
58,1.36,LOW,0.0,2.7272727272727195,0.0,0.0,97.27272727272728,100.0,CREDIT_UTILIZATION,BUREAU_SCORE,0.0,N,N,RISK_V4.0,2026-06-29,2026-06-29 19:43:12.437238
60,22.52,MODERATE,0.0,18.0,0.0,90.11897089875596,82.0,100.0,TRANSACTION_VELOCITY,CREDIT_UTILIZATION,0.0,N,N,RISK_V4.0,2026-06-29,2026-06-29 19:43:12.437238
65,16.55,LOW,0.0,33.09090909090909,0.0,0.0,66.9090909090909,100.0,CREDIT_UTILIZATION,BUREAU_SCORE,0.0,N,N,RISK_V4.0,2026-06-29,2026-06-29 19:43:12.437238
66,20.91,MODERATE,0.0,41.81818181818182,0.0,0.0,58.18181818181818,100.0,CREDIT_UTILIZATION,BUREAU_SCORE,0.0,N,N,RISK_V4.0,2026-06-29,2026-06-29 19:43:12.437238
67,26.58,MODERATE,0.0,47.63636363636363,0.0,18.37955947243589,52.36363636363637,100.0,CREDIT_UTILIZATION,BUREAU_SCORE,0.0,N,N,RISK_V4.0,2026-06-29,2026-06-29 19:43:12.437238
72,14.91,LOW,0.0,29.818181818181827,0.0,0.0,70.18181818181817,100.0,CREDIT_UTILIZATION,BUREAU_SCORE,0.0,N,N,RISK_V4.0,2026-06-29,2026-06-29 19:43:12.437238
75,21.27,MODERATE,0.0,42.54545454545454,0.0,0.0,57.45454545454546,100.0,CREDIT_UTILIZATION,BUREAU_SCORE,0.0,N,N,RISK_V4.0,2026-06-29,2026-06-29 19:43:12.437238
76,7.0,LOW,0.0,14.0,0.0,0.0,86.0,100.0,CREDIT_UTILIZATION,BUREAU_SCORE,0.0,N,N,RISK_V4.0,2026-06-29,2026-06-29 19:43:12.437238
77,22.93,MODERATE,0.0,21.636363636363626,0.0,80.7643977053381,78.36363636363637,100.0,TRANSACTION_VELOCITY,CREDIT_UTILIZATION,0.0,N,N,RISK_V4.0,2026-06-29,2026-06-29 19:43:12.437238
78,11.09,LOW,0.0,22.181818181818187,0.0,0.0,77.81818181818181,100.0,CREDIT_UTILIZATION,BUREAU_SCORE,0.0,N,N,RISK_V4.0,2026-06-29,2026-06-29 19:43:12.437238
82,13.64,LOW,0.0,27.272727272727266,0.0,0.0,72.72727272727273,100.0,CREDIT_UTILIZATION,BUREAU_SCORE,0.0,N,N,RISK_V4.0,2026-06-29,2026-06-29 19:43:12.437238
83,7.09,LOW,0.0,14.181818181818187,0.0,0.0,85.81818181818181,100.0,CREDIT_UTILIZATION,BUREAU_SCORE,0.0,N,N,RISK_V4.0,2026-06-29,2026-06-29 19:43:12.437238
84,10.78,LOW,0.0,16.181818181818187,0.0,17.95798247645044,83.81818181818181,100.0,TRANSACTION_VELOCITY,CREDIT_UTILIZATION,0.0,N,N,RISK_V4.0,2026-06-29,2026-06-29 19:43:12.437238
87,25.73,MODERATE,0.0,21.454545454545453,0.0,100.0,78.54545454545455,100.0,TRANSACTION_VELOCITY,CREDIT_UTILIZATION,0.0,N,N,RISK_V4.0,2026-06-29,2026-06-29 19:43:12.437238
90,13.36,LOW,0.0,26.72727272727272,0.0,0.0,73.27272727272728,100.0,CREDIT_UTILIZATION,BUREAU_SCORE,0.0,N,N,RISK_V4.0,2026-06-29,2026-06-29 19:43:12.437238
91,7.64,LOW,0.0,15.272727272727266,0.0,0.0,84.72727272727273,100.0,CREDIT_UTILIZATION,BUREAU_SCORE,0.0,N,N,RISK_V4.0,2026-06-29,2026-06-29 19:43:12.437238
92,20.82,MODERATE,0.0,18.181818181818173,0.0,78.22273879966187,81.81818181818183,100.0,TRANSACTION_VELOCITY,CREDIT_UTILIZATION,0.0,N,N,RISK_V4.0,2026-06-29,2026-06-29 19:43:12.437238
93,12.55,LOW,0.0,25.09090909090908,0.0,0.0,74.90909090909092,100.0,CREDIT_UTILIZATION,BUREAU_SCORE,0.0,N,N,RISK_V4.0,2026-06-29,2026-06-29 19:43:12.437238
95,9.64,LOW,0.0,19.27272727272728,0.0,0.0,80.72727272727272,100.0,CREDIT_UTILIZATION,BUREAU_SCORE,0.0,N,N,RISK_V4.0,2026-06-29,2026-06-29 19:43:12.437238
96,8.18,LOW,0.0,16.363636363636374,0.0,0.0,83.63636363636363,100.0,CREDIT_UTILIZATION,BUREAU_SCORE,0.0,N,N,RISK_V4.0,2026-06-29,2026-06-29 19:43:12.437238
98,5.91,LOW,0.0,11.818181818181813,0.0,0.0,88.18181818181819,100.0,CREDIT_UTILIZATION,BUREAU_SCORE,0.0,N,N,RISK_V4.0,2026-06-29,2026-06-29 19:43:12.437238
99,24.82,MODERATE,0.0,49.63636363636363,0.0,0.0,50.36363636363637,100.0,CREDIT_UTILIZATION,BUREAU_SCORE,0.0,N,N,RISK_V4.0,2026-06-29,2026-06-29 19:43:12.437238
100,12.27,LOW,0.0,24.545454545454547,0.0,0.0,75.45454545454545,100.0,CREDIT_UTILIZATION,BUREAU_SCORE,0.0,N,N,RISK_V4.0,2026-06-29,2026-06-29 19:43:12.437238
101,4.54,LOW,0.0,2.5454545454545467,0.0,21.753419959608276,97.45454545454545,100.0,TRANSACTION_VELOCITY,CREDIT_UTILIZATION,0.0,N,N,RISK_V4.0,2026-06-29,2026-06-29 19:43:12.437238
102,8.82,LOW,0.0,17.63636363636364,0.0,0.0,82.36363636363636,100.0,CREDIT_UTILIZATION,BUREAU_SCORE,0.0,N,N,RISK_V4.0,2026-06-29,2026-06-29 19:43:12.437238
103,10.64,LOW,0.0,21.27272727272728,0.0,0.0,78.72727272727272,100.0,CREDIT_UTILIZATION,BUREAU_SCORE,0.0,N,N,RISK_V4.0,2026-06-29,2026-06-29 19:43:12.437238
108,19.37,LOW,0.0,25.818181818181813,0.0,43.03958608864974,74.18181818181819,100.0,TRANSACTION_VELOCITY,CREDIT_UTILIZATION,0.0,N,N,RISK_V4.0,2026-06-29,2026-06-29 19:43:12.437238
109,13.06,LOW,0.0,15.090909090909093,0.0,36.78648477671981,84.9090909090909,100.0,TRANSACTION_VELOCITY,CREDIT_UTILIZATION,0.0,N,N,RISK_V4.0,2026-06-29,2026-06-29 19:43:12.437238
111,4.55,LOW,0.0,9.090909090909093,0.0,0.0,90.9090909090909,100.0,CREDIT_UTILIZATION,BUREAU_SCORE,0.0,N,N,RISK_V4.0,2026-06-29,2026-06-29 19:43:12.437238
115,8.18,LOW,0.0,16.363636363636374,0.0,0.0,83.63636363636363,100.0,CREDIT_UTILIZATION,BUREAU_SCORE,0.0,N,N,RISK_V4.0,2026-06-29,2026-06-29 19:43:12.437238
124,18.0,LOW,0.0,36.0,0.0,0.0,64.0,100.0,CREDIT_UTILIZATION,BUREAU_SCORE,0.0,N,N,RISK_V4.0,2026-06-29,2026-06-29 19:43:12.437238
125,18.0,LOW,0.0,36.0,0.0,0.0,64.0,100.0,CREDIT_UTILIZATION,BUREAU_SCORE,0.0,N,N,RISK_V4.0,2026-06-29,2026-06-29 19:43:12.437238
129,26.51,MODERATE,0.0,47.09090909090909,0.0,19.794316530574108,52.90909090909091,100.0,CREDIT_UTILIZATION,BUREAU_SCORE,0.0,N,N,RISK_V4.0,2026-06-29,2026-06-29 19:43:12.437238
130,13.74,LOW,0.0,6.9090909090909065,0.0,68.56816484011883,93.0909090909091,100.0,TRANSACTION_VELOCITY,CREDIT_UTILIZATION,0.0,N,N,RISK_V4.0,2026-06-29,2026-06-29 19:43:12.437238
136,21.68,MODERATE,0.0,36.18181818181818,0.0,23.958663670081492,63.81818181818182,100.0,CREDIT_UTILIZATION,BUREAU_SCORE,0.0,N,N,RISK_V4.0,2026-06-29,2026-06-29 19:43:12.437238
137,0.0,LOW,0.0,0.0,0.0,0.0,100.0,100.0,,,0.0,N,N,RISK_V4.0,2026-06-29,2026-06-29 19:43:12.437238
139,12.0,LOW,0.0,24.0,0.0,0.0,76.0,100.0,CREDIT_UTILIZATION,BUREAU_SCORE,0.0,N,N,RISK_V4.0,2026-06-29,2026-06-29 19:43:12.437238
142,8.1,LOW,0.0,1.4545454545454533,0.0,49.15941142706942,98.54545454545455,100.0,TRANSACTION_VELOCITY,CREDIT_UTILIZATION,0.0,N,N,RISK_V4.0,2026-06-29,2026-06-29 19:43:12.437238
143,11.84,LOW,0.0,4.7272727272727195,0.0,63.164050493104874,95.27272727272728,100.0,TRANSACTION_VELOCITY,CREDIT_UTILIZATION,0.0,N,N,RISK_V4.0,2026-06-29,2026-06-29 19:43:12.437238
146,7.55,LOW,0.0,15.090909090909093,0.0,0.0,84.9090909090909,100.0,CREDIT_UTILIZATION,BUREAU_SCORE,0.0,N,N,RISK_V4.0,2026-06-29,2026-06-29 19:43:12.437238
147,12.82,LOW,0.0,25.63636363636364,0.0,0.0,74.36363636363636,100.0,CREDIT_UTILIZATION,BUREAU_SCORE,0.0,N,N,RISK_V4.0,2026-06-29,2026-06-29 19:43:12.437238
149,6.98,LOW,0.0,11.272727272727266,0.0,8.951717178088236,88.72727272727273,100.0,CREDIT_UTILIZATION,BUREAU_SCORE,0.0,N,N,RISK_V4.0,2026-06-29,2026-06-29 19:43:12.437238
150,16.91,LOW,0.0,33.81818181818181,0.0,0.0,66.18181818181819,100.0,CREDIT_UTILIZATION,BUREAU_SCORE,0.0,N,N,RISK_V4.0,2026-06-29,2026-06-29 19:43:12.437238
153,30.45,MODERATE,0.0,60.90909090909091,0.0,0.0,39.09090909090909,100.0,CREDIT_UTILIZATION,BUREAU_SCORE,0.0,N,N,RISK_V4.0,2026-06-29,2026-06-29 19:43:12.437238
156,18.45,LOW,0.0,36.909090909090914,0.0,0.0,63.090909090909086,100.0,CREDIT_UTILIZATION,BUREAU_SCORE,0.0,N,N,RISK_V4.0,2026-06-29,2026-06-29 19:43:12.437238
158,13.64,LOW,0.0,27.272727272727266,0.0,0.0,72.72727272727273,100.0,CREDIT_UTILIZATION,BUREAU_SCORE,0.0,N,N,RISK_V4.0,2026-06-29,2026-06-29 19:43:12.437238
161,11.55,LOW,0.0,23.090909090909093,0.0,0.0,76.9090909090909,100.0,CREDIT_UTILIZATION,BUREAU_SCORE,0.0,N,N,RISK_V4.0,2026-06-29,2026-06-29 19:43:12.437238
164,20.03,MODERATE,0.0,39.27272727272727,0.0,2.5915390467370125,60.72727272727273,100.0,CREDIT_UTILIZATION,BUREAU_SCORE,0.0,N,N,RISK_V4.0,2026-06-29,2026-06-29 19:43:12.437238
165,22.27,MODERATE,0.0,30.0,0.0,48.440416990203026,70.0,100.0,TRANSACTION_VELOCITY,CREDIT_UTILIZATION,0.0,N,N,RISK_V4.0,2026-06-29,2026-06-29 19:43:12.437238
167,5.45,LOW,0.0,10.909090909090907,0.0,0.0,89.0909090909091,100.0,CREDIT_UTILIZATION,BUREAU_SCORE,0.0,N,N,RISK_V4.0,2026-06-29,2026-06-29 19:43:12.437238
170,33.47,MODERATE,0.0,50.18181818181818,0.0,55.86141960533308,49.81818181818182,100.0,TRANSACTION_VELOCITY,CREDIT_UTILIZATION,0.0,N,N,RISK_V4.0,2026-06-29,2026-06-29 19:43:12.437238
171,31.92,MODERATE,0.0,41.45454545454545,0.0,74.6133771505896,58.54545454545455,100.0,TRANSACTION_VELOCITY,CREDIT_UTILIZATION,0.0,N,N,RISK_V4.0,2026-06-29,2026-06-29 19:43:12.437238
177,27.76,MODERATE,0.0,49.63636363636363,0.0,19.608392846603316,50.36363636363637,100.0,CREDIT_UTILIZATION,BUREAU_SCORE,0.0,N,N,RISK_V4.0,2026-06-29,2026-06-29 19:43:12.437238
178,20.03,MODERATE,0.0,23.454545454545453,0.0,55.36005878510779,76.54545454545455,100.0,TRANSACTION_VELOCITY,CREDIT_UTILIZATION,0.0,N,N,RISK_V4.0,2026-06-29,2026-06-29 19:43:12.437238
180,14.0,LOW,0.0,28.0,0.0,0.0,72.0,100.0,CREDIT_UTILIZATION,BUREAU_SCORE,0.0,N,N,RISK_V4.0,2026-06-29,2026-06-29 19:43:12.437238
181,15.09,LOW,0.0,30.181818181818173,0.0,0.0,69.81818181818183,100.0,CREDIT_UTILIZATION,BUREAU_SCORE,0.0,N,N,RISK_V4.0,2026-06-29,2026-06-29 19:43:12.437238
186,13.45,LOW,0.0,26.181818181818187,0.0,2.3714820227721867,73.81818181818181,100.0,CREDIT_UTILIZATION,BUREAU_SCORE,0.0,N,N,RISK_V4.0,2026-06-29,2026-06-29 19:43:12.437238
189,43.28,ELEVATED,0.0,62.0,0.0,81.88697081859134,38.0,100.0,TRANSACTION_VELOCITY,CREDIT_UTILIZATION,0.0,N,N,RISK_V4.0,2026-06-29,2026-06-29 19:43:12.437238
190,22.22,MODERATE,0.0,27.63636363636364,0.0,55.98154489148497,72.36363636363636,100.0,TRANSACTION_VELOCITY,CREDIT_UTILIZATION,0.0,N,N,RISK_V4.0,2026-06-29,2026-06-29 19:43:12.437238
191,22.0,MODERATE,0.0,14.0,0.0,100.0,86.0,100.0,TRANSACTION_VELOCITY,CREDIT_UTILIZATION,0.0,N,N,RISK_V4.0,2026-06-29,2026-06-29 19:43:12.437238
194,19.73,LOW,0.0,39.45454545454545,0.0,0.0,60.54545454545455,100.0,CREDIT_UTILIZATION,BUREAU_SCORE,0.0,N,N,RISK_V4.0,2026-06-29,2026-06-29 19:43:12.437238
196,31.45,MODERATE,0.0,32.90909090909091,0.0,100.0,67.0909090909091,100.0,TRANSACTION_VELOCITY,CREDIT_UTILIZATION,0.0,N,N,RISK_V4.0,2026-06-29,2026-06-29 19:43:12.437238
197,10.55,LOW,0.0,21.090909090909093,0.0,0.0,78.9090909090909,100.0,CREDIT_UTILIZATION,BUREAU_SCORE,0.0,N,N,RISK_V4.0,2026-06-29,2026-06-29 19:43:12.437238
201,25.55,MODERATE,0.0,21.090909090909093,0.0,100.0,78.9090909090909,100.0,TRANSACTION_VELOCITY,CREDIT_UTILIZATION,0.0,N,N,RISK_V4.0,2026-06-29,2026-06-29 19:43:12.437238
209,18.01,LOW,0.0,24.181818181818187,0.0,39.461192903644694,75.81818181818181,100.0,TRANSACTION_VELOCITY,CREDIT_UTILIZATION,0.0,N,N,RISK_V4.0,2026-06-29,2026-06-29 19:43:12.437238
210,35.0,MODERATE,0.0,40.0,0.0,100.0,60.0,100.0,TRANSACTION_VELOCITY,CREDIT_UTILIZATION,0.0,N,N,RISK_V4.0,2026-06-29,2026-06-29 19:43:12.437238
212,19.27,LOW,0.0,38.54545454545455,0.0,0.0,61.45454545454545,100.0,CREDIT_UTILIZATION,BUREAU_SCORE,0.0,N,N,RISK_V4.0,2026-06-29,2026-06-29 19:43:12.437238
213,11.77,LOW,0.0,22.36363636363636,0.0,3.9351308307214783,77.63636363636364,100.0,CREDIT_UTILIZATION,BUREAU_SCORE,0.0,N,N,RISK_V4.0,2026-06-29,2026-06-29 19:43:12.437238
214,27.18,MODERATE,0.0,24.36363636363636,0.0,100.0,75.63636363636364,100.0,TRANSACTION_VELOCITY,CREDIT_UTILIZATION,0.0,N,N,RISK_V4.0,2026-06-29,2026-06-29 19:43:12.437238
215,12.89,LOW,0.0,16.545454545454547,0.0,30.749937537237415,83.45454545454545,100.0,TRANSACTION_VELOCITY,CREDIT_UTILIZATION,0.0,N,N,RISK_V4.0,2026-06-29,2026-06-29 19:43:12.437238
218,24.97,MODERATE,0.0,33.27272727272728,0.0,55.581610089179414,66.72727272727272,100.0,TRANSACTION_VELOCITY,CREDIT_UTILIZATION,0.0,N,N,RISK_V4.0,2026-06-29,2026-06-29 19:43:12.437238
223,21.27,MODERATE,0.0,42.54545454545454,0.0,0.0,57.45454545454546,100.0,CREDIT_UTILIZATION,BUREAU_SCORE,0.0,N,N,RISK_V4.0,2026-06-29,2026-06-29 19:43:12.437238
224,0.0,LOW,0.0,0.0,0.0,0.0,100.0,100.0,,,0.0,N,N,RISK_V4.0,2026-06-29,2026-06-29 19:43:12.437238
228,26.09,MODERATE,0.0,29.63636363636364,0.0,75.15083048451281,70.36363636363636,100.0,TRANSACTION_VELOCITY,CREDIT_UTILIZATION,0.0,N,N,RISK_V4.0,2026-06-29,2026-06-29 19:43:12.437238
231,8.73,LOW,0.0,17.454545454545453,0.0,0.0,82.54545454545455,100.0,CREDIT_UTILIZATION,BUREAU_SCORE,0.0,N,N,RISK_V4.0,2026-06-29,2026-06-29 19:43:12.437238
232,15.64,LOW,0.0,31.27272727272728,0.0,0.0,68.72727272727272,100.0,CREDIT_UTILIZATION,BUREAU_SCORE,0.0,N,N,RISK_V4.0,2026-06-29,2026-06-29 19:43:12.437238
233,6.27,LOW,0.0,12.545454545454547,0.0,0.0,87.45454545454545,100.0,CREDIT_UTILIZATION,BUREAU_SCORE,0.0,N,N,RISK_V4.0,2026-06-29,2026-06-29 19:43:12.437238
234,0.0,LOW,0.0,0.0,0.0,0.0,100.0,100.0,,,0.0,N,N,RISK_V4.0,2026-06-29,2026-06-29 19:43:12.437238
240,18.09,LOW,0.0,36.18181818181818,0.0,0.0,63.81818181818182,100.0,CREDIT_UTILIZATION,BUREAU_SCORE,0.0,N,N,RISK_V4.0,2026-06-29,2026-06-29 19:43:12.437238
244,0.0,LOW,0.0,0.0,0.0,0.0,100.0,100.0,,,0.0,N,N,RISK_V4.0,2026-06-29,2026-06-29 19:43:12.437238
247,17.68,LOW,0.0,34.54545454545455,0.0,2.702672886977797,65.45454545454545,100.0,CREDIT_UTILIZATION,BUREAU_SCORE,0.0,N,N,RISK_V4.0,2026-06-29,2026-06-29 19:43:12.437238
251,31.91,MODERATE,0.0,33.81818181818181,0.0,100.0,66.18181818181819,100.0,TRANSACTION_VELOCITY,CREDIT_UTILIZATION,0.0,N,N,RISK_V4.0,2026-06-29,2026-06-29 19:43:12.437238
252,13.18,LOW,0.0,26.363636363636374,0.0,0.0,73.63636363636363,100.0,CREDIT_UTILIZATION,BUREAU_SCORE,0.0,N,N,RISK_V4.0,2026-06-29,2026-06-29 19:43:12.437238
254,14.76,LOW,0.0,17.818181818181827,0.0,39.019806274396416,82.18181818181817,100.0,TRANSACTION_VELOCITY,CREDIT_UTILIZATION,0.0,N,N,RISK_V4.0,2026-06-29,2026-06-29 19:43:12.437238
256,16.0,LOW,0.0,32.0,0.0,0.0,68.0,100.0,CREDIT_UTILIZATION,BUREAU_SCORE,0.0,N,N,RISK_V4.0,2026-06-29,2026-06-29 19:43:12.437238
258,17.64,LOW,0.0,35.27272727272728,0.0,0.0,64.72727272727272,100.0,CREDIT_UTILIZATION,BUREAU_SCORE,0.0,N,N,RISK_V4.0,2026-06-29,2026-06-29 19:43:12.437238
263,18.65,LOW,0.0,21.454545454545453,0.0,52.84304159871236,78.54545454545455,100.0,TRANSACTION_VELOCITY,CREDIT_UTILIZATION,0.0,N,N,RISK_V4.0,2026-06-29,2026-06-29 19:43:12.437238
264,13.0,LOW,0.0,26.0,0.0,0.0,74.0,100.0,CREDIT_UTILIZATION,BUREAU_SCORE,0.0,N,N,RISK_V4.0,2026-06-29,2026-06-29 19:43:12.437238
270,12.82,LOW,0.0,25.63636363636364,0.0,0.0,74.36363636363636,100.0,CREDIT_UTILIZATION,BUREAU_SCORE,0.0,N,N,RISK_V4.0,2026-06-29,2026-06-29 19:43:12.437238
272,9.55,LOW,0.0,19.090909090909093,0.0,0.0,80.9090909090909,100.0,CREDIT_UTILIZATION,BUREAU_SCORE,0.0,N,N,RISK_V4.0,2026-06-29,2026-06-29 19:43:12.437238
277,10.45,LOW,0.0,20.909090909090907,0.0,0.0,79.0909090909091,100.0,CREDIT_UTILIZATION,BUREAU_SCORE,0.0,N,N,RISK_V4.0,2026-06-29,2026-06-29 19:43:12.437238
278,4.09,LOW,0.0,8.181818181818173,0.0,0.0,91.81818181818183,100.0,CREDIT_UTILIZATION,BUREAU_SCORE,0.0,N,N,RISK_V4.0,2026-06-29,2026-06-29 19:43:12.437238
279,5.18,LOW,0.0,10.36363636363636,0.0,0.0,89.63636363636364,100.0,CREDIT_UTILIZATION,BUREAU_SCORE,0.0,N,N,RISK_V4.0,2026-06-29,2026-06-29 19:43:12.437238
283,29.99,MODERATE,0.0,41.090909090909086,0.0,62.9334679922847,58.909090909090914,100.0,TRANSACTION_VELOCITY,CREDIT_UTILIZATION,0.0,N,N,RISK_V4.0,2026-06-29,2026-06-29 19:43:12.437238
284,12.0,LOW,0.0,24.0,0.0,0.0,76.0,100.0,CREDIT_UTILIZATION,BUREAU_SCORE,0.0,N,N,RISK_V4.0,2026-06-29,2026-06-29 19:43:12.437238
287,22.45,MODERATE,0.0,14.909090909090907,0.0,100.0,85.0909090909091,100.0,TRANSACTION_VELOCITY,CREDIT_UTILIZATION,0.0,N,N,RISK_V4.0,2026-06-29,2026-06-29 19:43:12.437238
288,15.45,LOW,0.0,30.909090909090907,0.0,0.0,69.0909090909091,100.0,CREDIT_UTILIZATION,BUREAU_SCORE,0.0,N,N,RISK_V4.0,2026-06-29,2026-06-29 19:43:12.437238
289,14.45,LOW,0.0,28.909090909090907,0.0,0.0,71.0909090909091,100.0,CREDIT_UTILIZATION,BUREAU_SCORE,0.0,N,N,RISK_V4.0,2026-06-29,2026-06-29 19:43:12.437238
290,16.75,LOW,0.0,19.454545454545453,0.0,46.83641624282349,80.54545454545455,100.0,TRANSACTION_VELOCITY,CREDIT_UTILIZATION,0.0,N,N,RISK_V4.0,2026-06-29,2026-06-29 19:43:12.437238
291,16.27,LOW,0.0,32.54545454545455,0.0,0.0,67.45454545454545,100.0,CREDIT_UTILIZATION,BUREAU_SCORE,0.0,N,N,RISK_V4.0,2026-06-29,2026-06-29 19:43:12.437238
292,21.54,MODERATE,0.0,32.18181818181817,0.0,36.34719710669078,67.81818181818183,100.0,TRANSACTION_VELOCITY,CREDIT_UTILIZATION,0.0,N,N,RISK_V4.0,2026-06-29,2026-06-29 19:43:12.437238
294,7.91,LOW,0.0,15.818181818181813,0.0,0.0,84.18181818181819,100.0,CREDIT_UTILIZATION,BUREAU_SCORE,0.0,N,N,RISK_V4.0,2026-06-29,2026-06-29 19:43:12.437238
296,30.38,MODERATE,0.0,40.36363636363637,0.0,68.01110775155557,59.63636363636363,100.0,TRANSACTION_VELOCITY,CREDIT_UTILIZATION,0.0,N,N,RISK_V4.0,2026-06-29,2026-06-29 19:43:12.437238
297,28.11,MODERATE,0.0,34.90909090909091,0.0,71.00886672821045,65.0909090909091,100.0,TRANSACTION_VELOCITY,CREDIT_UTILIZATION,0.0,N,N,RISK_V4.0,2026-06-29,2026-06-29 19:43:12.437238
298,17.63,LOW,0.0,22.909090909090907,0.0,41.18748283769842,77.0909090909091,100.0,TRANSACTION_VELOCITY,CREDIT_UTILIZATION,0.0,N,N,RISK_V4.0,2026-06-29,2026-06-29 19:43:12.437238
300,11.27,LOW,0.0,22.545454545454547,0.0,0.0,77.45454545454545,100.0,CREDIT_UTILIZATION,BUREAU_SCORE,0.0,N,N,RISK_V4.0,2026-06-29,2026-06-29 19:43:12.437238
301,15.98,LOW,0.0,18.909090909090907,0.0,43.48305857852396,81.0909090909091,100.0,TRANSACTION_VELOCITY,CREDIT_UTILIZATION,0.0,N,N,RISK_V4.0,2026-06-29,2026-06-29 19:43:12.437238
305,5.45,LOW,0.0,10.909090909090907,0.0,0.0,89.0909090909091,100.0,CREDIT_UTILIZATION,BUREAU_SCORE,0.0,N,N,RISK_V4.0,2026-06-29,2026-06-29 19:43:12.437238
308,14.36,LOW,0.0,28.72727272727272,0.0,0.0,71.27272727272728,100.0,CREDIT_UTILIZATION,BUREAU_SCORE,0.0,N,N,RISK_V4.0,2026-06-29,2026-06-29 19:43:12.437238
310,29.45,MODERATE,0.0,28.909090909090907,0.0,100.0,71.0909090909091,100.0,TRANSACTION_VELOCITY,CREDIT_UTILIZATION,0.0,N,N,RISK_V4.0,2026-06-29,2026-06-29 19:43:12.437238
311,1.36,LOW,0.0,2.7272727272727195,0.0,0.0,97.27272727272728,100.0,CREDIT_UTILIZATION,BUREAU_SCORE,0.0,N,N,RISK_V4.0,2026-06-29,2026-06-29 19:43:12.437238
312,23.33,MODERATE,0.0,22.727272727272734,0.0,79.77466249984182,77.27272727272727,100.0,TRANSACTION_VELOCITY,CREDIT_UTILIZATION,0.0,N,N,RISK_V4.0,2026-06-29,2026-06-29 19:43:12.437238
316,10.82,LOW,0.0,21.636363636363626,0.0,0.0,78.36363636363637,100.0,CREDIT_UTILIZATION,BUREAU_SCORE,0.0,N,N,RISK_V4.0,2026-06-29,2026-06-29 19:43:12.437238
317,2.04,LOW,0.0,2.5454545454545467,0.0,5.136971234998688,97.45454545454545,100.0,TRANSACTION_VELOCITY,CREDIT_UTILIZATION,0.0,N,N,RISK_V4.0,2026-06-29,2026-06-29 19:43:12.437238
318,10.55,LOW,0.0,21.090909090909093,0.0,0.0,78.9090909090909,100.0,CREDIT_UTILIZATION,BUREAU_SCORE,0.0,N,N,RISK_V4.0,2026-06-29,2026-06-29 19:43:12.437238
319,14.73,LOW,0.0,29.454545454545453,0.0,0.0,70.54545454545455,100.0,CREDIT_UTILIZATION,BUREAU_SCORE,0.0,N,N,RISK_V4.0,2026-06-29,2026-06-29 19:43:12.437238
323,13.36,LOW,0.0,26.72727272727272,0.0,0.0,73.27272727272728,100.0,CREDIT_UTILIZATION,BUREAU_SCORE,0.0,N,N,RISK_V4.0,2026-06-29,2026-06-29 19:43:12.437238
324,27.0,MODERATE,0.0,54.0,0.0,0.0,46.0,100.0,CREDIT_UTILIZATION,BUREAU_SCORE,0.0,N,N,RISK_V4.0,2026-06-29,2026-06-29 19:43:12.437238
328,18.8,LOW,0.0,36.18181818181818,0.0,4.741027370513673,63.81818181818182,100.0,CREDIT_UTILIZATION,BUREAU_SCORE,0.0,N,N,RISK_V4.0,2026-06-29,2026-06-29 19:43:12.437238
330,15.36,LOW,0.0,30.72727272727272,0.0,0.0,69.27272727272728,100.0,CREDIT_UTILIZATION,BUREAU_SCORE,0.0,N,N,RISK_V4.0,2026-06-29,2026-06-29 19:43:12.437238
333,7.91,LOW,0.0,15.818181818181813,0.0,0.0,84.18181818181819,100.0,CREDIT_UTILIZATION,BUREAU_SCORE,0.0,N,N,RISK_V4.0,2026-06-29,2026-06-29 19:43:12.437238
334,4.82,LOW,0.0,9.636363636363626,0.0,0.0,90.36363636363637,100.0,CREDIT_UTILIZATION,BUREAU_SCORE,0.0,N,N,RISK_V4.0,2026-06-29,2026-06-29 19:43:12.437238
336,4.82,LOW,0.0,9.636363636363626,0.0,0.0,90.36363636363637,100.0,CREDIT_UTILIZATION,BUREAU_SCORE,0.0,N,N,RISK_V4.0,2026-06-29,2026-06-29 19:43:12.437238
342,17.82,LOW,0.0,35.636363636363626,0.0,0.0,64.36363636363637,100.0,CREDIT_UTILIZATION,BUREAU_SCORE,0.0,N,N,RISK_V4.0,2026-06-29,2026-06-29 19:43:12.437238
343,5.18,LOW,0.0,10.36363636363636,0.0,0.0,89.63636363636364,100.0,CREDIT_UTILIZATION,BUREAU_SCORE,0.0,N,N,RISK_V4.0,2026-06-29,2026-06-29 19:43:12.437238
344,19.91,LOW,0.0,39.81818181818182,0.0,0.0,60.18181818181818,100.0,CREDIT_UTILIZATION,BUREAU_SCORE,0.0,N,N,RISK_V4.0,2026-06-29,2026-06-29 19:43:12.437238
348,7.82,LOW,0.0,15.63636363636364,0.0,0.0,84.36363636363636,100.0,CREDIT_UTILIZATION,BUREAU_SCORE,0.0,N,N,RISK_V4.0,2026-06-29,2026-06-29 19:43:12.437238
349,19.0,LOW,0.0,8.0,0.0,100.0,92.0,100.0,TRANSACTION_VELOCITY,CREDIT_UTILIZATION,0.0,N,N,RISK_V4.0,2026-06-29,2026-06-29 19:43:12.437238
350,6.36,LOW,0.0,12.727272727272734,0.0,0.0,87.27272727272727,100.0,CREDIT_UTILIZATION,BUREAU_SCORE,0.0,N,N,RISK_V4.0,2026-06-29,2026-06-29 19:43:12.437238
351,26.97,MODERATE,0.0,50.18181818181818,0.0,12.559596832173947,49.81818181818182,100.0,CREDIT_UTILIZATION,BUREAU_SCORE,0.0,N,N,RISK_V4.0,2026-06-29,2026-06-29 19:43:12.437238
354,22.14,MODERATE,0.0,42.36363636363636,0.0,6.416534613444746,57.63636363636364,100.0,CREDIT_UTILIZATION,BUREAU_SCORE,0.0,N,N,RISK_V4.0,2026-06-29,2026-06-29 19:43:12.437238
357,20.45,MODERATE,0.0,40.90909090909091,0.0,0.0,59.09090909090909,100.0,CREDIT_UTILIZATION,BUREAU_SCORE,0.0,N,N,RISK_V4.0,2026-06-29,2026-06-29 19:43:12.437238
358,7.45,LOW,0.0,14.909090909090907,0.0,0.0,85.0909090909091,100.0,CREDIT_UTILIZATION,BUREAU_SCORE,0.0,N,N,RISK_V4.0,2026-06-29,2026-06-29 19:43:12.437238
361,19.05,LOW,0.0,37.81818181818182,0.0,0.9125128826649065,62.18181818181818,100.0,CREDIT_UTILIZATION,BUREAU_SCORE,0.0,N,N,RISK_V4.0,2026-06-29,2026-06-29 19:43:12.437238
362,17.74,LOW,0.0,23.636363636363626,0.0,39.46885475797324,76.36363636363637,100.0,TRANSACTION_VELOCITY,CREDIT_UTILIZATION,0.0,N,N,RISK_V4.0,2026-06-29,2026-06-29 19:43:12.437238
363,35.51,MODERATE,0.0,47.27272727272728,0.0,79.16852980631192,52.72727272727272,100.0,TRANSACTION_VELOCITY,CREDIT_UTILIZATION,0.0,N,N,RISK_V4.0,2026-06-29,2026-06-29 19:43:12.437238
364,27.86,MODERATE,0.0,54.54545454545455,0.0,3.9316631781777356,45.45454545454545,100.0,CREDIT_UTILIZATION,BUREAU_SCORE,0.0,N,N,RISK_V4.0,2026-06-29,2026-06-29 19:43:12.437238
366,5.73,LOW,0.0,11.454545454545453,0.0,0.0,88.54545454545455,100.0,CREDIT_UTILIZATION,BUREAU_SCORE,0.0,N,N,RISK_V4.0,2026-06-29,2026-06-29 19:43:12.437238
373,30.55,MODERATE,0.0,31.090909090909093,0.0,100.0,68.9090909090909,100.0,TRANSACTION_VELOCITY,CREDIT_UTILIZATION,0.0,N,N,RISK_V4.0,2026-06-29,2026-06-29 19:43:12.437238
374,23.0,MODERATE,0.0,16.0,0.0,100.0,84.0,100.0,TRANSACTION_VELOCITY,CREDIT_UTILIZATION,0.0,N,N,RISK_V4.0,2026-06-29,2026-06-29 19:43:12.437238
375,11.55,LOW,0.0,23.090909090909093,0.0,0.0,76.9090909090909,100.0,CREDIT_UTILIZATION,BUREAU_SCORE,0.0,N,N,RISK_V4.0,2026-06-29,2026-06-29 19:43:12.437238
378,16.09,LOW,0.0,32.18181818181817,0.0,0.0,67.81818181818183,100.0,CREDIT_UTILIZATION,BUREAU_SCORE,0.0,N,N,RISK_V4.0,2026-06-29,2026-06-29 19:43:12.437238
379,12.84,LOW,0.0,17.090909090909093,0.0,28.64369443004665,82.9090909090909,100.0,TRANSACTION_VELOCITY,CREDIT_UTILIZATION,0.0,N,N,RISK_V4.0,2026-06-29,2026-06-29 19:43:12.437238
381,10.64,LOW,0.0,21.27272727272728,0.0,0.0,78.72727272727272,100.0,CREDIT_UTILIZATION,BUREAU_SCORE,0.0,N,N,RISK_V4.0,2026-06-29,2026-06-29 19:43:12.437238
383,26.42,MODERATE,0.0,37.090909090909086,0.0,52.512245560777096,62.909090909090914,100.0,TRANSACTION_VELOCITY,CREDIT_UTILIZATION,0.0,N,N,RISK_V4.0,2026-06-29,2026-06-29 19:43:12.437238
385,24.73,MODERATE,0.0,49.45454545454545,0.0,0.0,50.54545454545455,100.0,CREDIT_UTILIZATION,BUREAU_SCORE,0.0,N,N,RISK_V4.0,2026-06-29,2026-06-29 19:43:12.437238
387,38.0,MODERATE,0.0,46.0,0.0,100.0,54.0,100.0,TRANSACTION_VELOCITY,CREDIT_UTILIZATION,0.0,N,N,RISK_V4.0,2026-06-29,2026-06-29 19:43:12.437238
388,9.36,LOW,0.0,15.63636363636364,0.0,10.253833415500523,84.36363636363636,100.0,CREDIT_UTILIZATION,BUREAU_SCORE,0.0,N,N,RISK_V4.0,2026-06-29,2026-06-29 19:43:12.437238
390,33.27,MODERATE,0.0,36.54545454545455,0.0,100.0,63.45454545454545,100.0,TRANSACTION_VELOCITY,CREDIT_UTILIZATION,0.0,N,N,RISK_V4.0,2026-06-29,2026-06-29 19:43:12.437238
392,7.09,LOW,0.0,14.181818181818187,0.0,0.0,85.81818181818181,100.0,CREDIT_UTILIZATION,BUREAU_SCORE,0.0,N,N,RISK_V4.0,2026-06-29,2026-06-29 19:43:12.437238
395,8.09,LOW,0.0,16.181818181818187,0.0,0.0,83.81818181818181,100.0,CREDIT_UTILIZATION,BUREAU_SCORE,0.0,N,N,RISK_V4.0,2026-06-29,2026-06-29 19:43:12.437238
399,24.84,MODERATE,0.0,34.90909090909091,0.0,49.220926890829794,65.0909090909091,100.0,TRANSACTION_VELOCITY,CREDIT_UTILIZATION,0.0,N,N,RISK_V4.0,2026-06-29,2026-06-29 19:43:12.437238
400,12.55,LOW,0.0,25.09090909090908,0.0,0.0,74.90909090909092,100.0,CREDIT_UTILIZATION,BUREAU_SCORE,0.0,N,N,RISK_V4.0,2026-06-29,2026-06-29 19:43:12.437238
401,10.55,LOW,0.0,21.090909090909093,0.0,0.0,78.9090909090909,100.0,CREDIT_UTILIZATION,BUREAU_SCORE,0.0,N,N,RISK_V4.0,2026-06-29,2026-06-29 19:43:12.437238
405,19.23,LOW,0.0,17.272727272727266,0.0,70.65045669977663,82.72727272727273,100.0,TRANSACTION_VELOCITY,CREDIT_UTILIZATION,0.0,N,N,RISK_V4.0,2026-06-29,2026-06-29 19:43:12.437238
407,31.06,MODERATE,0.0,48.54545454545455,0.0,45.25094788252682,51.45454545454545,100.0,CREDIT_UTILIZATION,BUREAU_SCORE,0.0,N,N,RISK_V4.0,2026-06-29,2026-06-29 19:43:12.437238
410,15.0,LOW,0.0,30.0,0.0,0.0,70.0,100.0,CREDIT_UTILIZATION,BUREAU_SCORE,0.0,N,N,RISK_V4.0,2026-06-29,2026-06-29 19:43:12.437238
414,19.82,LOW,0.0,39.63636363636363,0.0,0.0,60.36363636363637,100.0,CREDIT_UTILIZATION,BUREAU_SCORE,0.0,N,N,RISK_V4.0,2026-06-29,2026-06-29 19:43:12.437238
415,5.0,LOW,0.0,10.0,0.0,0.0,90.0,100.0,CREDIT_UTILIZATION,BUREAU_SCORE,0.0,N,N,RISK_V4.0,2026-06-29,2026-06-29 19:43:12.437238
417,25.57,MODERATE,0.0,38.54545454545455,0.0,42.013312479249244,61.45454545454545,100.0,TRANSACTION_VELOCITY,CREDIT_UTILIZATION,0.0,N,N,RISK_V4.0,2026-06-29,2026-06-29 19:43:12.437238
419,18.91,LOW,0.0,37.81818181818182,0.0,0.0,62.18181818181818,100.0,CREDIT_UTILIZATION,BUREAU_SCORE,0.0,N,N,RISK_V4.0,2026-06-29,2026-06-29 19:43:12.437238
421,24.13,MODERATE,0.0,28.72727272727272,0.0,65.12828101588946,71.27272727272728,100.0,TRANSACTION_VELOCITY,CREDIT_UTILIZATION,0.0,N,N,RISK_V4.0,2026-06-29,2026-06-29 19:43:12.437238
426,8.91,LOW,0.0,17.818181818181827,0.0,0.0,82.18181818181817,100.0,CREDIT_UTILIZATION,BUREAU_SCORE,0.0,N,N,RISK_V4.0,2026-06-29,2026-06-29 19:43:12.437238
430,13.91,LOW,0.0,27.818181818181813,0.0,0.0,72.18181818181819,100.0,CREDIT_UTILIZATION,BUREAU_SCORE,0.0,N,N,RISK_V4.0,2026-06-29,2026-06-29 19:43:12.437238
431,16.69,LOW,0.0,31.090909090909093,0.0,7.597592644447094,68.9090909090909,100.0,CREDIT_UTILIZATION,BUREAU_SCORE,0.0,N,N,RISK_V4.0,2026-06-29,2026-06-29 19:43:12.437238
432,26.82,MODERATE,0.0,53.63636363636364,0.0,0.0,46.36363636363636,100.0,CREDIT_UTILIZATION,BUREAU_SCORE,0.0,N,N,RISK_V4.0,2026-06-29,2026-06-29 19:43:12.437238
436,20.64,MODERATE,0.0,41.27272727272727,0.0,0.0,58.72727272727273,100.0,CREDIT_UTILIZATION,BUREAU_SCORE,0.0,N,N,RISK_V4.0,2026-06-29,2026-06-29 19:43:12.437238
439,14.09,LOW,0.0,28.181818181818187,0.0,0.0,71.81818181818181,100.0,CREDIT_UTILIZATION,BUREAU_SCORE,0.0,N,N,RISK_V4.0,2026-06-29,2026-06-29 19:43:12.437238
443,24.73,MODERATE,0.0,19.454545454545453,0.0,100.0,80.54545454545455,100.0,TRANSACTION_VELOCITY,CREDIT_UTILIZATION,0.0,N,N,RISK_V4.0,2026-06-29,2026-06-29 19:43:12.437238
444,15.0,LOW,0.0,0.0,0.0,100.0,100.0,100.0,TRANSACTION_VELOCITY,,0.0,N,N,RISK_V4.0,2026-06-29,2026-06-29 19:43:12.437238
450,11.09,LOW,0.0,22.181818181818187,0.0,0.0,77.81818181818181,100.0,CREDIT_UTILIZATION,BUREAU_SCORE,0.0,N,N,RISK_V4.0,2026-06-29,2026-06-29 19:43:12.437238
451,12.09,LOW,0.0,24.181818181818187,0.0,0.0,75.81818181818181,100.0,CREDIT_UTILIZATION,BUREAU_SCORE,0.0,N,N,RISK_V4.0,2026-06-29,2026-06-29 19:43:12.437238
452,26.55,MODERATE,0.0,53.090909090909086,0.0,0.0,46.909090909090914,100.0,CREDIT_UTILIZATION,BUREAU_SCORE,0.0,N,N,RISK_V4.0,2026-06-29,2026-06-29 19:43:12.437238
453,17.39,LOW,0.0,25.818181818181813,0.0,29.9044826275496,74.18181818181819,100.0,TRANSACTION_VELOCITY,CREDIT_UTILIZATION,0.0,N,N,RISK_V4.0,2026-06-29,2026-06-29 19:43:12.437238
456,16.91,LOW,0.0,33.81818181818181,0.0,0.0,66.18181818181819,100.0,CREDIT_UTILIZATION,BUREAU_SCORE,0.0,N,N,RISK_V4.0,2026-06-29,2026-06-29 19:43:12.437238
458,24.64,MODERATE,0.0,49.272727272727266,0.0,0.0,50.727272727272734,100.0,CREDIT_UTILIZATION,BUREAU_SCORE,0.0,N,N,RISK_V4.0,2026-06-29,2026-06-29 19:43:12.437238
459,22.45,MODERATE,0.0,14.909090909090907,0.0,100.0,85.0909090909091,100.0,TRANSACTION_VELOCITY,CREDIT_UTILIZATION,0.0,N,N,RISK_V4.0,2026-06-29,2026-06-29 19:43:12.437238
460,17.59,LOW,0.0,27.818181818181813,0.0,24.512635379061376,72.18181818181819,100.0,CREDIT_UTILIZATION,BUREAU_SCORE,0.0,N,N,RISK_V4.0,2026-06-29,2026-06-29 19:43:12.437238
461,7.82,LOW,0.0,15.63636363636364,0.0,0.0,84.36363636363636,100.0,CREDIT_UTILIZATION,BUREAU_SCORE,0.0,N,N,RISK_V4.0,2026-06-29,2026-06-29 19:43:12.437238
462,3.0,LOW,0.0,6.0,0.0,0.0,94.0,100.0,CREDIT_UTILIZATION,BUREAU_SCORE,0.0,N,N,RISK_V4.0,2026-06-29,2026-06-29 19:43:12.437238
466,16.73,LOW,0.0,33.45454545454545,0.0,0.0,66.54545454545455,100.0,CREDIT_UTILIZATION,BUREAU_SCORE,0.0,N,N,RISK_V4.0,2026-06-29,2026-06-29 19:43:12.437238
471,18.45,LOW,0.0,36.909090909090914,0.0,0.0,63.090909090909086,100.0,CREDIT_UTILIZATION,BUREAU_SCORE,0.0,N,N,RISK_V4.0,2026-06-29,2026-06-29 19:43:12.437238
480,26.82,MODERATE,0.0,47.63636363636363,0.0,20.034863459523656,52.36363636363637,100.0,CREDIT_UTILIZATION,BUREAU_SCORE,0.0,N,N,RISK_V4.0,2026-06-29,2026-06-29 19:43:12.437238
483,10.36,LOW,0.0,20.727272727272734,0.0,0.0,79.27272727272727,100.0,CREDIT_UTILIZATION,BUREAU_SCORE,0.0,N,N,RISK_V4.0,2026-06-29,2026-06-29 19:43:12.437238
491,25.27,MODERATE,0.0,50.54545454545455,0.0,0.0,49.45454545454545,100.0,CREDIT_UTILIZATION,BUREAU_SCORE,0.0,N,N,RISK_V4.0,2026-06-29,2026-06-29 19:43:12.437238
492,17.31,LOW,0.0,16.181818181818187,0.0,61.43130189901542,83.81818181818181,100.0,TRANSACTION_VELOCITY,CREDIT_UTILIZATION,0.0,N,N,RISK_V4.0,2026-06-29,2026-06-29 19:43:12.437238
493,7.36,LOW,0.0,14.72727272727272,0.0,0.0,85.27272727272728,100.0,CREDIT_UTILIZATION,BUREAU_SCORE,0.0,N,N,RISK_V4.0,2026-06-29,2026-06-29 19:43:12.437238
494,4.55,LOW,0.0,9.090909090909093,0.0,0.0,90.9090909090909,100.0,CREDIT_UTILIZATION,BUREAU_SCORE,0.0,N,N,RISK_V4.0,2026-06-29,2026-06-29 19:43:12.437238
495,16.81,LOW,0.0,19.63636363636364,0.0,46.63533726626024,80.36363636363636,100.0,TRANSACTION_VELOCITY,CREDIT_UTILIZATION,0.0,N,N,RISK_V4.0,2026-06-29,2026-06-29 19:43:12.437238
496,14.44,LOW,0.0,14.72727272727272,0.0,47.208039109179786,85.27272727272728,100.0,TRANSACTION_VELOCITY,CREDIT_UTILIZATION,0.0,N,N,RISK_V4.0,2026-06-29,2026-06-29 19:43:12.437238
497,4.88,LOW,0.0,2.181818181818187,0.0,25.29214877225381,97.81818181818181,100.0,TRANSACTION_VELOCITY,CREDIT_UTILIZATION,0.0,N,N,RISK_V4.0,2026-06-29,2026-06-29 19:43:12.437238
498,18.17,LOW,0.0,35.09090909090909,0.0,4.16790100950254,64.9090909090909,100.0,CREDIT_UTILIZATION,BUREAU_SCORE,0.0,N,N,RISK_V4.0,2026-06-29,2026-06-29 19:43:12.437238
3,25.27,MODERATE,0.0,50.54545454545455,0.0,0.0,49.45454545454545,100.0,CREDIT_UTILIZATION,BUREAU_SCORE,0.0,N,N,RISK_V4.0,2026-06-29,2026-06-29 19:43:12.437238
9,27.45,MODERATE,0.0,54.90909090909091,0.0,0.0,45.09090909090909,100.0,CREDIT_UTILIZATION,BUREAU_SCORE,0.0,N,N,RISK_V4.0,2026-06-29,2026-06-29 19:43:12.437238
14,16.21,LOW,0.0,22.909090909090907,0.0,31.69046860218644,77.0909090909091,100.0,TRANSACTION_VELOCITY,CREDIT_UTILIZATION,0.0,N,N,RISK_V4.0,2026-06-29,2026-06-29 19:43:12.437238
18,24.79,MODERATE,0.0,30.72727272727272,0.0,62.84873486370668,69.27272727272728,100.0,TRANSACTION_VELOCITY,CREDIT_UTILIZATION,0.0,N,N,RISK_V4.0,2026-06-29,2026-06-29 19:43:12.437238
20,6.91,LOW,0.0,13.818181818181813,0.0,0.0,86.18181818181819,100.0,CREDIT_UTILIZATION,BUREAU_SCORE,0.0,N,N,RISK_V4.0,2026-06-29,2026-06-29 19:43:12.437238
23,16.03,LOW,0.0,22.0,0.0,33.53754702530522,78.0,100.0,TRANSACTION_VELOCITY,CREDIT_UTILIZATION,0.0,N,N,RISK_V4.0,2026-06-29,2026-06-29 19:43:12.437238
27,23.07,MODERATE,0.0,40.72727272727272,0.0,18.05434115305191,59.27272727272728,100.0,CREDIT_UTILIZATION,BUREAU_SCORE,0.0,N,N,RISK_V4.0,2026-06-29,2026-06-29 19:43:12.437238
31,14.27,LOW,0.0,28.545454545454547,0.0,0.0,71.45454545454545,100.0,CREDIT_UTILIZATION,BUREAU_SCORE,0.0,N,N,RISK_V4.0,2026-06-29,2026-06-29 19:43:12.437238
33,11.27,LOW,0.0,22.545454545454547,0.0,0.0,77.45454545454545,100.0,CREDIT_UTILIZATION,BUREAU_SCORE,0.0,N,N,RISK_V4.0,2026-06-29,2026-06-29 19:43:12.437238
49,20.73,MODERATE,0.0,41.45454545454545,0.0,0.0,58.54545454545455,100.0,CREDIT_UTILIZATION,BUREAU_SCORE,0.0,N,N,RISK_V4.0,2026-06-29,2026-06-29 19:43:12.437238
55,31.45,MODERATE,0.0,32.90909090909091,0.0,100.0,67.0909090909091,100.0,TRANSACTION_VELOCITY,CREDIT_UTILIZATION,0.0,N,N,RISK_V4.0,2026-06-29,2026-06-29 19:43:12.437238
71,15.82,LOW,0.0,31.63636363636364,0.0,0.0,68.36363636363636,100.0,CREDIT_UTILIZATION,BUREAU_SCORE,0.0,N,N,RISK_V4.0,2026-06-29,2026-06-29 19:43:12.437238
74,15.0,LOW,0.0,27.63636363636364,0.0,7.875832096843494,72.36363636363636,100.0,CREDIT_UTILIZATION,BUREAU_SCORE,0.0,N,N,RISK_V4.0,2026-06-29,2026-06-29 19:43:12.437238
85,22.93,MODERATE,0.0,38.727272727272734,0.0,23.77111454402715,61.272727272727266,100.0,CREDIT_UTILIZATION,BUREAU_SCORE,0.0,N,N,RISK_V4.0,2026-06-29,2026-06-29 19:43:12.437238
88,12.55,LOW,0.0,25.09090909090908,0.0,0.0,74.90909090909092,100.0,CREDIT_UTILIZATION,BUREAU_SCORE,0.0,N,N,RISK_V4.0,2026-06-29,2026-06-29 19:43:12.437238
97,13.6,LOW,0.0,0.0,0.0,90.64040843669771,100.0,100.0,TRANSACTION_VELOCITY,,0.0,N,N,RISK_V4.0,2026-06-29,2026-06-29 19:43:12.437238
106,9.73,LOW,0.0,19.454545454545453,0.0,0.0,80.54545454545455,100.0,CREDIT_UTILIZATION,BUREAU_SCORE,0.0,N,N,RISK_V4.0,2026-06-29,2026-06-29 19:43:12.437238
107,14.36,LOW,0.0,28.72727272727272,0.0,0.0,71.27272727272728,100.0,CREDIT_UTILIZATION,BUREAU_SCORE,0.0,N,N,RISK_V4.0,2026-06-29,2026-06-29 19:43:12.437238
118,34.82,MODERATE,0.0,39.63636363636363,0.0,100.0,60.36363636363637,100.0,TRANSACTION_VELOCITY,CREDIT_UTILIZATION,0.0,N,N,RISK_V4.0,2026-06-29,2026-06-29 19:43:12.437238
120,3.55,LOW,0.0,7.0909090909090935,0.0,0.0,92.9090909090909,100.0,CREDIT_UTILIZATION,BUREAU_SCORE,0.0,N,N,RISK_V4.0,2026-06-29,2026-06-29 19:43:12.437238
126,32.89,MODERATE,0.0,52.18181818181818,0.0,45.34974599452911,47.81818181818182,100.0,CREDIT_UTILIZATION,BUREAU_SCORE,0.0,N,N,RISK_V4.0,2026-06-29,2026-06-29 19:43:12.437238
131,2.09,LOW,0.0,4.181818181818187,0.0,0.0,95.81818181818181,100.0,CREDIT_UTILIZATION,BUREAU_SCORE,0.0,N,N,RISK_V4.0,2026-06-29,2026-06-29 19:43:12.437238
133,10.19,LOW,0.0,10.727272727272734,0.0,32.2016272098856,89.27272727272727,100.0,TRANSACTION_VELOCITY,CREDIT_UTILIZATION,0.0,N,N,RISK_V4.0,2026-06-29,2026-06-29 19:43:12.437238
152,23.45,MODERATE,0.0,16.909090909090907,0.0,100.0,83.0909090909091,100.0,TRANSACTION_VELOCITY,CREDIT_UTILIZATION,0.0,N,N,RISK_V4.0,2026-06-29,2026-06-29 19:43:12.437238
154,22.64,MODERATE,0.0,15.272727272727266,0.0,100.0,84.72727272727273,100.0,TRANSACTION_VELOCITY,CREDIT_UTILIZATION,0.0,N,N,RISK_V4.0,2026-06-29,2026-06-29 19:43:12.437238
168,14.73,LOW,0.0,29.454545454545453,0.0,0.0,70.54545454545455,100.0,CREDIT_UTILIZATION,BUREAU_SCORE,0.0,N,N,RISK_V4.0,2026-06-29,2026-06-29 19:43:12.437238
169,5.18,LOW,0.0,10.36363636363636,0.0,0.0,89.63636363636364,100.0,CREDIT_UTILIZATION,BUREAU_SCORE,0.0,N,N,RISK_V4.0,2026-06-29,2026-06-29 19:43:12.437238
172,10.55,LOW,0.0,21.090909090909093,0.0,0.0,78.9090909090909,100.0,CREDIT_UTILIZATION,BUREAU_SCORE,0.0,N,N,RISK_V4.0,2026-06-29,2026-06-29 19:43:12.437238
175,31.09,MODERATE,0.0,32.18181818181817,0.0,100.0,67.81818181818183,100.0,TRANSACTION_VELOCITY,CREDIT_UTILIZATION,0.0,N,N,RISK_V4.0,2026-06-29,2026-06-29 19:43:12.437238
187,11.45,LOW,0.0,22.909090909090907,0.0,0.0,77.0909090909091,100.0,CREDIT_UTILIZATION,BUREAU_SCORE,0.0,N,N,RISK_V4.0,2026-06-29,2026-06-29 19:43:12.437238
195,10.27,LOW,0.0,20.545454545454547,0.0,0.0,79.45454545454545,100.0,CREDIT_UTILIZATION,BUREAU_SCORE,0.0,N,N,RISK_V4.0,2026-06-29,2026-06-29 19:43:12.437238
205,14.73,LOW,0.0,29.454545454545453,0.0,0.0,70.54545454545455,100.0,CREDIT_UTILIZATION,BUREAU_SCORE,0.0,N,N,RISK_V4.0,2026-06-29,2026-06-29 19:43:12.437238
206,10.89,LOW,0.0,5.63636363636364,0.0,53.83953203758634,94.36363636363636,100.0,TRANSACTION_VELOCITY,CREDIT_UTILIZATION,0.0,N,N,RISK_V4.0,2026-06-29,2026-06-29 19:43:12.437238
207,16.09,LOW,0.0,32.18181818181817,0.0,0.0,67.81818181818183,100.0,CREDIT_UTILIZATION,BUREAU_SCORE,0.0,N,N,RISK_V4.0,2026-06-29,2026-06-29 19:43:12.437238
208,24.7,MODERATE,0.0,25.63636363636364,0.0,79.17905050494383,74.36363636363636,100.0,TRANSACTION_VELOCITY,CREDIT_UTILIZATION,0.0,N,N,RISK_V4.0,2026-06-29,2026-06-29 19:43:12.437238
211,24.0,MODERATE,0.0,48.0,0.0,0.0,52.0,100.0,CREDIT_UTILIZATION,BUREAU_SCORE,0.0,N,N,RISK_V4.0,2026-06-29,2026-06-29 19:43:12.437238
216,12.18,LOW,0.0,24.36363636363636,0.0,0.0,75.63636363636364,100.0,CREDIT_UTILIZATION,BUREAU_SCORE,0.0,N,N,RISK_V4.0,2026-06-29,2026-06-29 19:43:12.437238
217,13.45,LOW,0.0,26.909090909090907,0.0,0.0,73.0909090909091,100.0,CREDIT_UTILIZATION,BUREAU_SCORE,0.0,N,N,RISK_V4.0,2026-06-29,2026-06-29 19:43:12.437238
219,13.35,LOW,0.0,14.363636363636374,0.0,41.12788651158844,85.63636363636363,100.0,TRANSACTION_VELOCITY,CREDIT_UTILIZATION,0.0,N,N,RISK_V4.0,2026-06-29,2026-06-29 19:43:12.437238
221,26.9,MODERATE,0.0,39.63636363636363,0.0,47.22486541980893,60.36363636363637,100.0,TRANSACTION_VELOCITY,CREDIT_UTILIZATION,0.0,N,N,RISK_V4.0,2026-06-29,2026-06-29 19:43:12.437238
222,11.15,LOW,0.0,18.36363636363636,0.0,13.142037871480106,81.63636363636364,100.0,CREDIT_UTILIZATION,BUREAU_SCORE,0.0,N,N,RISK_V4.0,2026-06-29,2026-06-29 19:43:12.437238
230,16.18,LOW,0.0,32.36363636363636,0.0,0.0,67.63636363636364,100.0,CREDIT_UTILIZATION,BUREAU_SCORE,0.0,N,N,RISK_V4.0,2026-06-29,2026-06-29 19:43:12.437238
235,29.64,MODERATE,0.0,29.272727272727266,0.0,100.0,70.72727272727273,100.0,TRANSACTION_VELOCITY,CREDIT_UTILIZATION,0.0,N,N,RISK_V4.0,2026-06-29,2026-06-29 19:43:12.437238
236,26.82,MODERATE,0.0,23.636363636363626,0.0,100.0,76.36363636363637,100.0,TRANSACTION_VELOCITY,CREDIT_UTILIZATION,0.0,N,N,RISK_V4.0,2026-06-29,2026-06-29 19:43:12.437238
245,1.55,LOW,0.0,3.0909090909090935,0.0,0.0,96.9090909090909,100.0,CREDIT_UTILIZATION,BUREAU_SCORE,0.0,N,N,RISK_V4.0,2026-06-29,2026-06-29 19:43:12.437238
255,17.27,LOW,0.0,34.54545454545455,0.0,0.0,65.45454545454545,100.0,CREDIT_UTILIZATION,BUREAU_SCORE,0.0,N,N,RISK_V4.0,2026-06-29,2026-06-29 19:43:12.437238
259,22.0,MODERATE,0.0,43.99999999999999,0.0,0.0,56.00000000000001,100.0,CREDIT_UTILIZATION,BUREAU_SCORE,0.0,N,N,RISK_V4.0,2026-06-29,2026-06-29 19:43:12.437238
276,11.45,LOW,0.0,22.909090909090907,0.0,0.0,77.0909090909091,100.0,CREDIT_UTILIZATION,BUREAU_SCORE,0.0,N,N,RISK_V4.0,2026-06-29,2026-06-29 19:43:12.437238
280,9.36,LOW,0.0,18.72727272727272,0.0,0.0,81.27272727272728,100.0,CREDIT_UTILIZATION,BUREAU_SCORE,0.0,N,N,RISK_V4.0,2026-06-29,2026-06-29 19:43:12.437238
282,24.7,MODERATE,0.0,28.0,0.0,71.34556102636216,72.0,100.0,TRANSACTION_VELOCITY,CREDIT_UTILIZATION,0.0,N,N,RISK_V4.0,2026-06-29,2026-06-29 19:43:12.437238
285,6.55,LOW,0.0,13.090909090909093,0.0,0.0,86.9090909090909,100.0,CREDIT_UTILIZATION,BUREAU_SCORE,0.0,N,N,RISK_V4.0,2026-06-29,2026-06-29 19:43:12.437238
286,8.64,LOW,0.0,17.272727272727266,0.0,0.0,82.72727272727273,100.0,CREDIT_UTILIZATION,BUREAU_SCORE,0.0,N,N,RISK_V4.0,2026-06-29,2026-06-29 19:43:12.437238
295,22.24,MODERATE,0.0,28.0,0.0,54.91735286381936,72.0,100.0,TRANSACTION_VELOCITY,CREDIT_UTILIZATION,0.0,N,N,RISK_V4.0,2026-06-29,2026-06-29 19:43:12.437238
304,21.42,MODERATE,0.0,26.181818181818187,0.0,55.51025260213234,73.81818181818181,100.0,TRANSACTION_VELOCITY,CREDIT_UTILIZATION,0.0,N,N,RISK_V4.0,2026-06-29,2026-06-29 19:43:12.437238
307,23.37,MODERATE,0.0,40.72727272727272,0.0,20.034390143386993,59.27272727272728,100.0,CREDIT_UTILIZATION,BUREAU_SCORE,0.0,N,N,RISK_V4.0,2026-06-29,2026-06-29 19:43:12.437238
321,13.82,LOW,0.0,27.63636363636364,0.0,0.0,72.36363636363636,100.0,CREDIT_UTILIZATION,BUREAU_SCORE,0.0,N,N,RISK_V4.0,2026-06-29,2026-06-29 19:43:12.437238
322,19.45,LOW,0.0,8.909090909090907,0.0,100.0,91.0909090909091,100.0,TRANSACTION_VELOCITY,CREDIT_UTILIZATION,0.0,N,N,RISK_V4.0,2026-06-29,2026-06-29 19:43:12.437238
327,9.27,LOW,0.0,18.545454545454547,0.0,0.0,81.45454545454545,100.0,CREDIT_UTILIZATION,BUREAU_SCORE,0.0,N,N,RISK_V4.0,2026-06-29,2026-06-29 19:43:12.437238
331,29.03,MODERATE,0.0,34.0,0.0,80.20147330966726,66.0,100.0,TRANSACTION_VELOCITY,CREDIT_UTILIZATION,0.0,N,N,RISK_V4.0,2026-06-29,2026-06-29 19:43:12.437238
338,13.72,LOW,0.0,10.0,0.0,58.10923147262979,90.0,100.0,TRANSACTION_VELOCITY,CREDIT_UTILIZATION,0.0,N,N,RISK_V4.0,2026-06-29,2026-06-29 19:43:12.437238
339,12.55,LOW,0.0,25.09090909090908,0.0,0.0,74.90909090909092,100.0,CREDIT_UTILIZATION,BUREAU_SCORE,0.0,N,N,RISK_V4.0,2026-06-29,2026-06-29 19:43:12.437238
345,15.36,LOW,0.0,30.72727272727272,0.0,0.0,69.27272727272728,100.0,CREDIT_UTILIZATION,BUREAU_SCORE,0.0,N,N,RISK_V4.0,2026-06-29,2026-06-29 19:43:12.437238
346,9.45,LOW,0.0,18.909090909090907,0.0,0.0,81.0909090909091,100.0,CREDIT_UTILIZATION,BUREAU_SCORE,0.0,N,N,RISK_V4.0,2026-06-29,2026-06-29 19:43:12.437238
353,6.18,LOW,0.0,12.36363636363636,0.0,0.0,87.63636363636364,100.0,CREDIT_UTILIZATION,BUREAU_SCORE,0.0,N,N,RISK_V4.0,2026-06-29,2026-06-29 19:43:12.437238
356,8.55,LOW,0.0,17.090909090909093,0.0,0.0,82.9090909090909,100.0,CREDIT_UTILIZATION,BUREAU_SCORE,0.0,N,N,RISK_V4.0,2026-06-29,2026-06-29 19:43:12.437238
360,8.64,LOW,0.0,17.272727272727266,0.0,0.0,82.72727272727273,100.0,CREDIT_UTILIZATION,BUREAU_SCORE,0.0,N,N,RISK_V4.0,2026-06-29,2026-06-29 19:43:12.437238
369,29.0,MODERATE,0.0,28.0,0.0,100.0,72.0,100.0,TRANSACTION_VELOCITY,CREDIT_UTILIZATION,0.0,N,N,RISK_V4.0,2026-06-29,2026-06-29 19:43:12.437238
370,23.4,MODERATE,0.0,37.45454545454545,0.0,31.122738846665378,62.54545454545455,100.0,CREDIT_UTILIZATION,BUREAU_SCORE,0.0,N,N,RISK_V4.0,2026-06-29,2026-06-29 19:43:12.437238
371,14.18,LOW,0.0,28.363636363636374,0.0,0.0,71.63636363636363,100.0,CREDIT_UTILIZATION,BUREAU_SCORE,0.0,N,N,RISK_V4.0,2026-06-29,2026-06-29 19:43:12.437238
372,25.09,MODERATE,0.0,20.181818181818173,0.0,100.0,79.81818181818183,100.0,TRANSACTION_VELOCITY,CREDIT_UTILIZATION,0.0,N,N,RISK_V4.0,2026-06-29,2026-06-29 19:43:12.437238
382,21.16,MODERATE,0.0,33.81818181818181,0.0,28.322696036260886,66.18181818181819,100.0,CREDIT_UTILIZATION,BUREAU_SCORE,0.0,N,N,RISK_V4.0,2026-06-29,2026-06-29 19:43:12.437238
386,14.64,LOW,0.0,29.272727272727266,0.0,0.0,70.72727272727273,100.0,CREDIT_UTILIZATION,BUREAU_SCORE,0.0,N,N,RISK_V4.0,2026-06-29,2026-06-29 19:43:12.437238
394,11.36,LOW,0.0,22.727272727272734,0.0,0.0,77.27272727272727,100.0,CREDIT_UTILIZATION,BUREAU_SCORE,0.0,N,N,RISK_V4.0,2026-06-29,2026-06-29 19:43:12.437238
418,7.82,LOW,0.0,15.63636363636364,0.0,0.0,84.36363636363636,100.0,CREDIT_UTILIZATION,BUREAU_SCORE,0.0,N,N,RISK_V4.0,2026-06-29,2026-06-29 19:43:12.437238
422,28.09,MODERATE,0.0,56.18181818181818,0.0,0.0,43.81818181818182,100.0,CREDIT_UTILIZATION,BUREAU_SCORE,0.0,N,N,RISK_V4.0,2026-06-29,2026-06-29 19:43:12.437238
429,28.28,MODERATE,0.0,26.909090909090907,0.0,98.84737435993532,73.0909090909091,100.0,TRANSACTION_VELOCITY,CREDIT_UTILIZATION,0.0,N,N,RISK_V4.0,2026-06-29,2026-06-29 19:43:12.437238
434,40.91,ELEVATED,0.0,51.81818181818182,0.0,100.0,48.18181818181818,100.0,TRANSACTION_VELOCITY,CREDIT_UTILIZATION,0.0,N,N,RISK_V4.0,2026-06-29,2026-06-29 19:43:12.437238
435,24.91,MODERATE,0.0,19.818181818181827,0.0,100.0,80.18181818181817,100.0,TRANSACTION_VELOCITY,CREDIT_UTILIZATION,0.0,N,N,RISK_V4.0,2026-06-29,2026-06-29 19:43:12.437238
440,12.73,LOW,0.0,25.454545454545453,0.0,0.0,74.54545454545455,100.0,CREDIT_UTILIZATION,BUREAU_SCORE,0.0,N,N,RISK_V4.0,2026-06-29,2026-06-29 19:43:12.437238
441,5.91,LOW,0.0,11.818181818181813,0.0,0.0,88.18181818181819,100.0,CREDIT_UTILIZATION,BUREAU_SCORE,0.0,N,N,RISK_V4.0,2026-06-29,2026-06-29 19:43:12.437238
448,14.0,LOW,0.0,28.0,0.0,0.0,72.0,100.0,CREDIT_UTILIZATION,BUREAU_SCORE,0.0,N,N,RISK_V4.0,2026-06-29,2026-06-29 19:43:12.437238
455,17.79,LOW,0.0,30.545454545454547,0.0,16.81103642554549,69.45454545454545,100.0,CREDIT_UTILIZATION,BUREAU_SCORE,0.0,N,N,RISK_V4.0,2026-06-29,2026-06-29 19:43:12.437238
457,21.55,MODERATE,0.0,43.09090909090909,0.0,0.0,56.90909090909091,100.0,CREDIT_UTILIZATION,BUREAU_SCORE,0.0,N,N,RISK_V4.0,2026-06-29,2026-06-29 19:43:12.437238
463,6.91,LOW,0.0,13.818181818181813,0.0,0.0,86.18181818181819,100.0,CREDIT_UTILIZATION,BUREAU_SCORE,0.0,N,N,RISK_V4.0,2026-06-29,2026-06-29 19:43:12.437238
464,16.18,LOW,0.0,32.36363636363636,0.0,0.0,67.63636363636364,100.0,CREDIT_UTILIZATION,BUREAU_SCORE,0.0,N,N,RISK_V4.0,2026-06-29,2026-06-29 19:43:12.437238
467,25.32,MODERATE,0.0,34.54545454545455,0.0,53.64911080117343,65.45454545454545,100.0,TRANSACTION_VELOCITY,CREDIT_UTILIZATION,0.0,N,N,RISK_V4.0,2026-06-29,2026-06-29 19:43:12.437238
469,18.09,LOW,0.0,36.18181818181818,0.0,0.0,63.81818181818182,100.0,CREDIT_UTILIZATION,BUREAU_SCORE,0.0,N,N,RISK_V4.0,2026-06-29,2026-06-29 19:43:12.437238
475,9.55,LOW,0.0,19.090909090909093,0.0,0.0,80.9090909090909,100.0,CREDIT_UTILIZATION,BUREAU_SCORE,0.0,N,N,RISK_V4.0,2026-06-29,2026-06-29 19:43:12.437238
478,5.45,LOW,0.0,10.909090909090907,0.0,0.0,89.0909090909091,100.0,CREDIT_UTILIZATION,BUREAU_SCORE,0.0,N,N,RISK_V4.0,2026-06-29,2026-06-29 19:43:12.437238
482,14.88,LOW,0.0,15.818181818181813,0.0,46.44049201998782,84.18181818181819,100.0,TRANSACTION_VELOCITY,CREDIT_UTILIZATION,0.0,N,N,RISK_V4.0,2026-06-29,2026-06-29 19:43:12.437238
485,27.36,MODERATE,0.0,24.727272727272734,0.0,100.0,75.27272727272727,100.0,TRANSACTION_VELOCITY,CREDIT_UTILIZATION,0.0,N,N,RISK_V4.0,2026-06-29,2026-06-29 19:43:12.437238
487,25.41,MODERATE,0.0,47.09090909090909,0.0,12.407798732107977,52.90909090909091,100.0,CREDIT_UTILIZATION,BUREAU_SCORE,0.0,N,N,RISK_V4.0,2026-06-29,2026-06-29 19:43:12.437238
5,20.36,MODERATE,0.0,40.72727272727272,0.0,0.0,59.27272727272728,100.0,CREDIT_UTILIZATION,BUREAU_SCORE,0.0,N,N,RISK_V4.0,2026-06-29,2026-06-29 19:43:12.437238
46,7.18,LOW,0.0,14.363636363636374,0.0,0.0,85.63636363636363,100.0,CREDIT_UTILIZATION,BUREAU_SCORE,0.0,N,N,RISK_V4.0,2026-06-29,2026-06-29 19:43:12.437238
59,8.0,LOW,0.0,16.0,0.0,0.0,84.0,100.0,CREDIT_UTILIZATION,BUREAU_SCORE,0.0,N,N,RISK_V4.0,2026-06-29,2026-06-29 19:43:12.437238
62,10.45,LOW,0.0,20.909090909090907,0.0,0.0,79.0909090909091,100.0,CREDIT_UTILIZATION,BUREAU_SCORE,0.0,N,N,RISK_V4.0,2026-06-29,2026-06-29 19:43:12.437238
68,25.18,MODERATE,0.0,50.36363636363637,0.0,0.0,49.63636363636363,100.0,CREDIT_UTILIZATION,BUREAU_SCORE,0.0,N,N,RISK_V4.0,2026-06-29,2026-06-29 19:43:12.437238
73,16.69,LOW,0.0,22.909090909090907,0.0,34.874121913268795,77.0909090909091,100.0,TRANSACTION_VELOCITY,CREDIT_UTILIZATION,0.0,N,N,RISK_V4.0,2026-06-29,2026-06-29 19:43:12.437238
79,7.45,LOW,0.0,14.909090909090907,0.0,0.0,85.0909090909091,100.0,CREDIT_UTILIZATION,BUREAU_SCORE,0.0,N,N,RISK_V4.0,2026-06-29,2026-06-29 19:43:12.437238
80,17.91,LOW,0.0,35.81818181818181,0.0,0.0,64.18181818181819,100.0,CREDIT_UTILIZATION,BUREAU_SCORE,0.0,N,N,RISK_V4.0,2026-06-29,2026-06-29 19:43:12.437238
86,11.63,LOW,0.0,19.090909090909093,0.0,13.906880852160464,80.9090909090909,100.0,CREDIT_UTILIZATION,BUREAU_SCORE,0.0,N,N,RISK_V4.0,2026-06-29,2026-06-29 19:43:12.437238
94,22.27,MODERATE,0.0,44.54545454545455,0.0,0.0,55.45454545454545,100.0,CREDIT_UTILIZATION,BUREAU_SCORE,0.0,N,N,RISK_V4.0,2026-06-29,2026-06-29 19:43:12.437238
104,22.0,MODERATE,0.0,14.0,0.0,100.0,86.0,100.0,TRANSACTION_VELOCITY,CREDIT_UTILIZATION,0.0,N,N,RISK_V4.0,2026-06-29,2026-06-29 19:43:12.437238
112,16.38,LOW,0.0,30.909090909090907,0.0,6.153815579776579,69.0909090909091,100.0,CREDIT_UTILIZATION,BUREAU_SCORE,0.0,N,N,RISK_V4.0,2026-06-29,2026-06-29 19:43:12.437238
114,21.73,MODERATE,0.0,43.45454545454545,0.0,0.0,56.54545454545455,100.0,CREDIT_UTILIZATION,BUREAU_SCORE,0.0,N,N,RISK_V4.0,2026-06-29,2026-06-29 19:43:12.437238
123,18.66,LOW,0.0,31.27272727272728,0.0,20.170454545454554,68.72727272727272,100.0,CREDIT_UTILIZATION,BUREAU_SCORE,0.0,N,N,RISK_V4.0,2026-06-29,2026-06-29 19:43:12.437238
134,18.92,LOW,0.0,32.90909090909091,0.0,16.461181095327436,67.0909090909091,100.0,CREDIT_UTILIZATION,BUREAU_SCORE,0.0,N,N,RISK_V4.0,2026-06-29,2026-06-29 19:43:12.437238
138,14.64,LOW,0.0,29.272727272727266,0.0,0.0,70.72727272727273,100.0,CREDIT_UTILIZATION,BUREAU_SCORE,0.0,N,N,RISK_V4.0,2026-06-29,2026-06-29 19:43:12.437238
144,7.38,LOW,0.0,13.454545454545453,0.0,4.343414336368245,86.54545454545455,100.0,CREDIT_UTILIZATION,BUREAU_SCORE,0.0,N,N,RISK_V4.0,2026-06-29,2026-06-29 19:43:12.437238
145,16.73,LOW,0.0,33.45454545454545,0.0,0.0,66.54545454545455,100.0,CREDIT_UTILIZATION,BUREAU_SCORE,0.0,N,N,RISK_V4.0,2026-06-29,2026-06-29 19:43:12.437238
148,4.45,LOW,0.0,8.909090909090907,0.0,0.0,91.0909090909091,100.0,CREDIT_UTILIZATION,BUREAU_SCORE,0.0,N,N,RISK_V4.0,2026-06-29,2026-06-29 19:43:12.437238
157,18.18,LOW,0.0,36.36363636363637,0.0,0.0,63.63636363636363,100.0,CREDIT_UTILIZATION,BUREAU_SCORE,0.0,N,N,RISK_V4.0,2026-06-29,2026-06-29 19:43:12.437238
162,9.42,LOW,0.0,18.181818181818173,0.0,2.1992120162288575,81.81818181818183,100.0,CREDIT_UTILIZATION,BUREAU_SCORE,0.0,N,N,RISK_V4.0,2026-06-29,2026-06-29 19:43:12.437238
163,0.91,LOW,0.0,1.818181818181813,0.0,0.0,98.18181818181819,100.0,CREDIT_UTILIZATION,BUREAU_SCORE,0.0,N,N,RISK_V4.0,2026-06-29,2026-06-29 19:43:12.437238
174,20.27,MODERATE,0.0,40.54545454545454,0.0,0.0,59.45454545454546,100.0,CREDIT_UTILIZATION,BUREAU_SCORE,0.0,N,N,RISK_V4.0,2026-06-29,2026-06-29 19:43:12.437238
176,7.82,LOW,0.0,15.63636363636364,0.0,0.0,84.36363636363636,100.0,CREDIT_UTILIZATION,BUREAU_SCORE,0.0,N,N,RISK_V4.0,2026-06-29,2026-06-29 19:43:12.437238
188,15.18,LOW,0.0,30.36363636363636,0.0,0.0,69.63636363636364,100.0,CREDIT_UTILIZATION,BUREAU_SCORE,0.0,N,N,RISK_V4.0,2026-06-29,2026-06-29 19:43:12.437238
200,18.45,LOW,0.0,36.909090909090914,0.0,0.0,63.090909090909086,100.0,CREDIT_UTILIZATION,BUREAU_SCORE,0.0,N,N,RISK_V4.0,2026-06-29,2026-06-29 19:43:12.437238
202,14.18,LOW,0.0,28.363636363636374,0.0,0.0,71.63636363636363,100.0,CREDIT_UTILIZATION,BUREAU_SCORE,0.0,N,N,RISK_V4.0,2026-06-29,2026-06-29 19:43:12.437238
225,12.27,LOW,0.0,24.545454545454547,0.0,0.0,75.45454545454545,100.0,CREDIT_UTILIZATION,BUREAU_SCORE,0.0,N,N,RISK_V4.0,2026-06-29,2026-06-29 19:43:12.437238
226,13.58,LOW,0.0,21.090909090909093,0.0,20.21023403411344,78.9090909090909,100.0,CREDIT_UTILIZATION,BUREAU_SCORE,0.0,N,N,RISK_V4.0,2026-06-29,2026-06-29 19:43:12.437238
237,25.36,MODERATE,0.0,20.727272727272734,0.0,100.0,79.27272727272727,100.0,TRANSACTION_VELOCITY,CREDIT_UTILIZATION,0.0,N,N,RISK_V4.0,2026-06-29,2026-06-29 19:43:12.437238
238,1.27,LOW,0.0,2.5454545454545467,0.0,0.0,97.45454545454545,100.0,CREDIT_UTILIZATION,BUREAU_SCORE,0.0,N,N,RISK_V4.0,2026-06-29,2026-06-29 19:43:12.437238
239,17.78,LOW,0.0,26.545454545454547,0.0,30.0284101815948,73.45454545454545,100.0,TRANSACTION_VELOCITY,CREDIT_UTILIZATION,0.0,N,N,RISK_V4.0,2026-06-29,2026-06-29 19:43:12.437238
260,12.18,LOW,0.0,24.36363636363636,0.0,0.0,75.63636363636364,100.0,CREDIT_UTILIZATION,BUREAU_SCORE,0.0,N,N,RISK_V4.0,2026-06-29,2026-06-29 19:43:12.437238
261,30.09,MODERATE,0.0,30.181818181818173,0.0,100.0,69.81818181818183,100.0,TRANSACTION_VELOCITY,CREDIT_UTILIZATION,0.0,N,N,RISK_V4.0,2026-06-29,2026-06-29 19:43:12.437238
268,7.18,LOW,0.0,14.363636363636374,0.0,0.0,85.63636363636363,100.0,CREDIT_UTILIZATION,BUREAU_SCORE,0.0,N,N,RISK_V4.0,2026-06-29,2026-06-29 19:43:12.437238
269,19.0,LOW,0.0,38.0,0.0,0.0,62.0,100.0,CREDIT_UTILIZATION,BUREAU_SCORE,0.0,N,N,RISK_V4.0,2026-06-29,2026-06-29 19:43:12.437238
302,12.73,LOW,0.0,25.454545454545453,0.0,0.0,74.54545454545455,100.0,CREDIT_UTILIZATION,BUREAU_SCORE,0.0,N,N,RISK_V4.0,2026-06-29,2026-06-29 19:43:12.437238
303,11.09,LOW,0.0,22.181818181818187,0.0,0.0,77.81818181818181,100.0,CREDIT_UTILIZATION,BUREAU_SCORE,0.0,N,N,RISK_V4.0,2026-06-29,2026-06-29 19:43:12.437238
309,12.55,LOW,0.0,25.09090909090908,0.0,0.0,74.90909090909092,100.0,CREDIT_UTILIZATION,BUREAU_SCORE,0.0,N,N,RISK_V4.0,2026-06-29,2026-06-29 19:43:12.437238
313,22.33,MODERATE,0.0,35.81818181818181,0.0,29.466643847072415,64.18181818181819,100.0,CREDIT_UTILIZATION,BUREAU_SCORE,0.0,N,N,RISK_V4.0,2026-06-29,2026-06-29 19:43:12.437238
320,25.18,MODERATE,0.0,50.36363636363637,0.0,0.0,49.63636363636363,100.0,CREDIT_UTILIZATION,BUREAU_SCORE,0.0,N,N,RISK_V4.0,2026-06-29,2026-06-29 19:43:12.437238
326,6.45,LOW,0.0,12.90909090909092,0.0,0.0,87.09090909090908,100.0,CREDIT_UTILIZATION,BUREAU_SCORE,0.0,N,N,RISK_V4.0,2026-06-29,2026-06-29 19:43:12.437238
329,16.36,LOW,0.0,32.727272727272734,0.0,0.0,67.27272727272727,100.0,CREDIT_UTILIZATION,BUREAU_SCORE,0.0,N,N,RISK_V4.0,2026-06-29,2026-06-29 19:43:12.437238
332,28.86,MODERATE,0.0,51.45454545454545,0.0,20.896647342011832,48.54545454545455,100.0,CREDIT_UTILIZATION,BUREAU_SCORE,0.0,N,N,RISK_V4.0,2026-06-29,2026-06-29 19:43:12.437238
340,11.91,LOW,0.0,23.818181818181813,0.0,0.0,76.18181818181819,100.0,CREDIT_UTILIZATION,BUREAU_SCORE,0.0,N,N,RISK_V4.0,2026-06-29,2026-06-29 19:43:12.437238
341,10.36,LOW,0.0,20.727272727272734,0.0,0.0,79.27272727272727,100.0,CREDIT_UTILIZATION,BUREAU_SCORE,0.0,N,N,RISK_V4.0,2026-06-29,2026-06-29 19:43:12.437238
347,16.0,LOW,0.0,32.0,0.0,0.0,68.0,100.0,CREDIT_UTILIZATION,BUREAU_SCORE,0.0,N,N,RISK_V4.0,2026-06-29,2026-06-29 19:43:12.437238
355,8.18,LOW,0.0,16.363636363636374,0.0,0.0,83.63636363636363,100.0,CREDIT_UTILIZATION,BUREAU_SCORE,0.0,N,N,RISK_V4.0,2026-06-29,2026-06-29 19:43:12.437238
376,11.84,LOW,0.0,21.454545454545453,0.0,7.447171582150669,78.54545454545455,100.0,CREDIT_UTILIZATION,BUREAU_SCORE,0.0,N,N,RISK_V4.0,2026-06-29,2026-06-29 19:43:12.437238
380,15.27,LOW,0.0,30.545454545454547,0.0,0.0,69.45454545454545,100.0,CREDIT_UTILIZATION,BUREAU_SCORE,0.0,N,N,RISK_V4.0,2026-06-29,2026-06-29 19:43:12.437238
393,7.59,LOW,0.0,14.0,0.0,3.9218079609942835,86.0,100.0,CREDIT_UTILIZATION,BUREAU_SCORE,0.0,N,N,RISK_V4.0,2026-06-29,2026-06-29 19:43:12.437238
403,11.09,LOW,0.0,22.181818181818187,0.0,0.0,77.81818181818181,100.0,CREDIT_UTILIZATION,BUREAU_SCORE,0.0,N,N,RISK_V4.0,2026-06-29,2026-06-29 19:43:12.437238
408,22.49,MODERATE,0.0,34.36363636363636,0.0,35.381332548471356,65.63636363636364,100.0,TRANSACTION_VELOCITY,CREDIT_UTILIZATION,0.0,N,N,RISK_V4.0,2026-06-29,2026-06-29 19:43:12.437238
416,1.64,LOW,0.0,3.2727272727272663,0.0,0.0,96.72727272727273,100.0,CREDIT_UTILIZATION,BUREAU_SCORE,0.0,N,N,RISK_V4.0,2026-06-29,2026-06-29 19:43:12.437238
420,27.55,MODERATE,0.0,25.09090909090908,0.0,100.0,74.90909090909092,100.0,TRANSACTION_VELOCITY,CREDIT_UTILIZATION,0.0,N,N,RISK_V4.0,2026-06-29,2026-06-29 19:43:12.437238
424,11.82,LOW,0.0,23.636363636363626,0.0,0.0,76.36363636363637,100.0,CREDIT_UTILIZATION,BUREAU_SCORE,0.0,N,N,RISK_V4.0,2026-06-29,2026-06-29 19:43:12.437238
425,18.36,LOW,0.0,6.7272727272727195,0.0,100.0,93.27272727272728,100.0,TRANSACTION_VELOCITY,CREDIT_UTILIZATION,0.0,N,N,RISK_V4.0,2026-06-29,2026-06-29 19:43:12.437238
427,7.17,LOW,0.0,0.0,0.0,47.809715232755536,100.0,100.0,TRANSACTION_VELOCITY,,0.0,N,N,RISK_V4.0,2026-06-29,2026-06-29 19:43:12.437238
437,23.22,MODERATE,0.0,36.909090909090914,0.0,31.745440860039086,63.090909090909086,100.0,CREDIT_UTILIZATION,BUREAU_SCORE,0.0,N,N,RISK_V4.0,2026-06-29,2026-06-29 19:43:12.437238
445,10.36,LOW,0.0,20.727272727272734,0.0,0.0,79.27272727272727,100.0,CREDIT_UTILIZATION,BUREAU_SCORE,0.0,N,N,RISK_V4.0,2026-06-29,2026-06-29 19:43:12.437238
449,24.33,MODERATE,0.0,36.909090909090914,0.0,39.16350758180367,63.090909090909086,100.0,TRANSACTION_VELOCITY,CREDIT_UTILIZATION,0.0,N,N,RISK_V4.0,2026-06-29,2026-06-29 19:43:12.437238
473,3.09,LOW,0.0,6.181818181818173,0.0,0.0,93.81818181818183,100.0,CREDIT_UTILIZATION,BUREAU_SCORE,0.0,N,N,RISK_V4.0,2026-06-29,2026-06-29 19:43:12.437238
481,11.45,LOW,0.0,22.909090909090907,0.0,0.0,77.0909090909091,100.0,CREDIT_UTILIZATION,BUREAU_SCORE,0.0,N,N,RISK_V4.0,2026-06-29,2026-06-29 19:43:12.437238
488,30.69,MODERATE,0.0,33.81818181818181,0.0,91.84523645306606,66.18181818181819,100.0,TRANSACTION_VELOCITY,CREDIT_UTILIZATION,0.0,N,N,RISK_V4.0,2026-06-29,2026-06-29 19:43:12.437238
38,36.18,MODERATE,0.0,42.36363636363636,0.0,100.0,57.63636363636364,100.0,TRANSACTION_VELOCITY,CREDIT_UTILIZATION,0.0,N,N,RISK_V4.0,2026-06-29,2026-06-29 19:43:12.437238
132,29.85,MODERATE,0.0,35.09090909090909,0.0,82.05346386982046,64.9090909090909,100.0,TRANSACTION_VELOCITY,CREDIT_UTILIZATION,0.0,N,N,RISK_V4.0,2026-06-29,2026-06-29 19:43:12.437238
160,36.45,MODERATE,0.0,42.90909090909091,0.0,100.0,57.09090909090909,100.0,TRANSACTION_VELOCITY,CREDIT_UTILIZATION,0.0,N,N,RISK_V4.0,2026-06-29,2026-06-29 19:43:12.437238
411,7.09,LOW,0.0,14.181818181818187,0.0,0.0,85.81818181818181,100.0,CREDIT_UTILIZATION,BUREAU_SCORE,0.0,N,N,RISK_V4.0,2026-06-29,2026-06-29 19:43:12.437238
433,14.18,LOW,0.0,28.363636363636374,0.0,0.0,71.63636363636363,100.0,CREDIT_UTILIZATION,BUREAU_SCORE,0.0,N,N,RISK_V4.0,2026-06-29,2026-06-29 19:43:12.437238
271,6.18,LOW,0.0,12.36363636363636,0.0,0.0,87.63636363636364,100.0,CREDIT_UTILIZATION,BUREAU_SCORE,0.0,N,N,RISK_V4.0,2026-06-29,2026-06-29 19:43:12.437238
173,36.73,MODERATE,0.0,43.45454545454545,0.0,100.0,56.54545454545455,100.0,TRANSACTION_VELOCITY,CREDIT_UTILIZATION,0.0,N,N,RISK_V4.0,2026-06-29,2026-06-29 19:43:12.437238
203,33.09,MODERATE,0.0,36.18181818181818,0.0,100.0,63.81818181818182,100.0,TRANSACTION_VELOCITY,CREDIT_UTILIZATION,0.0,N,N,RISK_V4.0,2026-06-29,2026-06-29 19:43:12.437238
299,11.55,LOW,0.0,23.090909090909093,0.0,0.0,76.9090909090909,100.0,CREDIT_UTILIZATION,BUREAU_SCORE,0.0,N,N,RISK_V4.0,2026-06-29,2026-06-29 19:43:12.437238
477,5.0,LOW,0.0,10.0,0.0,0.0,90.0,100.0,CREDIT_UTILIZATION,BUREAU_SCORE,0.0,N,N,RISK_V4.0,2026-06-29,2026-06-29 19:43:12.437238
110,18.64,LOW,0.0,37.272727272727266,0.0,0.0,62.727272727272734,100.0,CREDIT_UTILIZATION,BUREAU_SCORE,0.0,N,N,RISK_V4.0,2026-06-29,2026-06-29 19:43:12.437238
127,9.0,LOW,0.0,18.0,0.0,0.0,82.0,100.0,CREDIT_UTILIZATION,BUREAU_SCORE,0.0,N,N,RISK_V4.0,2026-06-29,2026-06-29 19:43:12.437238
159,9.73,LOW,0.0,19.454545454545453,0.0,0.0,80.54545454545455,100.0,CREDIT_UTILIZATION,BUREAU_SCORE,0.0,N,N,RISK_V4.0,2026-06-29,2026-06-29 19:43:12.437238
182,10.18,LOW,0.0,20.36363636363636,0.0,0.0,79.63636363636364,100.0,CREDIT_UTILIZATION,BUREAU_SCORE,0.0,N,N,RISK_V4.0,2026-06-29,2026-06-29 19:43:12.437238
275,24.45,MODERATE,0.0,48.909090909090914,0.0,0.0,51.090909090909086,100.0,CREDIT_UTILIZATION,BUREAU_SCORE,0.0,N,N,RISK_V4.0,2026-06-29,2026-06-29 19:43:12.437238
335,22.45,MODERATE,0.0,44.90909090909091,0.0,0.0,55.09090909090909,100.0,CREDIT_UTILIZATION,BUREAU_SCORE,0.0,N,N,RISK_V4.0,2026-06-29,2026-06-29 19:43:12.437238
26,11.73,LOW,0.0,23.454545454545453,0.0,0.0,76.54545454545455,100.0,CREDIT_UTILIZATION,BUREAU_SCORE,0.0,N,N,RISK_V4.0,2026-06-29,2026-06-29 19:43:12.437238
48,4.45,LOW,0.0,8.909090909090907,0.0,0.0,91.0909090909091,100.0,CREDIT_UTILIZATION,BUREAU_SCORE,0.0,N,N,RISK_V4.0,2026-06-29,2026-06-29 19:43:12.437238
61,18.18,LOW,0.0,36.36363636363637,0.0,0.0,63.63636363636363,100.0,CREDIT_UTILIZATION,BUREAU_SCORE,0.0,N,N,RISK_V4.0,2026-06-29,2026-06-29 19:43:12.437238
69,9.09,LOW,0.0,18.181818181818173,0.0,0.0,81.81818181818183,100.0,CREDIT_UTILIZATION,BUREAU_SCORE,0.0,N,N,RISK_V4.0,2026-06-29,2026-06-29 19:43:12.437238
117,16.09,LOW,0.0,32.18181818181817,0.0,0.0,67.81818181818183,100.0,CREDIT_UTILIZATION,BUREAU_SCORE,0.0,N,N,RISK_V4.0,2026-06-29,2026-06-29 19:43:12.437238
121,22.0,MODERATE,0.0,43.99999999999999,0.0,0.0,56.00000000000001,100.0,CREDIT_UTILIZATION,BUREAU_SCORE,0.0,N,N,RISK_V4.0,2026-06-29,2026-06-29 19:43:12.437238
185,19.82,LOW,0.0,39.63636363636363,0.0,0.0,60.36363636363637,100.0,CREDIT_UTILIZATION,BUREAU_SCORE,0.0,N,N,RISK_V4.0,2026-06-29,2026-06-29 19:43:12.437238
398,15.73,LOW,0.0,31.454545454545453,0.0,0.0,68.54545454545455,100.0,CREDIT_UTILIZATION,BUREAU_SCORE,0.0,N,N,RISK_V4.0,2026-06-29,2026-06-29 19:43:12.437238
423,10.09,LOW,0.0,20.181818181818173,0.0,0.0,79.81818181818183,100.0,CREDIT_UTILIZATION,BUREAU_SCORE,0.0,N,N,RISK_V4.0,2026-06-29,2026-06-29 19:43:12.437238
484,8.73,LOW,0.0,17.454545454545453,0.0,0.0,82.54545454545455,100.0,CREDIT_UTILIZATION,BUREAU_SCORE,0.0,N,N,RISK_V4.0,2026-06-29,2026-06-29 19:43:12.437238
21,3.82,LOW,0.0,7.63636363636364,0.0,0.0,92.36363636363636,100.0,CREDIT_UTILIZATION,BUREAU_SCORE,0.0,N,N,RISK_V4.0,2026-06-29,2026-06-29 19:43:12.437238
47,8.91,LOW,0.0,17.818181818181827,0.0,0.0,82.18181818181817,100.0,CREDIT_UTILIZATION,BUREAU_SCORE,0.0,N,N,RISK_V4.0,2026-06-29,2026-06-29 19:43:12.437238
64,14.09,LOW,0.0,28.181818181818187,0.0,0.0,71.81818181818181,100.0,CREDIT_UTILIZATION,BUREAU_SCORE,0.0,N,N,RISK_V4.0,2026-06-29,2026-06-29 19:43:12.437238
266,17.45,LOW,0.0,34.90909090909091,0.0,0.0,65.0909090909091,100.0,CREDIT_UTILIZATION,BUREAU_SCORE,0.0,N,N,RISK_V4.0,2026-06-29,2026-06-29 19:43:12.437238
267,12.27,LOW,0.0,24.545454545454547,0.0,0.0,75.45454545454545,100.0,CREDIT_UTILIZATION,BUREAU_SCORE,0.0,N,N,RISK_V4.0,2026-06-29,2026-06-29 19:43:12.437238
389,6.09,LOW,0.0,12.181818181818187,0.0,0.0,87.81818181818181,100.0,CREDIT_UTILIZATION,BUREAU_SCORE,0.0,N,N,RISK_V4.0,2026-06-29,2026-06-29 19:43:12.437238
