customer_id,composite_risk_score,risk_tier,probability_of_default,credit_risk_component,behaviour_risk_component,velocity_risk_component,bureau_score_component,payment_history_component,primary_risk_driver,secondary_risk_driver,score_delta_30d,watch_list_flag,review_required_flag,model_version,effective_date,load_ts
3,9.12,LOW,0.05,14.909090909090907,0.0,11.11348811676569,85.0909090909091,100.0,BUREAU_SCORE,CREDIT_UTILIZATION,0.0,N,N,RISK_V4.0,2026-04-10,2026-04-10 11:28:08.710733
4,17.49,LOW,0.05,27.090909090909093,0.0,26.297408595545235,72.9090909090909,100.0,BUREAU_SCORE,CREDIT_UTILIZATION,0.0,N,N,RISK_V4.0,2026-04-10,2026-04-10 11:28:08.710733
5,32.65,MODERATE,0.05,40.90909090909091,0.0,81.28429109195974,59.09090909090909,100.0,TRANSACTION_VELOCITY,BUREAU_SCORE,0.0,N,N,RISK_V4.0,2026-04-10,2026-04-10 11:28:08.710733
6,9.09,LOW,0.05,18.181818181818173,0.0,0.0,81.81818181818183,100.0,BUREAU_SCORE,CREDIT_UTILIZATION,0.0,N,N,RISK_V4.0,2026-04-10,2026-04-10 11:28:08.710733
11,9.27,LOW,0.05,18.545454545454547,0.0,0.0,81.45454545454545,100.0,BUREAU_SCORE,CREDIT_UTILIZATION,0.0,N,N,RISK_V4.0,2026-04-10,2026-04-10 11:28:08.710733
13,15.36,LOW,0.05,17.272727272727266,0.0,44.85526466071905,82.72727272727273,100.0,TRANSACTION_VELOCITY,BUREAU_SCORE,0.0,N,N,RISK_V4.0,2026-04-10,2026-04-10 11:28:08.710733
15,13.09,LOW,0.05,26.181818181818187,0.0,0.0,73.81818181818181,100.0,BUREAU_SCORE,CREDIT_UTILIZATION,0.0,N,N,RISK_V4.0,2026-04-10,2026-04-10 11:28:08.710733
22,26.45,MODERATE,0.05,41.090909090909086,0.0,39.34206985774339,58.909090909090914,100.0,BUREAU_SCORE,CREDIT_UTILIZATION,0.0,N,N,RISK_V4.0,2026-04-10,2026-04-10 11:28:08.710733
26,12.82,LOW,0.05,25.63636363636364,0.0,0.0,74.36363636363636,100.0,BUREAU_SCORE,CREDIT_UTILIZATION,0.0,N,N,RISK_V4.0,2026-04-10,2026-04-10 11:28:08.710733
27,8.55,LOW,0.05,17.090909090909093,0.0,0.0,82.9090909090909,100.0,BUREAU_SCORE,CREDIT_UTILIZATION,0.0,N,N,RISK_V4.0,2026-04-10,2026-04-10 11:28:08.710733
32,20.45,MODERATE,0.05,40.90909090909091,0.0,0.0,59.09090909090909,100.0,BUREAU_SCORE,CREDIT_UTILIZATION,0.0,N,N,RISK_V4.0,2026-04-10,2026-04-10 11:28:08.710733
34,18.72,LOW,0.05,29.818181818181827,0.0,25.437822024852743,70.18181818181817,100.0,BUREAU_SCORE,CREDIT_UTILIZATION,0.0,N,N,RISK_V4.0,2026-04-10,2026-04-10 11:28:08.710733
38,10.18,LOW,0.05,20.36363636363636,0.0,0.0,79.63636363636364,100.0,BUREAU_SCORE,CREDIT_UTILIZATION,0.0,N,N,RISK_V4.0,2026-04-10,2026-04-10 11:28:08.710733
40,10.47,LOW,0.05,17.454545454545453,0.0,11.643174499176624,82.54545454545455,100.0,BUREAU_SCORE,CREDIT_UTILIZATION,0.0,N,N,RISK_V4.0,2026-04-10,2026-04-10 11:28:08.710733
47,13.63,LOW,0.05,12.727272727272734,0.0,48.4338258774349,87.27272727272727,100.0,TRANSACTION_VELOCITY,BUREAU_SCORE,0.0,N,N,RISK_V4.0,2026-04-10,2026-04-10 11:28:08.710733
48,16.91,LOW,0.05,33.81818181818181,0.0,0.0,66.18181818181819,100.0,BUREAU_SCORE,CREDIT_UTILIZATION,0.0,N,N,RISK_V4.0,2026-04-10,2026-04-10 11:28:08.710733
53,14.27,LOW,0.05,26.0,0.0,8.45982394007747,74.0,100.0,BUREAU_SCORE,CREDIT_UTILIZATION,0.0,N,N,RISK_V4.0,2026-04-10,2026-04-10 11:28:08.710733
57,7.27,LOW,0.05,14.545454545454547,0.0,0.0,85.45454545454545,100.0,BUREAU_SCORE,CREDIT_UTILIZATION,0.0,N,N,RISK_V4.0,2026-04-10,2026-04-10 11:28:08.710733
62,16.27,LOW,0.05,32.54545454545455,0.0,0.0,67.45454545454545,100.0,BUREAU_SCORE,CREDIT_UTILIZATION,0.0,N,N,RISK_V4.0,2026-04-10,2026-04-10 11:28:08.710733
63,5.64,LOW,0.05,11.272727272727266,0.0,0.0,88.72727272727273,100.0,BUREAU_SCORE,CREDIT_UTILIZATION,0.0,N,N,RISK_V4.0,2026-04-10,2026-04-10 11:28:08.710733
65,10.45,LOW,0.05,20.909090909090907,0.0,0.0,79.0909090909091,100.0,BUREAU_SCORE,CREDIT_UTILIZATION,0.0,N,N,RISK_V4.0,2026-04-10,2026-04-10 11:28:08.710733
67,22.27,MODERATE,0.05,14.545454545454547,0.0,100.0,85.45454545454545,100.0,TRANSACTION_VELOCITY,BUREAU_SCORE,0.0,N,N,RISK_V4.0,2026-04-10,2026-04-10 11:28:08.710733
70,23.45,MODERATE,0.05,46.909090909090914,0.0,0.0,53.090909090909086,100.0,BUREAU_SCORE,CREDIT_UTILIZATION,0.0,N,N,RISK_V4.0,2026-04-10,2026-04-10 11:28:08.710733
71,8.15,LOW,0.05,10.36363636363636,0.0,19.808310691228158,89.63636363636364,100.0,TRANSACTION_VELOCITY,BUREAU_SCORE,0.0,N,N,RISK_V4.0,2026-04-10,2026-04-10 11:28:08.710733
76,35.73,MODERATE,0.05,41.45454545454545,0.0,100.0,58.54545454545455,100.0,TRANSACTION_VELOCITY,BUREAU_SCORE,0.0,N,N,RISK_V4.0,2026-04-10,2026-04-10 11:28:08.710733
78,17.64,LOW,0.05,35.27272727272728,0.0,0.0,64.72727272727272,100.0,BUREAU_SCORE,CREDIT_UTILIZATION,0.0,N,N,RISK_V4.0,2026-04-10,2026-04-10 11:28:08.710733
82,21.71,MODERATE,0.05,24.36363636363636,0.0,63.50700668611877,75.63636363636364,100.0,TRANSACTION_VELOCITY,BUREAU_SCORE,0.0,N,N,RISK_V4.0,2026-04-10,2026-04-10 11:28:08.710733
84,26.18,MODERATE,0.05,45.63636363636364,0.0,22.40966349281448,54.36363636363636,100.0,BUREAU_SCORE,CREDIT_UTILIZATION,0.0,N,N,RISK_V4.0,2026-04-10,2026-04-10 11:28:08.710733
88,13.75,LOW,0.05,24.36363636363636,0.0,10.434307566238733,75.63636363636364,100.0,BUREAU_SCORE,CREDIT_UTILIZATION,0.0,N,N,RISK_V4.0,2026-04-10,2026-04-10 11:28:08.710733
90,20.98,MODERATE,0.05,21.090909090909093,0.0,69.56542499347438,78.9090909090909,100.0,TRANSACTION_VELOCITY,BUREAU_SCORE,0.0,N,N,RISK_V4.0,2026-04-10,2026-04-10 11:28:08.710733
92,11.82,LOW,0.05,23.636363636363626,0.0,0.0,76.36363636363637,100.0,BUREAU_SCORE,CREDIT_UTILIZATION,0.0,N,N,RISK_V4.0,2026-04-10,2026-04-10 11:28:08.710733
95,27.0,MODERATE,0.05,24.0,0.0,100.0,76.0,100.0,TRANSACTION_VELOCITY,BUREAU_SCORE,0.0,N,N,RISK_V4.0,2026-04-10,2026-04-10 11:28:08.710733
96,6.91,LOW,0.05,13.818181818181813,0.0,0.0,86.18181818181819,100.0,BUREAU_SCORE,CREDIT_UTILIZATION,0.0,N,N,RISK_V4.0,2026-04-10,2026-04-10 11:28:08.710733
100,16.64,LOW,0.05,33.27272727272728,0.0,0.0,66.72727272727272,100.0,BUREAU_SCORE,CREDIT_UTILIZATION,0.0,N,N,RISK_V4.0,2026-04-10,2026-04-10 11:28:08.710733
102,25.94,MODERATE,0.05,47.63636363636363,0.0,14.172978597183505,52.36363636363637,100.0,BUREAU_SCORE,CREDIT_UTILIZATION,0.0,N,N,RISK_V4.0,2026-04-10,2026-04-10 11:28:08.710733
103,23.72,MODERATE,0.05,43.99999999999999,0.0,11.490516782487582,56.00000000000001,100.0,BUREAU_SCORE,CREDIT_UTILIZATION,0.0,N,N,RISK_V4.0,2026-04-10,2026-04-10 11:28:08.710733
107,25.45,MODERATE,0.05,50.90909090909091,0.0,0.0,49.09090909090909,100.0,BUREAU_SCORE,CREDIT_UTILIZATION,0.0,N,N,RISK_V4.0,2026-04-10,2026-04-10 11:28:08.710733
108,23.45,MODERATE,0.05,46.909090909090914,0.0,0.0,53.090909090909086,100.0,BUREAU_SCORE,CREDIT_UTILIZATION,0.0,N,N,RISK_V4.0,2026-04-10,2026-04-10 11:28:08.710733
115,0.0,LOW,0.05,0.0,0.0,0.0,100.0,100.0,BUREAU_SCORE,TRANSACTION_VELOCITY,0.0,N,N,RISK_V4.0,2026-04-10,2026-04-10 11:28:08.710733
120,19.62,LOW,0.05,23.27272727272728,0.0,53.24003683320129,76.72727272727272,100.0,TRANSACTION_VELOCITY,BUREAU_SCORE,0.0,N,N,RISK_V4.0,2026-04-10,2026-04-10 11:28:08.710733
124,6.55,LOW,0.05,13.090909090909093,0.0,0.0,86.9090909090909,100.0,BUREAU_SCORE,CREDIT_UTILIZATION,0.0,N,N,RISK_V4.0,2026-04-10,2026-04-10 11:28:08.710733
126,16.74,LOW,0.05,30.909090909090907,0.0,8.578121322664146,69.0909090909091,100.0,BUREAU_SCORE,CREDIT_UTILIZATION,0.0,N,N,RISK_V4.0,2026-04-10,2026-04-10 11:28:08.710733
131,10.09,LOW,0.05,20.181818181818173,0.0,0.0,79.81818181818183,100.0,BUREAU_SCORE,CREDIT_UTILIZATION,0.0,N,N,RISK_V4.0,2026-04-10,2026-04-10 11:28:08.710733
134,14.18,LOW,0.05,28.363636363636374,0.0,0.0,71.63636363636363,100.0,BUREAU_SCORE,CREDIT_UTILIZATION,0.0,N,N,RISK_V4.0,2026-04-10,2026-04-10 11:28:08.710733
135,10.34,LOW,0.05,3.2727272727272663,0.0,58.023998530702215,96.72727272727273,100.0,TRANSACTION_VELOCITY,BUREAU_SCORE,0.0,N,N,RISK_V4.0,2026-04-10,2026-04-10 11:28:08.710733
136,16.55,LOW,0.05,33.09090909090909,0.0,0.0,66.9090909090909,100.0,BUREAU_SCORE,CREDIT_UTILIZATION,0.0,N,N,RISK_V4.0,2026-04-10,2026-04-10 11:28:08.710733
137,0.0,LOW,0.05,0.0,0.0,0.0,100.0,100.0,BUREAU_SCORE,TRANSACTION_VELOCITY,0.0,N,N,RISK_V4.0,2026-04-10,2026-04-10 11:28:08.710733
139,16.36,LOW,0.05,32.727272727272734,0.0,0.0,67.27272727272727,100.0,BUREAU_SCORE,CREDIT_UTILIZATION,0.0,N,N,RISK_V4.0,2026-04-10,2026-04-10 11:28:08.710733
145,4.45,LOW,0.05,8.909090909090907,0.0,0.0,91.0909090909091,100.0,BUREAU_SCORE,CREDIT_UTILIZATION,0.0,N,N,RISK_V4.0,2026-04-10,2026-04-10 11:28:08.710733
151,13.73,LOW,0.05,27.454545454545453,0.0,0.0,72.54545454545455,100.0,BUREAU_SCORE,CREDIT_UTILIZATION,0.0,N,N,RISK_V4.0,2026-04-10,2026-04-10 11:28:08.710733
154,19.17,LOW,0.05,29.454545454545453,0.0,29.606405180316344,70.54545454545455,100.0,TRANSACTION_VELOCITY,BUREAU_SCORE,0.0,N,N,RISK_V4.0,2026-04-10,2026-04-10 11:28:08.710733
155,16.64,LOW,0.05,33.27272727272728,0.0,0.0,66.72727272727272,100.0,BUREAU_SCORE,CREDIT_UTILIZATION,0.0,N,N,RISK_V4.0,2026-04-10,2026-04-10 11:28:08.710733
156,3.27,LOW,0.05,6.545454545454547,0.0,0.0,93.45454545454545,100.0,BUREAU_SCORE,CREDIT_UTILIZATION,0.0,N,N,RISK_V4.0,2026-04-10,2026-04-10 11:28:08.710733
160,16.73,LOW,0.05,33.45454545454545,0.0,0.0,66.54545454545455,100.0,BUREAU_SCORE,CREDIT_UTILIZATION,0.0,N,N,RISK_V4.0,2026-04-10,2026-04-10 11:28:08.710733
167,6.91,LOW,0.05,13.818181818181813,0.0,0.0,86.18181818181819,100.0,BUREAU_SCORE,CREDIT_UTILIZATION,0.0,N,N,RISK_V4.0,2026-04-10,2026-04-10 11:28:08.710733
171,13.36,LOW,0.05,26.72727272727272,0.0,0.0,73.27272727272728,100.0,BUREAU_SCORE,CREDIT_UTILIZATION,0.0,N,N,RISK_V4.0,2026-04-10,2026-04-10 11:28:08.710733
174,10.45,LOW,0.05,20.909090909090907,0.0,0.0,79.0909090909091,100.0,BUREAU_SCORE,CREDIT_UTILIZATION,0.0,N,N,RISK_V4.0,2026-04-10,2026-04-10 11:28:08.710733
176,3.93,LOW,0.05,0.0,0.0,26.172463545807258,100.0,100.0,TRANSACTION_VELOCITY,BUREAU_SCORE,0.0,N,N,RISK_V4.0,2026-04-10,2026-04-10 11:28:08.710733
180,15.64,LOW,0.05,31.27272727272728,0.0,0.0,68.72727272727272,100.0,BUREAU_SCORE,CREDIT_UTILIZATION,0.0,N,N,RISK_V4.0,2026-04-10,2026-04-10 11:28:08.710733
181,4.73,LOW,0.05,9.454545454545453,0.0,0.0,90.54545454545455,100.0,BUREAU_SCORE,CREDIT_UTILIZATION,0.0,N,N,RISK_V4.0,2026-04-10,2026-04-10 11:28:08.710733
183,24.27,MODERATE,0.05,18.545454545454547,0.0,100.0,81.45454545454545,100.0,TRANSACTION_VELOCITY,BUREAU_SCORE,0.0,N,N,RISK_V4.0,2026-04-10,2026-04-10 11:28:08.710733
184,9.05,LOW,0.05,8.181818181818173,0.0,33.044490659272306,91.81818181818183,100.0,TRANSACTION_VELOCITY,BUREAU_SCORE,0.0,N,N,RISK_V4.0,2026-04-10,2026-04-10 11:28:08.710733
186,13.82,LOW,0.05,27.63636363636364,0.0,0.0,72.36363636363636,100.0,BUREAU_SCORE,CREDIT_UTILIZATION,0.0,N,N,RISK_V4.0,2026-04-10,2026-04-10 11:28:08.710733
187,22.5,MODERATE,0.05,24.727272727272734,0.0,67.54800442344427,75.27272727272727,100.0,TRANSACTION_VELOCITY,BUREAU_SCORE,0.0,N,N,RISK_V4.0,2026-04-10,2026-04-10 11:28:08.710733
190,18.91,LOW,0.05,37.81818181818182,0.0,0.0,62.18181818181818,100.0,BUREAU_SCORE,CREDIT_UTILIZATION,0.0,N,N,RISK_V4.0,2026-04-10,2026-04-10 11:28:08.710733
192,24.73,MODERATE,0.05,49.45454545454545,0.0,0.0,50.54545454545455,100.0,BUREAU_SCORE,CREDIT_UTILIZATION,0.0,N,N,RISK_V4.0,2026-04-10,2026-04-10 11:28:08.710733
193,19.36,LOW,0.05,38.727272727272734,0.0,0.0,61.272727272727266,100.0,BUREAU_SCORE,CREDIT_UTILIZATION,0.0,N,N,RISK_V4.0,2026-04-10,2026-04-10 11:28:08.710733
194,11.36,LOW,0.05,22.727272727272734,0.0,0.0,77.27272727272727,100.0,BUREAU_SCORE,CREDIT_UTILIZATION,0.0,N,N,RISK_V4.0,2026-04-10,2026-04-10 11:28:08.710733
195,25.91,MODERATE,0.05,51.81818181818182,0.0,0.0,48.18181818181818,100.0,BUREAU_SCORE,CREDIT_UTILIZATION,0.0,N,N,RISK_V4.0,2026-04-10,2026-04-10 11:28:08.710733
200,38.04,MODERATE,0.05,58.36363636363636,0.0,59.0399450983059,41.63636363636364,100.0,TRANSACTION_VELOCITY,BUREAU_SCORE,0.0,N,N,RISK_V4.0,2026-04-10,2026-04-10 11:28:08.710733
201,21.55,MODERATE,0.05,43.09090909090909,0.0,0.0,56.90909090909091,100.0,BUREAU_SCORE,CREDIT_UTILIZATION,0.0,N,N,RISK_V4.0,2026-04-10,2026-04-10 11:28:08.710733
202,21.82,MODERATE,0.05,43.63636363636364,0.0,0.0,56.36363636363636,100.0,BUREAU_SCORE,CREDIT_UTILIZATION,0.0,N,N,RISK_V4.0,2026-04-10,2026-04-10 11:28:08.710733
203,23.36,MODERATE,0.05,46.72727272727273,0.0,0.0,53.27272727272727,100.0,BUREAU_SCORE,CREDIT_UTILIZATION,0.0,N,N,RISK_V4.0,2026-04-10,2026-04-10 11:28:08.710733
204,11.64,LOW,0.05,23.27272727272728,0.0,0.0,76.72727272727272,100.0,BUREAU_SCORE,CREDIT_UTILIZATION,0.0,N,N,RISK_V4.0,2026-04-10,2026-04-10 11:28:08.710733
205,3.45,LOW,0.05,6.9090909090909065,0.0,0.0,93.0909090909091,100.0,BUREAU_SCORE,CREDIT_UTILIZATION,0.0,N,N,RISK_V4.0,2026-04-10,2026-04-10 11:28:08.710733
206,5.55,LOW,0.05,11.090909090909093,0.0,0.0,88.9090909090909,100.0,BUREAU_SCORE,CREDIT_UTILIZATION,0.0,N,N,RISK_V4.0,2026-04-10,2026-04-10 11:28:08.710733
209,19.83,LOW,0.05,18.72727272727272,0.0,69.77484843627934,81.27272727272728,100.0,TRANSACTION_VELOCITY,BUREAU_SCORE,0.0,N,N,RISK_V4.0,2026-04-10,2026-04-10 11:28:08.710733
211,35.82,MODERATE,0.05,41.63636363636364,0.0,100.0,58.36363636363636,100.0,TRANSACTION_VELOCITY,BUREAU_SCORE,0.0,N,N,RISK_V4.0,2026-04-10,2026-04-10 11:28:08.710733
213,20.27,MODERATE,0.05,40.54545454545454,0.0,0.0,59.45454545454546,100.0,BUREAU_SCORE,CREDIT_UTILIZATION,0.0,N,N,RISK_V4.0,2026-04-10,2026-04-10 11:28:08.710733
214,17.09,LOW,0.05,34.18181818181819,0.0,0.0,65.81818181818181,100.0,BUREAU_SCORE,CREDIT_UTILIZATION,0.0,N,N,RISK_V4.0,2026-04-10,2026-04-10 11:28:08.710733
216,29.36,MODERATE,0.05,28.72727272727272,0.0,100.0,71.27272727272728,100.0,TRANSACTION_VELOCITY,BUREAU_SCORE,0.0,N,N,RISK_V4.0,2026-04-10,2026-04-10 11:28:08.710733
217,13.42,LOW,0.05,8.0,0.0,62.78737504569074,92.0,100.0,TRANSACTION_VELOCITY,BUREAU_SCORE,0.0,N,N,RISK_V4.0,2026-04-10,2026-04-10 11:28:08.710733
223,19.91,LOW,0.05,39.81818181818182,0.0,0.0,60.18181818181818,100.0,BUREAU_SCORE,CREDIT_UTILIZATION,0.0,N,N,RISK_V4.0,2026-04-10,2026-04-10 11:28:08.710733
226,16.45,LOW,0.05,32.90909090909091,0.0,0.0,67.0909090909091,100.0,BUREAU_SCORE,CREDIT_UTILIZATION,0.0,N,N,RISK_V4.0,2026-04-10,2026-04-10 11:28:08.710733
229,11.45,LOW,0.05,22.909090909090907,0.0,0.0,77.0909090909091,100.0,BUREAU_SCORE,CREDIT_UTILIZATION,0.0,N,N,RISK_V4.0,2026-04-10,2026-04-10 11:28:08.710733
231,11.36,LOW,0.05,22.727272727272734,0.0,0.0,77.27272727272727,100.0,BUREAU_SCORE,CREDIT_UTILIZATION,0.0,N,N,RISK_V4.0,2026-04-10,2026-04-10 11:28:08.710733
232,14.18,LOW,0.05,28.363636363636374,0.0,0.0,71.63636363636363,100.0,BUREAU_SCORE,CREDIT_UTILIZATION,0.0,N,N,RISK_V4.0,2026-04-10,2026-04-10 11:28:08.710733
235,14.55,LOW,0.05,29.090909090909093,0.0,0.0,70.9090909090909,100.0,BUREAU_SCORE,CREDIT_UTILIZATION,0.0,N,N,RISK_V4.0,2026-04-10,2026-04-10 11:28:08.710733
237,5.45,LOW,0.05,10.909090909090907,0.0,0.0,89.0909090909091,100.0,BUREAU_SCORE,CREDIT_UTILIZATION,0.0,N,N,RISK_V4.0,2026-04-10,2026-04-10 11:28:08.710733
239,39.44,MODERATE,0.05,60.72727272727273,0.0,60.5284789533171,39.27272727272727,100.0,BUREAU_SCORE,CREDIT_UTILIZATION,0.0,N,N,RISK_V4.0,2026-04-10,2026-04-10 11:28:08.710733
242,13.66,LOW,0.05,17.63636363636364,0.0,32.252021646900445,82.36363636363636,100.0,TRANSACTION_VELOCITY,BUREAU_SCORE,0.0,N,N,RISK_V4.0,2026-04-10,2026-04-10 11:28:08.710733
245,3.82,LOW,0.05,7.63636363636364,0.0,0.0,92.36363636363636,100.0,BUREAU_SCORE,CREDIT_UTILIZATION,0.0,N,N,RISK_V4.0,2026-04-10,2026-04-10 11:28:08.710733
249,16.09,LOW,0.05,32.18181818181817,0.0,0.0,67.81818181818183,100.0,BUREAU_SCORE,CREDIT_UTILIZATION,0.0,N,N,RISK_V4.0,2026-04-10,2026-04-10 11:28:08.710733
250,20.03,MODERATE,0.05,38.18181818181819,0.0,6.281035547709013,61.81818181818181,100.0,BUREAU_SCORE,CREDIT_UTILIZATION,0.0,N,N,RISK_V4.0,2026-04-10,2026-04-10 11:28:08.710733
252,20.82,MODERATE,0.05,41.63636363636364,0.0,0.0,58.36363636363636,100.0,BUREAU_SCORE,CREDIT_UTILIZATION,0.0,N,N,RISK_V4.0,2026-04-10,2026-04-10 11:28:08.710733
255,4.82,LOW,0.05,9.636363636363626,0.0,0.0,90.36363636363637,100.0,BUREAU_SCORE,CREDIT_UTILIZATION,0.0,N,N,RISK_V4.0,2026-04-10,2026-04-10 11:28:08.710733
256,6.64,LOW,0.05,13.272727272727266,0.0,0.0,86.72727272727273,100.0,BUREAU_SCORE,CREDIT_UTILIZATION,0.0,N,N,RISK_V4.0,2026-04-10,2026-04-10 11:28:08.710733
258,28.09,MODERATE,0.05,26.181818181818187,0.0,100.0,73.81818181818181,100.0,TRANSACTION_VELOCITY,BUREAU_SCORE,0.0,N,N,RISK_V4.0,2026-04-10,2026-04-10 11:28:08.710733
263,21.64,MODERATE,0.05,43.27272727272727,0.0,0.0,56.72727272727273,100.0,BUREAU_SCORE,CREDIT_UTILIZATION,0.0,N,N,RISK_V4.0,2026-04-10,2026-04-10 11:28:08.710733
264,16.3,LOW,0.05,21.636363636363626,0.0,36.57759844228355,78.36363636363637,100.0,TRANSACTION_VELOCITY,BUREAU_SCORE,0.0,N,N,RISK_V4.0,2026-04-10,2026-04-10 11:28:08.710733
266,0.0,LOW,0.05,0.0,0.0,0.0,100.0,100.0,BUREAU_SCORE,TRANSACTION_VELOCITY,0.0,N,N,RISK_V4.0,2026-04-10,2026-04-10 11:28:08.710733
267,0.0,LOW,0.05,0.0,0.0,0.0,100.0,100.0,BUREAU_SCORE,TRANSACTION_VELOCITY,0.0,N,N,RISK_V4.0,2026-04-10,2026-04-10 11:28:08.710733
268,8.84,LOW,0.05,17.090909090909093,0.0,1.9663389925640429,82.9090909090909,100.0,BUREAU_SCORE,CREDIT_UTILIZATION,0.0,N,N,RISK_V4.0,2026-04-10,2026-04-10 11:28:08.710733
269,32.91,MODERATE,0.05,43.45454545454545,0.0,74.58312321270503,56.54545454545455,100.0,TRANSACTION_VELOCITY,BUREAU_SCORE,0.0,N,N,RISK_V4.0,2026-04-10,2026-04-10 11:28:08.710733
271,13.0,LOW,0.05,26.0,0.0,0.0,74.0,100.0,BUREAU_SCORE,CREDIT_UTILIZATION,0.0,N,N,RISK_V4.0,2026-04-10,2026-04-10 11:28:08.710733
272,7.91,LOW,0.05,15.818181818181813,0.0,0.0,84.18181818181819,100.0,BUREAU_SCORE,CREDIT_UTILIZATION,0.0,N,N,RISK_V4.0,2026-04-10,2026-04-10 11:28:08.710733
274,11.12,LOW,0.05,18.0,0.0,14.157621811611243,82.0,100.0,BUREAU_SCORE,CREDIT_UTILIZATION,0.0,N,N,RISK_V4.0,2026-04-10,2026-04-10 11:28:08.710733
275,14.82,LOW,0.05,29.63636363636364,0.0,0.0,70.36363636363636,100.0,BUREAU_SCORE,CREDIT_UTILIZATION,0.0,N,N,RISK_V4.0,2026-04-10,2026-04-10 11:28:08.710733
276,35.55,MODERATE,0.05,41.090909090909086,0.0,100.0,58.909090909090914,100.0,TRANSACTION_VELOCITY,BUREAU_SCORE,0.0,N,N,RISK_V4.0,2026-04-10,2026-04-10 11:28:08.710733
278,20.76,MODERATE,0.05,18.0,0.0,78.42005349291819,82.0,100.0,TRANSACTION_VELOCITY,BUREAU_SCORE,0.0,N,N,RISK_V4.0,2026-04-10,2026-04-10 11:28:08.710733
279,9.18,LOW,0.05,18.36363636363636,0.0,0.0,81.63636363636364,100.0,BUREAU_SCORE,CREDIT_UTILIZATION,0.0,N,N,RISK_V4.0,2026-04-10,2026-04-10 11:28:08.710733
280,19.95,LOW,0.05,28.72727272727272,0.0,37.22073191982308,71.27272727272728,100.0,TRANSACTION_VELOCITY,BUREAU_SCORE,0.0,N,N,RISK_V4.0,2026-04-10,2026-04-10 11:28:08.710733
282,10.28,LOW,0.05,3.4545454545454533,0.0,56.986104227252895,96.54545454545455,100.0,TRANSACTION_VELOCITY,BUREAU_SCORE,0.0,N,N,RISK_V4.0,2026-04-10,2026-04-10 11:28:08.710733
283,19.27,LOW,0.05,38.54545454545455,0.0,0.0,61.45454545454545,100.0,BUREAU_SCORE,CREDIT_UTILIZATION,0.0,N,N,RISK_V4.0,2026-04-10,2026-04-10 11:28:08.710733
284,0.0,LOW,0.05,0.0,0.0,0.0,100.0,100.0,BUREAU_SCORE,TRANSACTION_VELOCITY,0.0,N,N,RISK_V4.0,2026-04-10,2026-04-10 11:28:08.710733
285,22.96,MODERATE,0.05,40.18181818181819,0.0,19.127497829508812,59.81818181818181,100.0,BUREAU_SCORE,CREDIT_UTILIZATION,0.0,N,N,RISK_V4.0,2026-04-10,2026-04-10 11:28:08.710733
290,10.73,LOW,0.05,21.454545454545453,0.0,0.0,78.54545454545455,100.0,BUREAU_SCORE,CREDIT_UTILIZATION,0.0,N,N,RISK_V4.0,2026-04-10,2026-04-10 11:28:08.710733
292,25.09,MODERATE,0.05,20.181818181818173,0.0,100.0,79.81818181818183,100.0,TRANSACTION_VELOCITY,BUREAU_SCORE,0.0,N,N,RISK_V4.0,2026-04-10,2026-04-10 11:28:08.710733
293,19.11,LOW,0.05,33.45454545454545,0.0,15.898372417386197,66.54545454545455,100.0,BUREAU_SCORE,CREDIT_UTILIZATION,0.0,N,N,RISK_V4.0,2026-04-10,2026-04-10 11:28:08.710733
294,7.73,LOW,0.05,15.454545454545453,0.0,0.0,84.54545454545455,100.0,BUREAU_SCORE,CREDIT_UTILIZATION,0.0,N,N,RISK_V4.0,2026-04-10,2026-04-10 11:28:08.710733
298,9.82,LOW,0.05,19.63636363636364,0.0,0.0,80.36363636363636,100.0,BUREAU_SCORE,CREDIT_UTILIZATION,0.0,N,N,RISK_V4.0,2026-04-10,2026-04-10 11:28:08.710733
299,7.09,LOW,0.05,14.181818181818187,0.0,0.0,85.81818181818181,100.0,BUREAU_SCORE,CREDIT_UTILIZATION,0.0,N,N,RISK_V4.0,2026-04-10,2026-04-10 11:28:08.710733
303,14.0,LOW,0.05,28.0,0.0,0.0,72.0,100.0,BUREAU_SCORE,CREDIT_UTILIZATION,0.0,N,N,RISK_V4.0,2026-04-10,2026-04-10 11:28:08.710733
306,16.73,LOW,0.05,33.45454545454545,0.0,0.0,66.54545454545455,100.0,BUREAU_SCORE,CREDIT_UTILIZATION,0.0,N,N,RISK_V4.0,2026-04-10,2026-04-10 11:28:08.710733
308,16.82,LOW,0.05,33.636363636363626,0.0,0.0,66.36363636363637,100.0,BUREAU_SCORE,CREDIT_UTILIZATION,0.0,N,N,RISK_V4.0,2026-04-10,2026-04-10 11:28:08.710733
312,18.64,LOW,0.05,37.272727272727266,0.0,0.0,62.727272727272734,100.0,BUREAU_SCORE,CREDIT_UTILIZATION,0.0,N,N,RISK_V4.0,2026-04-10,2026-04-10 11:28:08.710733
313,16.45,LOW,0.05,32.90909090909091,0.0,0.0,67.0909090909091,100.0,BUREAU_SCORE,CREDIT_UTILIZATION,0.0,N,N,RISK_V4.0,2026-04-10,2026-04-10 11:28:08.710733
314,9.33,LOW,0.05,9.818181818181813,0.0,29.47299522824206,90.18181818181819,100.0,TRANSACTION_VELOCITY,BUREAU_SCORE,0.0,N,N,RISK_V4.0,2026-04-10,2026-04-10 11:28:08.710733
316,29.34,MODERATE,0.05,30.909090909090907,0.0,92.60112647209422,69.0909090909091,100.0,TRANSACTION_VELOCITY,BUREAU_SCORE,0.0,N,N,RISK_V4.0,2026-04-10,2026-04-10 11:28:08.710733
318,0.0,LOW,0.05,0.0,0.0,0.0,100.0,100.0,BUREAU_SCORE,TRANSACTION_VELOCITY,0.0,N,N,RISK_V4.0,2026-04-10,2026-04-10 11:28:08.710733
320,15.45,LOW,0.05,30.909090909090907,0.0,0.0,69.0909090909091,100.0,BUREAU_SCORE,CREDIT_UTILIZATION,0.0,N,N,RISK_V4.0,2026-04-10,2026-04-10 11:28:08.710733
321,16.36,LOW,0.05,2.7272727272727195,0.0,100.0,97.27272727272728,100.0,TRANSACTION_VELOCITY,BUREAU_SCORE,0.0,N,N,RISK_V4.0,2026-04-10,2026-04-10 11:28:08.710733
323,19.69,LOW,0.05,29.272727272727266,0.0,33.7144908214542,70.72727272727273,100.0,TRANSACTION_VELOCITY,BUREAU_SCORE,0.0,N,N,RISK_V4.0,2026-04-10,2026-04-10 11:28:08.710733
325,25.45,MODERATE,0.05,50.90909090909091,0.0,0.0,49.09090909090909,100.0,BUREAU_SCORE,CREDIT_UTILIZATION,0.0,N,N,RISK_V4.0,2026-04-10,2026-04-10 11:28:08.710733
330,7.31,LOW,0.05,5.0909090909090935,0.0,31.796532079818196,94.9090909090909,100.0,TRANSACTION_VELOCITY,BUREAU_SCORE,0.0,N,N,RISK_V4.0,2026-04-10,2026-04-10 11:28:08.710733
333,12.18,LOW,0.05,24.36363636363636,0.0,0.0,75.63636363636364,100.0,BUREAU_SCORE,CREDIT_UTILIZATION,0.0,N,N,RISK_V4.0,2026-04-10,2026-04-10 11:28:08.710733
335,16.18,LOW,0.05,32.36363636363636,0.0,0.0,67.63636363636364,100.0,BUREAU_SCORE,CREDIT_UTILIZATION,0.0,N,N,RISK_V4.0,2026-04-10,2026-04-10 11:28:08.710733
336,5.55,LOW,0.05,11.090909090909093,0.0,0.0,88.9090909090909,100.0,BUREAU_SCORE,CREDIT_UTILIZATION,0.0,N,N,RISK_V4.0,2026-04-10,2026-04-10 11:28:08.710733
337,17.36,LOW,0.05,14.909090909090907,0.0,66.00337363654103,85.0909090909091,100.0,TRANSACTION_VELOCITY,BUREAU_SCORE,0.0,N,N,RISK_V4.0,2026-04-10,2026-04-10 11:28:08.710733
341,20.3,MODERATE,0.05,25.272727272727266,0.0,51.10141363293577,74.72727272727273,100.0,TRANSACTION_VELOCITY,BUREAU_SCORE,0.0,N,N,RISK_V4.0,2026-04-10,2026-04-10 11:28:08.710733
343,17.09,LOW,0.05,34.18181818181819,0.0,0.0,65.81818181818181,100.0,BUREAU_SCORE,CREDIT_UTILIZATION,0.0,N,N,RISK_V4.0,2026-04-10,2026-04-10 11:28:08.710733
345,24.37,MODERATE,0.05,25.63636363636364,0.0,77.00049034292209,74.36363636363636,100.0,TRANSACTION_VELOCITY,BUREAU_SCORE,0.0,N,N,RISK_V4.0,2026-04-10,2026-04-10 11:28:08.710733
347,19.56,LOW,0.05,28.545454545454547,0.0,35.21946867332685,71.45454545454545,100.0,TRANSACTION_VELOCITY,BUREAU_SCORE,0.0,N,N,RISK_V4.0,2026-04-10,2026-04-10 11:28:08.710733
351,7.97,LOW,0.05,15.090909090909093,0.0,2.861494940702858,84.9090909090909,100.0,BUREAU_SCORE,CREDIT_UTILIZATION,0.0,N,N,RISK_V4.0,2026-04-10,2026-04-10 11:28:08.710733
352,43.73,ELEVATED,0.05,57.45454545454545,0.0,100.0,42.54545454545455,100.0,TRANSACTION_VELOCITY,BUREAU_SCORE,0.0,N,N,RISK_V4.0,2026-04-10,2026-04-10 11:28:08.710733
353,10.73,LOW,0.05,21.454545454545453,0.0,0.0,78.54545454545455,100.0,BUREAU_SCORE,CREDIT_UTILIZATION,0.0,N,N,RISK_V4.0,2026-04-10,2026-04-10 11:28:08.710733
354,13.73,LOW,0.05,27.454545454545453,0.0,0.0,72.54545454545455,100.0,BUREAU_SCORE,CREDIT_UTILIZATION,0.0,N,N,RISK_V4.0,2026-04-10,2026-04-10 11:28:08.710733
357,11.73,LOW,0.05,23.454545454545453,0.0,0.0,76.54545454545455,100.0,BUREAU_SCORE,CREDIT_UTILIZATION,0.0,N,N,RISK_V4.0,2026-04-10,2026-04-10 11:28:08.710733
359,11.74,LOW,0.05,19.27272727272728,0.0,14.05573338354359,80.72727272727272,100.0,BUREAU_SCORE,CREDIT_UTILIZATION,0.0,N,N,RISK_V4.0,2026-04-10,2026-04-10 11:28:08.710733
362,20.64,MODERATE,0.05,41.27272727272727,0.0,0.0,58.72727272727273,100.0,BUREAU_SCORE,CREDIT_UTILIZATION,0.0,N,N,RISK_V4.0,2026-04-10,2026-04-10 11:28:08.710733
364,7.87,LOW,0.05,13.454545454545453,0.0,7.604254052445003,86.54545454545455,100.0,BUREAU_SCORE,CREDIT_UTILIZATION,0.0,N,N,RISK_V4.0,2026-04-10,2026-04-10 11:28:08.710733
366,8.91,LOW,0.05,17.818181818181827,0.0,0.0,82.18181818181817,100.0,BUREAU_SCORE,CREDIT_UTILIZATION,0.0,N,N,RISK_V4.0,2026-04-10,2026-04-10 11:28:08.710733
367,18.22,LOW,0.05,26.72727272727272,0.0,32.38245430300669,73.27272727272728,100.0,TRANSACTION_VELOCITY,BUREAU_SCORE,0.0,N,N,RISK_V4.0,2026-04-10,2026-04-10 11:28:08.710733
368,7.78,LOW,0.05,13.090909090909093,0.0,8.229044914124916,86.9090909090909,100.0,BUREAU_SCORE,CREDIT_UTILIZATION,0.0,N,N,RISK_V4.0,2026-04-10,2026-04-10 11:28:08.710733
369,11.41,LOW,0.05,20.727272727272734,0.0,6.973105801139868,79.27272727272727,100.0,BUREAU_SCORE,CREDIT_UTILIZATION,0.0,N,N,RISK_V4.0,2026-04-10,2026-04-10 11:28:08.710733
370,13.34,LOW,0.05,21.636363636363626,0.0,16.82385575589459,78.36363636363637,100.0,BUREAU_SCORE,CREDIT_UTILIZATION,0.0,N,N,RISK_V4.0,2026-04-10,2026-04-10 11:28:08.710733
371,8.18,LOW,0.05,16.363636363636374,0.0,0.0,83.63636363636363,100.0,BUREAU_SCORE,CREDIT_UTILIZATION,0.0,N,N,RISK_V4.0,2026-04-10,2026-04-10 11:28:08.710733
380,14.18,LOW,0.05,28.363636363636374,0.0,0.0,71.63636363636363,100.0,BUREAU_SCORE,CREDIT_UTILIZATION,0.0,N,N,RISK_V4.0,2026-04-10,2026-04-10 11:28:08.710733
381,13.53,LOW,0.05,12.0,0.0,50.1764844184794,88.0,100.0,TRANSACTION_VELOCITY,BUREAU_SCORE,0.0,N,N,RISK_V4.0,2026-04-10,2026-04-10 11:28:08.710733
382,19.91,LOW,0.05,9.818181818181813,0.0,100.0,90.18181818181819,100.0,TRANSACTION_VELOCITY,BUREAU_SCORE,0.0,N,N,RISK_V4.0,2026-04-10,2026-04-10 11:28:08.710733
385,8.05,LOW,0.05,14.909090909090907,0.0,3.982689827724928,85.0909090909091,100.0,BUREAU_SCORE,CREDIT_UTILIZATION,0.0,N,N,RISK_V4.0,2026-04-10,2026-04-10 11:28:08.710733
391,15.45,LOW,0.05,30.909090909090907,0.0,0.0,69.0909090909091,100.0,BUREAU_SCORE,CREDIT_UTILIZATION,0.0,N,N,RISK_V4.0,2026-04-10,2026-04-10 11:28:08.710733
393,30.82,MODERATE,0.05,31.63636363636364,0.0,100.0,68.36363636363636,100.0,TRANSACTION_VELOCITY,BUREAU_SCORE,0.0,N,N,RISK_V4.0,2026-04-10,2026-04-10 11:28:08.710733
395,22.0,MODERATE,0.05,43.99999999999999,0.0,0.0,56.00000000000001,100.0,BUREAU_SCORE,CREDIT_UTILIZATION,0.0,N,N,RISK_V4.0,2026-04-10,2026-04-10 11:28:08.710733
396,8.0,LOW,0.05,16.0,0.0,0.0,84.0,100.0,BUREAU_SCORE,CREDIT_UTILIZATION,0.0,N,N,RISK_V4.0,2026-04-10,2026-04-10 11:28:08.710733
398,7.03,LOW,0.05,0.0,0.0,46.849953683193036,100.0,100.0,TRANSACTION_VELOCITY,BUREAU_SCORE,0.0,N,N,RISK_V4.0,2026-04-10,2026-04-10 11:28:08.710733
399,22.09,MODERATE,0.05,44.18181818181818,0.0,0.0,55.81818181818182,100.0,BUREAU_SCORE,CREDIT_UTILIZATION,0.0,N,N,RISK_V4.0,2026-04-10,2026-04-10 11:28:08.710733
401,16.27,LOW,0.05,32.54545454545455,0.0,0.0,67.45454545454545,100.0,BUREAU_SCORE,CREDIT_UTILIZATION,0.0,N,N,RISK_V4.0,2026-04-10,2026-04-10 11:28:08.710733
405,5.09,LOW,0.05,10.181818181818187,0.0,0.0,89.81818181818181,100.0,BUREAU_SCORE,CREDIT_UTILIZATION,0.0,N,N,RISK_V4.0,2026-04-10,2026-04-10 11:28:08.710733
408,9.73,LOW,0.05,19.454545454545453,0.0,0.0,80.54545454545455,100.0,BUREAU_SCORE,CREDIT_UTILIZATION,0.0,N,N,RISK_V4.0,2026-04-10,2026-04-10 11:28:08.710733
412,13.27,LOW,0.05,26.545454545454547,0.0,0.0,73.45454545454545,100.0,BUREAU_SCORE,CREDIT_UTILIZATION,0.0,N,N,RISK_V4.0,2026-04-10,2026-04-10 11:28:08.710733
414,14.91,LOW,0.05,29.818181818181827,0.0,0.0,70.18181818181817,100.0,BUREAU_SCORE,CREDIT_UTILIZATION,0.0,N,N,RISK_V4.0,2026-04-10,2026-04-10 11:28:08.710733
415,14.27,LOW,0.05,28.545454545454547,0.0,0.0,71.45454545454545,100.0,BUREAU_SCORE,CREDIT_UTILIZATION,0.0,N,N,RISK_V4.0,2026-04-10,2026-04-10 11:28:08.710733
417,21.64,MODERATE,0.05,43.27272727272727,0.0,0.0,56.72727272727273,100.0,BUREAU_SCORE,CREDIT_UTILIZATION,0.0,N,N,RISK_V4.0,2026-04-10,2026-04-10 11:28:08.710733
419,12.82,LOW,0.05,25.63636363636364,0.0,0.0,74.36363636363636,100.0,BUREAU_SCORE,CREDIT_UTILIZATION,0.0,N,N,RISK_V4.0,2026-04-10,2026-04-10 11:28:08.710733
420,14.19,LOW,0.05,21.636363636363626,0.0,22.466603817214814,78.36363636363637,100.0,TRANSACTION_VELOCITY,BUREAU_SCORE,0.0,N,N,RISK_V4.0,2026-04-10,2026-04-10 11:28:08.710733
426,29.82,MODERATE,0.05,59.63636363636364,0.0,0.0,40.36363636363636,100.0,BUREAU_SCORE,CREDIT_UTILIZATION,0.0,N,N,RISK_V4.0,2026-04-10,2026-04-10 11:28:08.710733
429,18.91,LOW,0.05,37.81818181818182,0.0,0.0,62.18181818181818,100.0,BUREAU_SCORE,CREDIT_UTILIZATION,0.0,N,N,RISK_V4.0,2026-04-10,2026-04-10 11:28:08.710733
431,30.18,MODERATE,0.05,60.36363636363637,0.0,0.0,39.63636363636363,100.0,BUREAU_SCORE,CREDIT_UTILIZATION,0.0,N,N,RISK_V4.0,2026-04-10,2026-04-10 11:28:08.710733
434,7.22,LOW,0.05,13.818181818181813,0.0,2.04746811110067,86.18181818181819,100.0,BUREAU_SCORE,CREDIT_UTILIZATION,0.0,N,N,RISK_V4.0,2026-04-10,2026-04-10 11:28:08.710733
436,31.73,MODERATE,0.05,63.45454545454545,0.0,0.0,36.54545454545455,100.0,BUREAU_SCORE,CREDIT_UTILIZATION,0.0,N,N,RISK_V4.0,2026-04-10,2026-04-10 11:28:08.710733
437,6.14,LOW,0.05,1.2727272727272663,0.0,36.707880443972485,98.72727272727273,100.0,TRANSACTION_VELOCITY,BUREAU_SCORE,0.0,N,N,RISK_V4.0,2026-04-10,2026-04-10 11:28:08.710733
440,19.32,LOW,0.05,23.818181818181813,0.0,49.395888565344,76.18181818181819,100.0,TRANSACTION_VELOCITY,BUREAU_SCORE,0.0,N,N,RISK_V4.0,2026-04-10,2026-04-10 11:28:08.710733
441,10.09,LOW,0.05,20.181818181818173,0.0,0.0,79.81818181818183,100.0,BUREAU_SCORE,CREDIT_UTILIZATION,0.0,N,N,RISK_V4.0,2026-04-10,2026-04-10 11:28:08.710733
442,21.18,MODERATE,0.05,42.36363636363636,0.0,0.0,57.63636363636364,100.0,BUREAU_SCORE,CREDIT_UTILIZATION,0.0,N,N,RISK_V4.0,2026-04-10,2026-04-10 11:28:08.710733
447,20.64,MODERATE,0.05,41.27272727272727,0.0,0.0,58.72727272727273,100.0,BUREAU_SCORE,CREDIT_UTILIZATION,0.0,N,N,RISK_V4.0,2026-04-10,2026-04-10 11:28:08.710733
448,23.73,MODERATE,0.05,47.454545454545446,0.0,0.0,52.545454545454554,100.0,BUREAU_SCORE,CREDIT_UTILIZATION,0.0,N,N,RISK_V4.0,2026-04-10,2026-04-10 11:28:08.710733
453,22.36,MODERATE,0.05,14.72727272727272,0.0,100.0,85.27272727272728,100.0,TRANSACTION_VELOCITY,BUREAU_SCORE,0.0,N,N,RISK_V4.0,2026-04-10,2026-04-10 11:28:08.710733
454,17.82,LOW,0.05,35.636363636363626,0.0,0.0,64.36363636363637,100.0,BUREAU_SCORE,CREDIT_UTILIZATION,0.0,N,N,RISK_V4.0,2026-04-10,2026-04-10 11:28:08.710733
459,0.0,LOW,0.05,0.0,0.0,0.0,100.0,100.0,BUREAU_SCORE,TRANSACTION_VELOCITY,0.0,N,N,RISK_V4.0,2026-04-10,2026-04-10 11:28:08.710733
460,13.73,LOW,0.05,27.454545454545453,0.0,0.0,72.54545454545455,100.0,BUREAU_SCORE,CREDIT_UTILIZATION,0.0,N,N,RISK_V4.0,2026-04-10,2026-04-10 11:28:08.710733
463,26.44,MODERATE,0.05,52.18181818181818,0.0,2.313740280840193,47.81818181818182,100.0,BUREAU_SCORE,CREDIT_UTILIZATION,0.0,N,N,RISK_V4.0,2026-04-10,2026-04-10 11:28:08.710733
466,4.82,LOW,0.05,9.636363636363626,0.0,0.0,90.36363636363637,100.0,BUREAU_SCORE,CREDIT_UTILIZATION,0.0,N,N,RISK_V4.0,2026-04-10,2026-04-10 11:28:08.710733
467,30.5,MODERATE,0.05,35.45454545454545,0.0,85.1477284761199,64.54545454545455,100.0,TRANSACTION_VELOCITY,BUREAU_SCORE,0.0,N,N,RISK_V4.0,2026-04-10,2026-04-10 11:28:08.710733
470,25.61,MODERATE,0.05,30.909090909090907,0.0,67.73611311659316,69.0909090909091,100.0,TRANSACTION_VELOCITY,BUREAU_SCORE,0.0,N,N,RISK_V4.0,2026-04-10,2026-04-10 11:28:08.710733
473,43.91,ELEVATED,0.05,57.81818181818182,0.0,100.0,42.18181818181818,100.0,TRANSACTION_VELOCITY,BUREAU_SCORE,0.0,N,N,RISK_V4.0,2026-04-10,2026-04-10 11:28:08.710733
475,5.45,LOW,0.05,10.909090909090907,0.0,0.0,89.0909090909091,100.0,BUREAU_SCORE,CREDIT_UTILIZATION,0.0,N,N,RISK_V4.0,2026-04-10,2026-04-10 11:28:08.710733
478,9.87,LOW,0.05,4.181818181818187,0.0,51.82921568063505,95.81818181818181,100.0,TRANSACTION_VELOCITY,BUREAU_SCORE,0.0,N,N,RISK_V4.0,2026-04-10,2026-04-10 11:28:08.710733
479,24.36,MODERATE,0.05,48.727272727272734,0.0,0.0,51.272727272727266,100.0,BUREAU_SCORE,CREDIT_UTILIZATION,0.0,N,N,RISK_V4.0,2026-04-10,2026-04-10 11:28:08.710733
480,25.35,MODERATE,0.05,37.090909090909086,0.0,45.361588618850035,62.909090909090914,100.0,TRANSACTION_VELOCITY,BUREAU_SCORE,0.0,N,N,RISK_V4.0,2026-04-10,2026-04-10 11:28:08.710733
481,13.39,LOW,0.05,0.36363636363635976,0.0,88.07339016937645,99.63636363636364,100.0,TRANSACTION_VELOCITY,BUREAU_SCORE,0.0,N,N,RISK_V4.0,2026-04-10,2026-04-10 11:28:08.710733
483,31.27,MODERATE,0.05,32.54545454545455,0.0,100.0,67.45454545454545,100.0,TRANSACTION_VELOCITY,BUREAU_SCORE,0.0,N,N,RISK_V4.0,2026-04-10,2026-04-10 11:28:08.710733
486,19.45,LOW,0.05,38.90909090909091,0.0,0.0,61.09090909090909,100.0,BUREAU_SCORE,CREDIT_UTILIZATION,0.0,N,N,RISK_V4.0,2026-04-10,2026-04-10 11:28:08.710733
487,7.82,LOW,0.05,15.63636363636364,0.0,0.0,84.36363636363636,100.0,BUREAU_SCORE,CREDIT_UTILIZATION,0.0,N,N,RISK_V4.0,2026-04-10,2026-04-10 11:28:08.710733
488,26.54,MODERATE,0.05,30.909090909090907,0.0,73.90147280416079,69.0909090909091,100.0,TRANSACTION_VELOCITY,BUREAU_SCORE,0.0,N,N,RISK_V4.0,2026-04-10,2026-04-10 11:28:08.710733
489,40.89,ELEVATED,0.05,57.63636363636363,0.0,80.50551187964882,42.36363636363637,100.0,TRANSACTION_VELOCITY,BUREAU_SCORE,0.0,N,N,RISK_V4.0,2026-04-10,2026-04-10 11:28:08.710733
490,29.88,MODERATE,0.05,46.54545454545455,0.0,44.06243928683514,53.45454545454545,100.0,BUREAU_SCORE,CREDIT_UTILIZATION,0.0,N,N,RISK_V4.0,2026-04-10,2026-04-10 11:28:08.710733
494,39.0,MODERATE,0.05,48.0,0.0,100.0,52.0,100.0,TRANSACTION_VELOCITY,BUREAU_SCORE,0.0,N,N,RISK_V4.0,2026-04-10,2026-04-10 11:28:08.710733
2,28.22,MODERATE,0.05,53.63636363636364,0.0,9.354995059296966,46.36363636363636,100.0,BUREAU_SCORE,CREDIT_UTILIZATION,0.0,N,N,RISK_V4.0,2026-04-10,2026-04-10 11:28:08.710733
7,21.27,MODERATE,0.05,12.545454545454547,0.0,100.0,87.45454545454545,100.0,TRANSACTION_VELOCITY,BUREAU_SCORE,0.0,N,N,RISK_V4.0,2026-04-10,2026-04-10 11:28:08.710733
9,5.55,LOW,0.05,11.090909090909093,0.0,0.0,88.9090909090909,100.0,BUREAU_SCORE,CREDIT_UTILIZATION,0.0,N,N,RISK_V4.0,2026-04-10,2026-04-10 11:28:08.710733
10,3.73,LOW,0.05,7.454545454545453,0.0,0.0,92.54545454545455,100.0,BUREAU_SCORE,CREDIT_UTILIZATION,0.0,N,N,RISK_V4.0,2026-04-10,2026-04-10 11:28:08.710733
12,19.84,LOW,0.05,32.727272727272734,0.0,23.178962904299926,67.27272727272727,100.0,BUREAU_SCORE,CREDIT_UTILIZATION,0.0,N,N,RISK_V4.0,2026-04-10,2026-04-10 11:28:08.710733
17,17.36,LOW,0.05,34.727272727272734,0.0,0.0,65.27272727272727,100.0,BUREAU_SCORE,CREDIT_UTILIZATION,0.0,N,N,RISK_V4.0,2026-04-10,2026-04-10 11:28:08.710733
18,10.82,LOW,0.05,21.636363636363626,0.0,0.0,78.36363636363637,100.0,BUREAU_SCORE,CREDIT_UTILIZATION,0.0,N,N,RISK_V4.0,2026-04-10,2026-04-10 11:28:08.710733
20,12.91,LOW,0.05,25.818181818181813,0.0,0.0,74.18181818181819,100.0,BUREAU_SCORE,CREDIT_UTILIZATION,0.0,N,N,RISK_V4.0,2026-04-10,2026-04-10 11:28:08.710733
24,2.36,LOW,0.05,4.7272727272727195,0.0,0.0,95.27272727272728,100.0,BUREAU_SCORE,CREDIT_UTILIZATION,0.0,N,N,RISK_V4.0,2026-04-10,2026-04-10 11:28:08.710733
29,2.27,LOW,0.05,4.545454545454547,0.0,0.0,95.45454545454545,100.0,BUREAU_SCORE,CREDIT_UTILIZATION,0.0,N,N,RISK_V4.0,2026-04-10,2026-04-10 11:28:08.710733
37,26.99,MODERATE,0.05,33.636363636363626,0.0,67.7912754333821,66.36363636363637,100.0,TRANSACTION_VELOCITY,BUREAU_SCORE,0.0,N,N,RISK_V4.0,2026-04-10,2026-04-10 11:28:08.710733
43,11.09,LOW,0.05,22.181818181818187,0.0,0.0,77.81818181818181,100.0,BUREAU_SCORE,CREDIT_UTILIZATION,0.0,N,N,RISK_V4.0,2026-04-10,2026-04-10 11:28:08.710733
44,6.2,LOW,0.05,4.7272727272727195,0.0,25.552344831738004,95.27272727272728,100.0,TRANSACTION_VELOCITY,BUREAU_SCORE,0.0,N,N,RISK_V4.0,2026-04-10,2026-04-10 11:28:08.710733
45,8.36,LOW,0.05,16.72727272727272,0.0,0.0,83.27272727272728,100.0,BUREAU_SCORE,CREDIT_UTILIZATION,0.0,N,N,RISK_V4.0,2026-04-10,2026-04-10 11:28:08.710733
50,29.91,MODERATE,0.05,29.818181818181827,0.0,100.0,70.18181818181817,100.0,TRANSACTION_VELOCITY,BUREAU_SCORE,0.0,N,N,RISK_V4.0,2026-04-10,2026-04-10 11:28:08.710733
52,11.82,LOW,0.05,23.636363636363626,0.0,0.0,76.36363636363637,100.0,BUREAU_SCORE,CREDIT_UTILIZATION,0.0,N,N,RISK_V4.0,2026-04-10,2026-04-10 11:28:08.710733
55,8.82,LOW,0.05,17.63636363636364,0.0,0.0,82.36363636363636,100.0,BUREAU_SCORE,CREDIT_UTILIZATION,0.0,N,N,RISK_V4.0,2026-04-10,2026-04-10 11:28:08.710733
56,9.55,LOW,0.05,19.090909090909093,0.0,0.0,80.9090909090909,100.0,BUREAU_SCORE,CREDIT_UTILIZATION,0.0,N,N,RISK_V4.0,2026-04-10,2026-04-10 11:28:08.710733
59,14.34,LOW,0.05,13.63636363636364,0.0,50.14150943396227,86.36363636363636,100.0,TRANSACTION_VELOCITY,BUREAU_SCORE,0.0,N,N,RISK_V4.0,2026-04-10,2026-04-10 11:28:08.710733
60,12.27,LOW,0.05,24.545454545454547,0.0,0.0,75.45454545454545,100.0,BUREAU_SCORE,CREDIT_UTILIZATION,0.0,N,N,RISK_V4.0,2026-04-10,2026-04-10 11:28:08.710733
64,18.39,LOW,0.05,32.727272727272734,0.0,13.489037178265006,67.27272727272727,100.0,BUREAU_SCORE,CREDIT_UTILIZATION,0.0,N,N,RISK_V4.0,2026-04-10,2026-04-10 11:28:08.710733
66,19.41,LOW,0.05,10.0,0.0,96.08485684718866,90.0,100.0,TRANSACTION_VELOCITY,BUREAU_SCORE,0.0,N,N,RISK_V4.0,2026-04-10,2026-04-10 11:28:08.710733
69,16.73,LOW,0.05,33.45454545454545,0.0,0.0,66.54545454545455,100.0,BUREAU_SCORE,CREDIT_UTILIZATION,0.0,N,N,RISK_V4.0,2026-04-10,2026-04-10 11:28:08.710733
74,24.91,MODERATE,0.05,30.909090909090907,0.0,63.02840585709111,69.0909090909091,100.0,TRANSACTION_VELOCITY,BUREAU_SCORE,0.0,N,N,RISK_V4.0,2026-04-10,2026-04-10 11:28:08.710733
75,15.91,LOW,0.05,31.818181818181827,0.0,0.0,68.18181818181817,100.0,BUREAU_SCORE,CREDIT_UTILIZATION,0.0,N,N,RISK_V4.0,2026-04-10,2026-04-10 11:28:08.710733
77,19.51,LOW,0.05,36.727272727272734,0.0,7.646232553332433,63.272727272727266,100.0,BUREAU_SCORE,CREDIT_UTILIZATION,0.0,N,N,RISK_V4.0,2026-04-10,2026-04-10 11:28:08.710733
79,32.57,MODERATE,0.05,55.27272727272727,0.0,32.89363556572863,44.72727272727273,100.0,BUREAU_SCORE,CREDIT_UTILIZATION,0.0,N,N,RISK_V4.0,2026-04-10,2026-04-10 11:28:08.710733
80,20.62,MODERATE,0.05,39.090909090909086,0.0,7.163982949956349,60.909090909090914,100.0,BUREAU_SCORE,CREDIT_UTILIZATION,0.0,N,N,RISK_V4.0,2026-04-10,2026-04-10 11:28:08.710733
83,27.89,MODERATE,0.05,48.0,0.0,25.91182296817284,52.0,100.0,BUREAU_SCORE,CREDIT_UTILIZATION,0.0,N,N,RISK_V4.0,2026-04-10,2026-04-10 11:28:08.710733
89,9.18,LOW,0.05,18.36363636363636,0.0,0.0,81.63636363636364,100.0,BUREAU_SCORE,CREDIT_UTILIZATION,0.0,N,N,RISK_V4.0,2026-04-10,2026-04-10 11:28:08.710733
104,7.27,LOW,0.05,14.545454545454547,0.0,0.0,85.45454545454545,100.0,BUREAU_SCORE,CREDIT_UTILIZATION,0.0,N,N,RISK_V4.0,2026-04-10,2026-04-10 11:28:08.710733
106,37.18,MODERATE,0.05,44.36363636363636,0.0,100.0,55.63636363636364,100.0,TRANSACTION_VELOCITY,BUREAU_SCORE,0.0,N,N,RISK_V4.0,2026-04-10,2026-04-10 11:28:08.710733
109,9.73,LOW,0.05,19.454545454545453,0.0,0.0,80.54545454545455,100.0,BUREAU_SCORE,CREDIT_UTILIZATION,0.0,N,N,RISK_V4.0,2026-04-10,2026-04-10 11:28:08.710733
110,15.55,LOW,0.05,31.090909090909093,0.0,0.0,68.9090909090909,100.0,BUREAU_SCORE,CREDIT_UTILIZATION,0.0,N,N,RISK_V4.0,2026-04-10,2026-04-10 11:28:08.710733
116,30.45,MODERATE,0.05,30.909090909090907,0.0,100.0,69.0909090909091,100.0,TRANSACTION_VELOCITY,BUREAU_SCORE,0.0,N,N,RISK_V4.0,2026-04-10,2026-04-10 11:28:08.710733
118,11.82,LOW,0.05,23.636363636363626,0.0,0.0,76.36363636363637,100.0,BUREAU_SCORE,CREDIT_UTILIZATION,0.0,N,N,RISK_V4.0,2026-04-10,2026-04-10 11:28:08.710733
119,30.82,MODERATE,0.05,61.63636363636364,0.0,0.0,38.36363636363636,100.0,BUREAU_SCORE,CREDIT_UTILIZATION,0.0,N,N,RISK_V4.0,2026-04-10,2026-04-10 11:28:08.710733
121,17.12,LOW,0.05,29.818181818181827,0.0,14.755510315937826,70.18181818181817,100.0,BUREAU_SCORE,CREDIT_UTILIZATION,0.0,N,N,RISK_V4.0,2026-04-10,2026-04-10 11:28:08.710733
123,6.24,LOW,0.05,0.0,0.0,41.59410131291617,100.0,100.0,TRANSACTION_VELOCITY,BUREAU_SCORE,0.0,N,N,RISK_V4.0,2026-04-10,2026-04-10 11:28:08.710733
125,19.91,LOW,0.05,39.81818181818182,0.0,0.0,60.18181818181818,100.0,BUREAU_SCORE,CREDIT_UTILIZATION,0.0,N,N,RISK_V4.0,2026-04-10,2026-04-10 11:28:08.710733
127,27.09,MODERATE,0.05,54.18181818181818,0.0,0.0,45.81818181818182,100.0,BUREAU_SCORE,CREDIT_UTILIZATION,0.0,N,N,RISK_V4.0,2026-04-10,2026-04-10 11:28:08.710733
128,1.41,LOW,0.05,0.0,0.0,9.418778619032508,100.0,100.0,TRANSACTION_VELOCITY,BUREAU_SCORE,0.0,N,N,RISK_V4.0,2026-04-10,2026-04-10 11:28:08.710733
129,15.73,LOW,0.05,31.454545454545453,0.0,0.0,68.54545454545455,100.0,BUREAU_SCORE,CREDIT_UTILIZATION,0.0,N,N,RISK_V4.0,2026-04-10,2026-04-10 11:28:08.710733
133,20.46,MODERATE,0.05,26.72727272727272,0.0,47.318560283222965,73.27272727272728,100.0,TRANSACTION_VELOCITY,BUREAU_SCORE,0.0,N,N,RISK_V4.0,2026-04-10,2026-04-10 11:28:08.710733
141,15.91,LOW,0.05,31.818181818181827,0.0,0.0,68.18181818181817,100.0,BUREAU_SCORE,CREDIT_UTILIZATION,0.0,N,N,RISK_V4.0,2026-04-10,2026-04-10 11:28:08.710733
144,22.02,MODERATE,0.05,29.454545454545453,0.0,48.59238055891638,70.54545454545455,100.0,TRANSACTION_VELOCITY,BUREAU_SCORE,0.0,N,N,RISK_V4.0,2026-04-10,2026-04-10 11:28:08.710733
146,16.91,LOW,0.05,33.81818181818181,0.0,0.0,66.18181818181819,100.0,BUREAU_SCORE,CREDIT_UTILIZATION,0.0,N,N,RISK_V4.0,2026-04-10,2026-04-10 11:28:08.710733
147,17.73,LOW,0.05,35.45454545454545,0.0,0.0,64.54545454545455,100.0,BUREAU_SCORE,CREDIT_UTILIZATION,0.0,N,N,RISK_V4.0,2026-04-10,2026-04-10 11:28:08.710733
152,7.72,LOW,0.05,10.909090909090907,0.0,15.110263208950393,89.0909090909091,100.0,TRANSACTION_VELOCITY,BUREAU_SCORE,0.0,N,N,RISK_V4.0,2026-04-10,2026-04-10 11:28:08.710733
158,13.09,LOW,0.05,26.181818181818187,0.0,0.0,73.81818181818181,100.0,BUREAU_SCORE,CREDIT_UTILIZATION,0.0,N,N,RISK_V4.0,2026-04-10,2026-04-10 11:28:08.710733
172,19.82,LOW,0.05,39.63636363636363,0.0,0.0,60.36363636363637,100.0,BUREAU_SCORE,CREDIT_UTILIZATION,0.0,N,N,RISK_V4.0,2026-04-10,2026-04-10 11:28:08.710733
177,34.18,MODERATE,0.05,38.36363636363637,0.0,100.0,61.63636363636363,100.0,TRANSACTION_VELOCITY,BUREAU_SCORE,0.0,N,N,RISK_V4.0,2026-04-10,2026-04-10 11:28:08.710733
178,20.27,MODERATE,0.05,40.54545454545454,0.0,0.0,59.45454545454546,100.0,BUREAU_SCORE,CREDIT_UTILIZATION,0.0,N,N,RISK_V4.0,2026-04-10,2026-04-10 11:28:08.710733
179,14.64,LOW,0.05,29.272727272727266,0.0,0.0,70.72727272727273,100.0,BUREAU_SCORE,CREDIT_UTILIZATION,0.0,N,N,RISK_V4.0,2026-04-10,2026-04-10 11:28:08.710733
185,22.64,MODERATE,0.05,15.272727272727266,0.0,100.0,84.72727272727273,100.0,TRANSACTION_VELOCITY,BUREAU_SCORE,0.0,N,N,RISK_V4.0,2026-04-10,2026-04-10 11:28:08.710733
189,32.73,MODERATE,0.05,35.45454545454545,0.0,100.0,64.54545454545455,100.0,TRANSACTION_VELOCITY,BUREAU_SCORE,0.0,N,N,RISK_V4.0,2026-04-10,2026-04-10 11:28:08.710733
191,13.36,LOW,0.05,26.72727272727272,0.0,0.0,73.27272727272728,100.0,BUREAU_SCORE,CREDIT_UTILIZATION,0.0,N,N,RISK_V4.0,2026-04-10,2026-04-10 11:28:08.710733
197,19.27,LOW,0.05,38.54545454545455,0.0,0.0,61.45454545454545,100.0,BUREAU_SCORE,CREDIT_UTILIZATION,0.0,N,N,RISK_V4.0,2026-04-10,2026-04-10 11:28:08.710733
199,20.27,MODERATE,0.05,40.54545454545454,0.0,0.0,59.45454545454546,100.0,BUREAU_SCORE,CREDIT_UTILIZATION,0.0,N,N,RISK_V4.0,2026-04-10,2026-04-10 11:28:08.710733
207,19.64,LOW,0.05,9.27272727272728,0.0,100.0,90.72727272727272,100.0,TRANSACTION_VELOCITY,BUREAU_SCORE,0.0,N,N,RISK_V4.0,2026-04-10,2026-04-10 11:28:08.710733
210,19.36,LOW,0.05,8.727272727272734,0.0,100.0,91.27272727272727,100.0,TRANSACTION_VELOCITY,BUREAU_SCORE,0.0,N,N,RISK_V4.0,2026-04-10,2026-04-10 11:28:08.710733
212,32.28,MODERATE,0.05,39.81818181818182,0.0,82.50316016237002,60.18181818181818,100.0,TRANSACTION_VELOCITY,BUREAU_SCORE,0.0,N,N,RISK_V4.0,2026-04-10,2026-04-10 11:28:08.710733
215,29.45,MODERATE,0.05,28.909090909090907,0.0,100.0,71.0909090909091,100.0,TRANSACTION_VELOCITY,BUREAU_SCORE,0.0,N,N,RISK_V4.0,2026-04-10,2026-04-10 11:28:08.710733
220,2.36,LOW,0.05,4.7272727272727195,0.0,0.0,95.27272727272728,100.0,BUREAU_SCORE,CREDIT_UTILIZATION,0.0,N,N,RISK_V4.0,2026-04-10,2026-04-10 11:28:08.710733
222,18.0,LOW,0.05,36.0,0.0,0.0,64.0,100.0,BUREAU_SCORE,CREDIT_UTILIZATION,0.0,N,N,RISK_V4.0,2026-04-10,2026-04-10 11:28:08.710733
224,12.36,LOW,0.05,24.727272727272734,0.0,0.0,75.27272727272727,100.0,BUREAU_SCORE,CREDIT_UTILIZATION,0.0,N,N,RISK_V4.0,2026-04-10,2026-04-10 11:28:08.710733
234,5.27,LOW,0.05,10.545454545454547,0.0,0.0,89.45454545454545,100.0,BUREAU_SCORE,CREDIT_UTILIZATION,0.0,N,N,RISK_V4.0,2026-04-10,2026-04-10 11:28:08.710733
236,6.92,LOW,0.05,8.909090909090907,0.0,16.423538434499175,91.0909090909091,100.0,TRANSACTION_VELOCITY,BUREAU_SCORE,0.0,N,N,RISK_V4.0,2026-04-10,2026-04-10 11:28:08.710733
238,12.64,LOW,0.05,25.272727272727266,0.0,0.0,74.72727272727273,100.0,BUREAU_SCORE,CREDIT_UTILIZATION,0.0,N,N,RISK_V4.0,2026-04-10,2026-04-10 11:28:08.710733
241,17.82,LOW,0.05,21.818181818181813,0.0,46.08810958467884,78.18181818181819,100.0,TRANSACTION_VELOCITY,BUREAU_SCORE,0.0,N,N,RISK_V4.0,2026-04-10,2026-04-10 11:28:08.710733
243,29.73,MODERATE,0.05,41.27272727272727,0.0,60.65426768515443,58.72727272727273,100.0,TRANSACTION_VELOCITY,BUREAU_SCORE,0.0,N,N,RISK_V4.0,2026-04-10,2026-04-10 11:28:08.710733
244,8.64,LOW,0.05,17.272727272727266,0.0,0.0,82.72727272727273,100.0,BUREAU_SCORE,CREDIT_UTILIZATION,0.0,N,N,RISK_V4.0,2026-04-10,2026-04-10 11:28:08.710733
247,15.49,LOW,0.05,30.72727272727272,0.0,0.8733798922858083,69.27272727272728,100.0,BUREAU_SCORE,CREDIT_UTILIZATION,0.0,N,N,RISK_V4.0,2026-04-10,2026-04-10 11:28:08.710733
253,11.22,LOW,0.05,19.63636363636364,0.0,9.319078790952751,80.36363636363636,100.0,BUREAU_SCORE,CREDIT_UTILIZATION,0.0,N,N,RISK_V4.0,2026-04-10,2026-04-10 11:28:08.710733
261,7.18,LOW,0.05,14.363636363636374,0.0,0.0,85.63636363636363,100.0,BUREAU_SCORE,CREDIT_UTILIZATION,0.0,N,N,RISK_V4.0,2026-04-10,2026-04-10 11:28:08.710733
265,7.45,LOW,0.05,14.909090909090907,0.0,0.0,85.0909090909091,100.0,BUREAU_SCORE,CREDIT_UTILIZATION,0.0,N,N,RISK_V4.0,2026-04-10,2026-04-10 11:28:08.710733
273,17.21,LOW,0.05,26.363636363636374,0.0,26.82634993200992,73.63636363636363,100.0,TRANSACTION_VELOCITY,BUREAU_SCORE,0.0,N,N,RISK_V4.0,2026-04-10,2026-04-10 11:28:08.710733
277,16.27,LOW,0.05,32.54545454545455,0.0,0.0,67.45454545454545,100.0,BUREAU_SCORE,CREDIT_UTILIZATION,0.0,N,N,RISK_V4.0,2026-04-10,2026-04-10 11:28:08.710733
281,36.0,MODERATE,0.05,42.00000000000001,0.0,100.0,57.99999999999999,100.0,TRANSACTION_VELOCITY,BUREAU_SCORE,0.0,N,N,RISK_V4.0,2026-04-10,2026-04-10 11:28:08.710733
291,13.76,LOW,0.05,9.090909090909093,0.0,61.404920671418694,90.9090909090909,100.0,TRANSACTION_VELOCITY,BUREAU_SCORE,0.0,N,N,RISK_V4.0,2026-04-10,2026-04-10 11:28:08.710733
295,6.73,LOW,0.05,13.454545454545453,0.0,0.0,86.54545454545455,100.0,BUREAU_SCORE,CREDIT_UTILIZATION,0.0,N,N,RISK_V4.0,2026-04-10,2026-04-10 11:28:08.710733
297,13.82,LOW,0.05,15.272727272727266,0.0,41.2290848262945,84.72727272727273,100.0,TRANSACTION_VELOCITY,BUREAU_SCORE,0.0,N,N,RISK_V4.0,2026-04-10,2026-04-10 11:28:08.710733
301,22.38,MODERATE,0.05,21.27272727272728,0.0,78.31246461289992,78.72727272727272,100.0,TRANSACTION_VELOCITY,BUREAU_SCORE,0.0,N,N,RISK_V4.0,2026-04-10,2026-04-10 11:28:08.710733
307,15.74,LOW,0.05,22.36363636363636,0.0,30.3578613130948,77.63636363636364,100.0,TRANSACTION_VELOCITY,BUREAU_SCORE,0.0,N,N,RISK_V4.0,2026-04-10,2026-04-10 11:28:08.710733
309,10.91,LOW,0.05,21.818181818181813,0.0,0.0,78.18181818181819,100.0,BUREAU_SCORE,CREDIT_UTILIZATION,0.0,N,N,RISK_V4.0,2026-04-10,2026-04-10 11:28:08.710733
311,53.36,ELEVATED,0.05,76.72727272727272,0.0,100.0,23.272727272727273,100.0,TRANSACTION_VELOCITY,BUREAU_SCORE,0.0,N,N,RISK_V4.0,2026-04-10,2026-04-10 11:28:08.710733
322,1.03,LOW,0.05,0.0,0.0,6.846065803585577,100.0,100.0,TRANSACTION_VELOCITY,BUREAU_SCORE,0.0,N,N,RISK_V4.0,2026-04-10,2026-04-10 11:28:08.710733
327,19.91,LOW,0.05,39.81818181818182,0.0,0.0,60.18181818181818,100.0,BUREAU_SCORE,CREDIT_UTILIZATION,0.0,N,N,RISK_V4.0,2026-04-10,2026-04-10 11:28:08.710733
328,21.45,MODERATE,0.05,42.90909090909091,0.0,0.0,57.09090909090909,100.0,BUREAU_SCORE,CREDIT_UTILIZATION,0.0,N,N,RISK_V4.0,2026-04-10,2026-04-10 11:28:08.710733
331,8.64,LOW,0.05,17.272727272727266,0.0,0.0,82.72727272727273,100.0,BUREAU_SCORE,CREDIT_UTILIZATION,0.0,N,N,RISK_V4.0,2026-04-10,2026-04-10 11:28:08.710733
339,24.09,MODERATE,0.05,29.090909090909093,0.0,63.60423006166911,70.9090909090909,100.0,TRANSACTION_VELOCITY,BUREAU_SCORE,0.0,N,N,RISK_V4.0,2026-04-10,2026-04-10 11:28:08.710733
342,23.13,MODERATE,0.05,39.45454545454545,0.0,22.684672037811783,60.54545454545455,100.0,BUREAU_SCORE,CREDIT_UTILIZATION,0.0,N,N,RISK_V4.0,2026-04-10,2026-04-10 11:28:08.710733
344,7.85,LOW,0.05,0.0,0.0,52.36546805547646,100.0,100.0,TRANSACTION_VELOCITY,BUREAU_SCORE,0.0,N,N,RISK_V4.0,2026-04-10,2026-04-10 11:28:08.710733
356,24.18,MODERATE,0.05,18.36363636363636,0.0,100.0,81.63636363636364,100.0,TRANSACTION_VELOCITY,BUREAU_SCORE,0.0,N,N,RISK_V4.0,2026-04-10,2026-04-10 11:28:08.710733
358,16.18,LOW,0.05,32.36363636363636,0.0,0.0,67.63636363636364,100.0,BUREAU_SCORE,CREDIT_UTILIZATION,0.0,N,N,RISK_V4.0,2026-04-10,2026-04-10 11:28:08.710733
360,13.27,LOW,0.05,15.63636363636364,0.0,36.37106022170483,84.36363636363636,100.0,TRANSACTION_VELOCITY,BUREAU_SCORE,0.0,N,N,RISK_V4.0,2026-04-10,2026-04-10 11:28:08.710733
361,11.36,LOW,0.05,22.727272727272734,0.0,0.0,77.27272727272727,100.0,BUREAU_SCORE,CREDIT_UTILIZATION,0.0,N,N,RISK_V4.0,2026-04-10,2026-04-10 11:28:08.710733
373,16.36,LOW,0.05,32.727272727272734,0.0,0.0,67.27272727272727,100.0,BUREAU_SCORE,CREDIT_UTILIZATION,0.0,N,N,RISK_V4.0,2026-04-10,2026-04-10 11:28:08.710733
374,12.55,LOW,0.05,25.09090909090908,0.0,0.0,74.90909090909092,100.0,BUREAU_SCORE,CREDIT_UTILIZATION,0.0,N,N,RISK_V4.0,2026-04-10,2026-04-10 11:28:08.710733
384,0.73,LOW,0.05,1.4545454545454533,0.0,0.0,98.54545454545455,100.0,BUREAU_SCORE,CREDIT_UTILIZATION,0.0,N,N,RISK_V4.0,2026-04-10,2026-04-10 11:28:08.710733
392,28.55,MODERATE,0.05,27.090909090909093,0.0,100.0,72.9090909090909,100.0,TRANSACTION_VELOCITY,BUREAU_SCORE,0.0,N,N,RISK_V4.0,2026-04-10,2026-04-10 11:28:08.710733
402,10.58,LOW,0.05,18.36363636363636,0.0,9.305070691813267,81.63636363636364,100.0,BUREAU_SCORE,CREDIT_UTILIZATION,0.0,N,N,RISK_V4.0,2026-04-10,2026-04-10 11:28:08.710733
403,10.91,LOW,0.05,21.818181818181813,0.0,0.0,78.18181818181819,100.0,BUREAU_SCORE,CREDIT_UTILIZATION,0.0,N,N,RISK_V4.0,2026-04-10,2026-04-10 11:28:08.710733
404,22.0,MODERATE,0.05,43.99999999999999,0.0,0.0,56.00000000000001,100.0,BUREAU_SCORE,CREDIT_UTILIZATION,0.0,N,N,RISK_V4.0,2026-04-10,2026-04-10 11:28:08.710733
407,15.63,LOW,0.05,1.4545454545454533,0.0,99.3294175412528,98.54545454545455,100.0,TRANSACTION_VELOCITY,BUREAU_SCORE,0.0,N,N,RISK_V4.0,2026-04-10,2026-04-10 11:28:08.710733
410,4.64,LOW,0.05,9.27272727272728,0.0,0.0,90.72727272727272,100.0,BUREAU_SCORE,CREDIT_UTILIZATION,0.0,N,N,RISK_V4.0,2026-04-10,2026-04-10 11:28:08.710733
411,5.45,LOW,0.05,4.545454545454547,0.0,21.210564821862732,95.45454545454545,100.0,TRANSACTION_VELOCITY,BUREAU_SCORE,0.0,N,N,RISK_V4.0,2026-04-10,2026-04-10 11:28:08.710733
416,6.0,LOW,0.05,5.63636363636364,0.0,21.21032231029787,94.36363636363636,100.0,TRANSACTION_VELOCITY,BUREAU_SCORE,0.0,N,N,RISK_V4.0,2026-04-10,2026-04-10 11:28:08.710733
418,14.86,LOW,0.05,24.0,0.0,19.0512282501745,76.0,100.0,BUREAU_SCORE,CREDIT_UTILIZATION,0.0,N,N,RISK_V4.0,2026-04-10,2026-04-10 11:28:08.710733
421,16.0,LOW,0.05,32.0,0.0,0.0,68.0,100.0,BUREAU_SCORE,CREDIT_UTILIZATION,0.0,N,N,RISK_V4.0,2026-04-10,2026-04-10 11:28:08.710733
422,1.45,LOW,0.05,2.9090909090909065,0.0,0.0,97.0909090909091,100.0,BUREAU_SCORE,CREDIT_UTILIZATION,0.0,N,N,RISK_V4.0,2026-04-10,2026-04-10 11:28:08.710733
423,25.25,MODERATE,0.05,31.090909090909093,0.0,64.6878624375977,68.9090909090909,100.0,TRANSACTION_VELOCITY,BUREAU_SCORE,0.0,N,N,RISK_V4.0,2026-04-10,2026-04-10 11:28:08.710733
428,11.36,LOW,0.05,22.727272727272734,0.0,0.0,77.27272727272727,100.0,BUREAU_SCORE,CREDIT_UTILIZATION,0.0,N,N,RISK_V4.0,2026-04-10,2026-04-10 11:28:08.710733
432,12.16,LOW,0.05,21.454545454545453,0.0,9.535046043290995,78.54545454545455,100.0,BUREAU_SCORE,CREDIT_UTILIZATION,0.0,N,N,RISK_V4.0,2026-04-10,2026-04-10 11:28:08.710733
435,19.11,LOW,0.05,28.0,0.0,34.03868365253666,72.0,100.0,TRANSACTION_VELOCITY,BUREAU_SCORE,0.0,N,N,RISK_V4.0,2026-04-10,2026-04-10 11:28:08.710733
438,33.36,MODERATE,0.05,45.81818181818181,0.0,69.65101071518708,54.18181818181819,100.0,TRANSACTION_VELOCITY,BUREAU_SCORE,0.0,N,N,RISK_V4.0,2026-04-10,2026-04-10 11:28:08.710733
443,0.0,LOW,0.05,0.0,0.0,0.0,100.0,100.0,BUREAU_SCORE,TRANSACTION_VELOCITY,0.0,N,N,RISK_V4.0,2026-04-10,2026-04-10 11:28:08.710733
444,19.73,LOW,0.05,39.45454545454545,0.0,0.0,60.54545454545455,100.0,BUREAU_SCORE,CREDIT_UTILIZATION,0.0,N,N,RISK_V4.0,2026-04-10,2026-04-10 11:28:08.710733
445,25.18,MODERATE,0.05,50.36363636363637,0.0,0.0,49.63636363636363,100.0,BUREAU_SCORE,CREDIT_UTILIZATION,0.0,N,N,RISK_V4.0,2026-04-10,2026-04-10 11:28:08.710733
449,17.18,LOW,0.05,34.36363636363636,0.0,0.0,65.63636363636364,100.0,BUREAU_SCORE,CREDIT_UTILIZATION,0.0,N,N,RISK_V4.0,2026-04-10,2026-04-10 11:28:08.710733
450,10.18,LOW,0.05,20.36363636363636,0.0,0.0,79.63636363636364,100.0,BUREAU_SCORE,CREDIT_UTILIZATION,0.0,N,N,RISK_V4.0,2026-04-10,2026-04-10 11:28:08.710733
456,22.38,MODERATE,0.05,25.818181818181813,0.0,63.107022563737125,74.18181818181819,100.0,TRANSACTION_VELOCITY,BUREAU_SCORE,0.0,N,N,RISK_V4.0,2026-04-10,2026-04-10 11:28:08.710733
462,24.08,MODERATE,0.05,20.545454545454547,0.0,92.02243812899549,79.45454545454545,100.0,TRANSACTION_VELOCITY,BUREAU_SCORE,0.0,N,N,RISK_V4.0,2026-04-10,2026-04-10 11:28:08.710733
464,7.0,LOW,0.05,14.0,0.0,0.0,86.0,100.0,BUREAU_SCORE,CREDIT_UTILIZATION,0.0,N,N,RISK_V4.0,2026-04-10,2026-04-10 11:28:08.710733
465,9.91,LOW,0.05,19.818181818181827,0.0,0.0,80.18181818181817,100.0,BUREAU_SCORE,CREDIT_UTILIZATION,0.0,N,N,RISK_V4.0,2026-04-10,2026-04-10 11:28:08.710733
468,21.27,MODERATE,0.05,42.54545454545454,0.0,0.0,57.45454545454546,100.0,BUREAU_SCORE,CREDIT_UTILIZATION,0.0,N,N,RISK_V4.0,2026-04-10,2026-04-10 11:28:08.710733
469,15.36,LOW,0.05,30.72727272727272,0.0,0.0,69.27272727272728,100.0,BUREAU_SCORE,CREDIT_UTILIZATION,0.0,N,N,RISK_V4.0,2026-04-10,2026-04-10 11:28:08.710733
472,23.18,MODERATE,0.05,16.363636363636374,0.0,100.0,83.63636363636363,100.0,TRANSACTION_VELOCITY,BUREAU_SCORE,0.0,N,N,RISK_V4.0,2026-04-10,2026-04-10 11:28:08.710733
474,5.82,LOW,0.05,11.63636363636364,0.0,0.0,88.36363636363636,100.0,BUREAU_SCORE,CREDIT_UTILIZATION,0.0,N,N,RISK_V4.0,2026-04-10,2026-04-10 11:28:08.710733
476,9.73,LOW,0.05,19.454545454545453,0.0,0.0,80.54545454545455,100.0,BUREAU_SCORE,CREDIT_UTILIZATION,0.0,N,N,RISK_V4.0,2026-04-10,2026-04-10 11:28:08.710733
477,10.57,LOW,0.05,17.272727272727266,0.0,12.882970814056327,82.72727272727273,100.0,BUREAU_SCORE,CREDIT_UTILIZATION,0.0,N,N,RISK_V4.0,2026-04-10,2026-04-10 11:28:08.710733
485,10.73,LOW,0.05,21.454545454545453,0.0,0.0,78.54545454545455,100.0,BUREAU_SCORE,CREDIT_UTILIZATION,0.0,N,N,RISK_V4.0,2026-04-10,2026-04-10 11:28:08.710733
491,5.45,LOW,0.05,10.909090909090907,0.0,0.0,89.0909090909091,100.0,BUREAU_SCORE,CREDIT_UTILIZATION,0.0,N,N,RISK_V4.0,2026-04-10,2026-04-10 11:28:08.710733
492,11.0,LOW,0.05,22.0,0.0,0.0,78.0,100.0,BUREAU_SCORE,CREDIT_UTILIZATION,0.0,N,N,RISK_V4.0,2026-04-10,2026-04-10 11:28:08.710733
495,11.0,LOW,0.05,22.0,0.0,0.0,78.0,100.0,BUREAU_SCORE,CREDIT_UTILIZATION,0.0,N,N,RISK_V4.0,2026-04-10,2026-04-10 11:28:08.710733
496,7.18,LOW,0.05,14.363636363636374,0.0,0.0,85.63636363636363,100.0,BUREAU_SCORE,CREDIT_UTILIZATION,0.0,N,N,RISK_V4.0,2026-04-10,2026-04-10 11:28:08.710733
8,9.73,LOW,0.05,19.454545454545453,0.0,0.0,80.54545454545455,100.0,BUREAU_SCORE,CREDIT_UTILIZATION,0.0,N,N,RISK_V4.0,2026-04-10,2026-04-10 11:28:08.710733
21,13.09,LOW,0.05,26.181818181818187,0.0,0.0,73.81818181818181,100.0,BUREAU_SCORE,CREDIT_UTILIZATION,0.0,N,N,RISK_V4.0,2026-04-10,2026-04-10 11:28:08.710733
49,17.27,LOW,0.05,34.54545454545455,0.0,0.0,65.45454545454545,100.0,BUREAU_SCORE,CREDIT_UTILIZATION,0.0,N,N,RISK_V4.0,2026-04-10,2026-04-10 11:28:08.710733
58,11.82,LOW,0.05,23.636363636363626,0.0,0.0,76.36363636363637,100.0,BUREAU_SCORE,CREDIT_UTILIZATION,0.0,N,N,RISK_V4.0,2026-04-10,2026-04-10 11:28:08.710733
317,3.64,LOW,0.05,7.2727272727272805,0.0,0.0,92.72727272727272,100.0,BUREAU_SCORE,CREDIT_UTILIZATION,0.0,N,N,RISK_V4.0,2026-04-10,2026-04-10 11:28:08.710733
425,5.73,LOW,0.05,11.454545454545453,0.0,0.0,88.54545454545455,100.0,BUREAU_SCORE,CREDIT_UTILIZATION,0.0,N,N,RISK_V4.0,2026-04-10,2026-04-10 11:28:08.710733
427,9.91,LOW,0.05,19.818181818181827,0.0,0.0,80.18181818181817,100.0,BUREAU_SCORE,CREDIT_UTILIZATION,0.0,N,N,RISK_V4.0,2026-04-10,2026-04-10 11:28:08.710733
499,11.18,LOW,0.05,22.36363636363636,0.0,0.0,77.63636363636364,100.0,BUREAU_SCORE,CREDIT_UTILIZATION,0.0,N,N,RISK_V4.0,2026-04-10,2026-04-10 11:28:08.710733
130,15.64,LOW,0.05,31.27272727272728,0.0,0.0,68.72727272727272,100.0,BUREAU_SCORE,CREDIT_UTILIZATION,0.0,N,N,RISK_V4.0,2026-04-10,2026-04-10 11:28:08.710733
259,8.09,LOW,0.05,16.181818181818187,0.0,0.0,83.81818181818181,100.0,BUREAU_SCORE,CREDIT_UTILIZATION,0.0,N,N,RISK_V4.0,2026-04-10,2026-04-10 11:28:08.710733
348,2.45,LOW,0.05,4.9090909090909065,0.0,0.0,95.0909090909091,100.0,BUREAU_SCORE,CREDIT_UTILIZATION,0.0,N,N,RISK_V4.0,2026-04-10,2026-04-10 11:28:08.710733
16,7.91,LOW,0.05,15.818181818181813,0.0,0.0,84.18181818181819,100.0,BUREAU_SCORE,CREDIT_UTILIZATION,0.0,N,N,RISK_V4.0,2026-04-10,2026-04-10 11:28:08.710733
19,33.27,MODERATE,0.05,36.54545454545455,0.0,100.0,63.45454545454545,100.0,TRANSACTION_VELOCITY,BUREAU_SCORE,0.0,N,N,RISK_V4.0,2026-04-10,2026-04-10 11:28:08.710733
23,10.73,LOW,0.05,21.454545454545453,0.0,0.0,78.54545454545455,100.0,BUREAU_SCORE,CREDIT_UTILIZATION,0.0,N,N,RISK_V4.0,2026-04-10,2026-04-10 11:28:08.710733
25,15.0,LOW,0.05,30.0,0.0,0.0,70.0,100.0,BUREAU_SCORE,CREDIT_UTILIZATION,0.0,N,N,RISK_V4.0,2026-04-10,2026-04-10 11:28:08.710733
30,11.55,LOW,0.05,23.090909090909093,0.0,0.0,76.9090909090909,100.0,BUREAU_SCORE,CREDIT_UTILIZATION,0.0,N,N,RISK_V4.0,2026-04-10,2026-04-10 11:28:08.710733
31,16.47,LOW,0.05,32.727272727272734,0.0,0.7158407994140692,67.27272727272727,100.0,BUREAU_SCORE,CREDIT_UTILIZATION,0.0,N,N,RISK_V4.0,2026-04-10,2026-04-10 11:28:08.710733
33,13.36,LOW,0.05,25.63636363636364,0.0,3.6269040619989257,74.36363636363636,100.0,BUREAU_SCORE,CREDIT_UTILIZATION,0.0,N,N,RISK_V4.0,2026-04-10,2026-04-10 11:28:08.710733
41,20.82,MODERATE,0.05,41.63636363636364,0.0,0.0,58.36363636363636,100.0,BUREAU_SCORE,CREDIT_UTILIZATION,0.0,N,N,RISK_V4.0,2026-04-10,2026-04-10 11:28:08.710733
51,32.73,MODERATE,0.05,35.45454545454545,0.0,100.0,64.54545454545455,100.0,TRANSACTION_VELOCITY,BUREAU_SCORE,0.0,N,N,RISK_V4.0,2026-04-10,2026-04-10 11:28:08.710733
72,13.09,LOW,0.05,26.181818181818187,0.0,0.0,73.81818181818181,100.0,BUREAU_SCORE,CREDIT_UTILIZATION,0.0,N,N,RISK_V4.0,2026-04-10,2026-04-10 11:28:08.710733
73,20.64,MODERATE,0.05,41.27272727272727,0.0,0.0,58.72727272727273,100.0,BUREAU_SCORE,CREDIT_UTILIZATION,0.0,N,N,RISK_V4.0,2026-04-10,2026-04-10 11:28:08.710733
85,28.82,MODERATE,0.05,48.909090909090914,0.0,29.10923897112979,51.090909090909086,100.0,BUREAU_SCORE,CREDIT_UTILIZATION,0.0,N,N,RISK_V4.0,2026-04-10,2026-04-10 11:28:08.710733
86,16.09,LOW,0.05,32.18181818181817,0.0,0.0,67.81818181818183,100.0,BUREAU_SCORE,CREDIT_UTILIZATION,0.0,N,N,RISK_V4.0,2026-04-10,2026-04-10 11:28:08.710733
87,18.64,LOW,0.05,37.272727272727266,0.0,0.0,62.727272727272734,100.0,BUREAU_SCORE,CREDIT_UTILIZATION,0.0,N,N,RISK_V4.0,2026-04-10,2026-04-10 11:28:08.710733
94,29.64,MODERATE,0.05,29.272727272727266,0.0,100.0,70.72727272727273,100.0,TRANSACTION_VELOCITY,BUREAU_SCORE,0.0,N,N,RISK_V4.0,2026-04-10,2026-04-10 11:28:08.710733
111,14.55,LOW,0.05,29.090909090909093,0.0,0.0,70.9090909090909,100.0,BUREAU_SCORE,CREDIT_UTILIZATION,0.0,N,N,RISK_V4.0,2026-04-10,2026-04-10 11:28:08.710733
138,7.55,LOW,0.05,15.090909090909093,0.0,0.0,84.9090909090909,100.0,BUREAU_SCORE,CREDIT_UTILIZATION,0.0,N,N,RISK_V4.0,2026-04-10,2026-04-10 11:28:08.710733
140,11.55,LOW,0.05,23.090909090909093,0.0,0.0,76.9090909090909,100.0,BUREAU_SCORE,CREDIT_UTILIZATION,0.0,N,N,RISK_V4.0,2026-04-10,2026-04-10 11:28:08.710733
157,6.27,LOW,0.05,12.545454545454547,0.0,0.0,87.45454545454545,100.0,BUREAU_SCORE,CREDIT_UTILIZATION,0.0,N,N,RISK_V4.0,2026-04-10,2026-04-10 11:28:08.710733
162,26.89,MODERATE,0.05,46.36363636363636,0.0,24.73625925278312,53.63636363636364,100.0,BUREAU_SCORE,CREDIT_UTILIZATION,0.0,N,N,RISK_V4.0,2026-04-10,2026-04-10 11:28:08.710733
163,16.09,LOW,0.05,32.18181818181817,0.0,0.0,67.81818181818183,100.0,BUREAU_SCORE,CREDIT_UTILIZATION,0.0,N,N,RISK_V4.0,2026-04-10,2026-04-10 11:28:08.710733
175,27.36,MODERATE,0.05,24.727272727272734,0.0,100.0,75.27272727272727,100.0,TRANSACTION_VELOCITY,BUREAU_SCORE,0.0,N,N,RISK_V4.0,2026-04-10,2026-04-10 11:28:08.710733
182,2.09,LOW,0.05,4.181818181818187,0.0,0.0,95.81818181818181,100.0,BUREAU_SCORE,CREDIT_UTILIZATION,0.0,N,N,RISK_V4.0,2026-04-10,2026-04-10 11:28:08.710733
188,6.45,LOW,0.05,12.90909090909092,0.0,0.0,87.09090909090908,100.0,BUREAU_SCORE,CREDIT_UTILIZATION,0.0,N,N,RISK_V4.0,2026-04-10,2026-04-10 11:28:08.710733
219,23.18,MODERATE,0.05,46.36363636363636,0.0,0.0,53.63636363636364,100.0,BUREAU_SCORE,CREDIT_UTILIZATION,0.0,N,N,RISK_V4.0,2026-04-10,2026-04-10 11:28:08.710733
225,6.0,LOW,0.05,12.0,0.0,0.0,88.0,100.0,BUREAU_SCORE,CREDIT_UTILIZATION,0.0,N,N,RISK_V4.0,2026-04-10,2026-04-10 11:28:08.710733
248,14.27,LOW,0.05,28.545454545454547,0.0,0.0,71.45454545454545,100.0,BUREAU_SCORE,CREDIT_UTILIZATION,0.0,N,N,RISK_V4.0,2026-04-10,2026-04-10 11:28:08.710733
251,8.0,LOW,0.05,16.0,0.0,0.0,84.0,100.0,BUREAU_SCORE,CREDIT_UTILIZATION,0.0,N,N,RISK_V4.0,2026-04-10,2026-04-10 11:28:08.710733
254,1.64,LOW,0.05,3.2727272727272663,0.0,0.0,96.72727272727273,100.0,BUREAU_SCORE,CREDIT_UTILIZATION,0.0,N,N,RISK_V4.0,2026-04-10,2026-04-10 11:28:08.710733
257,1.87,LOW,0.05,0.0,0.0,12.444321382996648,100.0,100.0,TRANSACTION_VELOCITY,BUREAU_SCORE,0.0,N,N,RISK_V4.0,2026-04-10,2026-04-10 11:28:08.710733
302,0.0,LOW,0.05,0.0,0.0,0.0,100.0,100.0,BUREAU_SCORE,TRANSACTION_VELOCITY,0.0,N,N,RISK_V4.0,2026-04-10,2026-04-10 11:28:08.710733
310,18.45,LOW,0.05,36.909090909090914,0.0,0.0,63.090909090909086,100.0,BUREAU_SCORE,CREDIT_UTILIZATION,0.0,N,N,RISK_V4.0,2026-04-10,2026-04-10 11:28:08.710733
315,20.18,MODERATE,0.05,40.36363636363637,0.0,0.0,59.63636363636363,100.0,BUREAU_SCORE,CREDIT_UTILIZATION,0.0,N,N,RISK_V4.0,2026-04-10,2026-04-10 11:28:08.710733
324,18.55,LOW,0.05,37.090909090909086,0.0,0.0,62.909090909090914,100.0,BUREAU_SCORE,CREDIT_UTILIZATION,0.0,N,N,RISK_V4.0,2026-04-10,2026-04-10 11:28:08.710733
329,5.73,LOW,0.05,11.454545454545453,0.0,0.0,88.54545454545455,100.0,BUREAU_SCORE,CREDIT_UTILIZATION,0.0,N,N,RISK_V4.0,2026-04-10,2026-04-10 11:28:08.710733
340,5.57,LOW,0.05,9.636363636363626,0.0,5.026941779471672,90.36363636363637,100.0,BUREAU_SCORE,CREDIT_UTILIZATION,0.0,N,N,RISK_V4.0,2026-04-10,2026-04-10 11:28:08.710733
346,20.09,MODERATE,0.05,40.18181818181819,0.0,0.0,59.81818181818181,100.0,BUREAU_SCORE,CREDIT_UTILIZATION,0.0,N,N,RISK_V4.0,2026-04-10,2026-04-10 11:28:08.710733
349,11.27,LOW,0.05,22.545454545454547,0.0,0.0,77.45454545454545,100.0,BUREAU_SCORE,CREDIT_UTILIZATION,0.0,N,N,RISK_V4.0,2026-04-10,2026-04-10 11:28:08.710733
350,21.27,MODERATE,0.05,42.54545454545454,0.0,0.0,57.45454545454546,100.0,BUREAU_SCORE,CREDIT_UTILIZATION,0.0,N,N,RISK_V4.0,2026-04-10,2026-04-10 11:28:08.710733
355,9.18,LOW,0.05,18.36363636363636,0.0,0.0,81.63636363636364,100.0,BUREAU_SCORE,CREDIT_UTILIZATION,0.0,N,N,RISK_V4.0,2026-04-10,2026-04-10 11:28:08.710733
365,23.0,MODERATE,0.05,46.0,0.0,0.0,54.0,100.0,BUREAU_SCORE,CREDIT_UTILIZATION,0.0,N,N,RISK_V4.0,2026-04-10,2026-04-10 11:28:08.710733
375,25.02,MODERATE,0.05,24.36363636363636,0.0,85.59143224682317,75.63636363636364,100.0,TRANSACTION_VELOCITY,BUREAU_SCORE,0.0,N,N,RISK_V4.0,2026-04-10,2026-04-10 11:28:08.710733
378,18.82,LOW,0.05,37.63636363636363,0.0,0.0,62.36363636363637,100.0,BUREAU_SCORE,CREDIT_UTILIZATION,0.0,N,N,RISK_V4.0,2026-04-10,2026-04-10 11:28:08.710733
394,24.91,MODERATE,0.05,19.818181818181827,0.0,100.0,80.18181818181817,100.0,TRANSACTION_VELOCITY,BUREAU_SCORE,0.0,N,N,RISK_V4.0,2026-04-10,2026-04-10 11:28:08.710733
400,9.64,LOW,0.05,19.27272727272728,0.0,0.0,80.72727272727272,100.0,BUREAU_SCORE,CREDIT_UTILIZATION,0.0,N,N,RISK_V4.0,2026-04-10,2026-04-10 11:28:08.710733
409,12.18,LOW,0.05,24.36363636363636,0.0,0.0,75.63636363636364,100.0,BUREAU_SCORE,CREDIT_UTILIZATION,0.0,N,N,RISK_V4.0,2026-04-10,2026-04-10 11:28:08.710733
430,12.82,LOW,0.05,25.63636363636364,0.0,0.0,74.36363636363636,100.0,BUREAU_SCORE,CREDIT_UTILIZATION,0.0,N,N,RISK_V4.0,2026-04-10,2026-04-10 11:28:08.710733
433,3.73,LOW,0.05,7.454545454545453,0.0,0.0,92.54545454545455,100.0,BUREAU_SCORE,CREDIT_UTILIZATION,0.0,N,N,RISK_V4.0,2026-04-10,2026-04-10 11:28:08.710733
461,26.61,MODERATE,0.05,31.27272727272728,0.0,73.13263920325939,68.72727272727272,100.0,TRANSACTION_VELOCITY,BUREAU_SCORE,0.0,N,N,RISK_V4.0,2026-04-10,2026-04-10 11:28:08.710733
99,19.0,LOW,0.05,38.0,0.0,0.0,62.0,100.0,BUREAU_SCORE,CREDIT_UTILIZATION,0.0,N,N,RISK_V4.0,2026-04-10,2026-04-10 11:28:08.710733
112,5.73,LOW,0.05,11.454545454545453,0.0,0.0,88.54545454545455,100.0,BUREAU_SCORE,CREDIT_UTILIZATION,0.0,N,N,RISK_V4.0,2026-04-10,2026-04-10 11:28:08.710733
484,3.91,LOW,0.05,7.818181818181813,0.0,0.0,92.18181818181819,100.0,BUREAU_SCORE,CREDIT_UTILIZATION,0.0,N,N,RISK_V4.0,2026-04-10,2026-04-10 11:28:08.710733
