customer_id,full_name,age,state_code,customer_since,tenure_months,customer_status,segment_name,lifetime_value_score,engagement_score,total_accounts,active_accounts,total_balance,total_credit_limit,credit_utilization_pct,monthly_transactions,monthly_spend,net_cash_flow,top_spend_category,digital_txn_pct,composite_risk_score,risk_tier,probability_of_default,watch_list_flag,cross_sell_flag,upsell_flag,retention_risk_flag,model_version,effective_date,load_ts
2,Angel Johnson,70,TX,2013-03-20,157,A,VALUE_BASIC,7674.05,100.0,2,2.0,17603.62,0.0,0.0,142,16922.8,-9075.14,TRAVEL,38.022253521126764,28.22,MODERATE,0.05,N,N,N,N,MASTER_V1.5,2026-04-10,2026-04-10 11:28:08.713839+02:00
3,Joshua Long,62,FL,2007-01-12,231,A,ENGAGED_MAINSTREAM,17917.75,100.0,4,4.0,2336.95,746.63,21.28,184,17436.98,-9655.92,ENTERTAINMENT,44.02440217391304,9.12,LOW,0.05,N,N,Y,N,MASTER_V1.5,2026-04-10,2026-04-10 11:28:08.713839+02:00
4,Jeffrey Elliott,48,OH,2008-12-04,208,A,ENGAGED_MAINSTREAM,14892.12,66.67,3,2.0,13991.89,8492.17,60.48,163,19109.17,-9538.599999999999,RETAIL,42.32705521472393,17.49,LOW,0.05,N,N,N,N,MASTER_V1.5,2026-04-10,2026-04-10 11:28:08.713839+02:00
5,Jill Johnson,47,GA,2020-09-26,67,A,PREMIUM_WEALTH,5597.04,66.67,3,2.0,68760.83,69846.45,45.14,105,13855.880000000001,-6473.51,ENTERTAINMENT,39.04742857142857,32.65,MODERATE,0.05,N,N,N,N,MASTER_V1.5,2026-04-10,2026-04-10 11:28:08.713839+02:00
6,Erica Day,76,TX,2017-02-27,110,A,PREMIUM_WEALTH,11615.31,75.0,4,3.0,38536.78,127302.51,28.0,120,7394.17,-1196.62,ENTERTAINMENT,43.3305,9.09,LOW,0.05,N,N,N,N,MASTER_V1.5,2026-04-10,2026-04-10 11:28:08.713839+02:00
7,Patricia Taylor,24,CA,2015-08-16,128,A,CREDIT_DEPENDENT,6730.76,100.0,2,2.0,36930.93,0.0,0.0,28,1249.6499999999999,1098.8,TRAVEL,39.28285714285714,21.27,MODERATE,0.05,N,N,N,N,MASTER_V1.5,2026-04-10,2026-04-10 11:28:08.713839+02:00
8,Christopher Murray,65,NY,2021-04-05,60,A,PREMIUM_WEALTH,3441.32,100.0,2,2.0,95899.74,2826.98,27.71,30,1425.6100000000001,-136.94000000000005,RETAIL,36.664,9.73,LOW,0.05,N,N,N,N,MASTER_V1.5,2026-04-10,2026-04-10 11:28:08.713839+02:00
9,Robert Williams,32,TX,2020-11-04,65,A,CREDIT_DEPENDENT,3512.07,100.0,2,2.0,49334.34,0.0,0.0,148,12798.6,-6884.9400000000005,RESTAURANT,41.89554054054054,5.55,LOW,0.05,N,N,N,N,MASTER_V1.5,2026-04-10,2026-04-10 11:28:08.713839+02:00
10,Anthony Gray,25,OH,2021-06-25,58,A,CREDIT_DEPENDENT,3521.68,100.0,2,2.0,187912.02,0.0,0.0,103,22738.06,-19177.64,ENTERTAINMENT,40.77873786407767,3.73,LOW,0.05,N,N,N,N,MASTER_V1.5,2026-04-10,2026-04-10 11:28:08.713839+02:00
11,Jeffery Lewis,53,CA,2006-05-25,239,A,ENGAGED_MAINSTREAM,11199.25,100.0,2,2.0,11751.73,49742.27,20.98,54,2377.96,-674.19,UTILITIES,38.88962962962964,9.27,LOW,0.05,N,N,N,N,MASTER_V1.5,2026-04-10,2026-04-10 11:28:08.713839+02:00
12,William Murphy,84,FL,2011-05-06,179,A,GROWING_DIGITAL,8965.54,50.0,2,1.0,22412.26,0.0,0.0,60,4117.9400000000005,437.71999999999935,UTILITIES,34.9995,19.84,LOW,0.05,N,N,N,N,MASTER_V1.5,2026-04-10,2026-04-10 11:28:08.713839+02:00
13,Anthony Juarez,67,PA,2009-06-15,202,A,ENGAGED_MAINSTREAM,13020.73,100.0,3,3.0,5402.08,299.1,32.5,130,6375.37,6204.650000000001,GAS_STATION,40.770153846153846,15.36,LOW,0.05,N,N,Y,N,MASTER_V1.5,2026-04-10,2026-04-10 11:28:08.713839+02:00
15,Debra Walton,66,MI,2007-02-07,230,A,ENGAGED_MAINSTREAM,22847.89,100.0,4,4.0,20616.91,8907.52,26.28,226,16889.68,-7631.0599999999995,GAMBLING,29.204469026548672,13.09,LOW,0.05,N,N,N,N,MASTER_V1.5,2026-04-10,2026-04-10 11:28:08.713839+02:00
16,Amy Decker,71,MI,2024-02-05,26,A,VALUE_BASIC,1054.01,100.0,2,2.0,3320.22,0.0,0.0,55,2515.87,-316.0799999999999,UTILITIES,49.094181818181816,7.91,LOW,0.05,N,N,Y,N,MASTER_V1.5,2026-04-10,2026-04-10 11:28:08.713839+02:00
17,Jeffrey King,53,FL,2008-08-23,212,A,CREDIT_DEPENDENT,4638.64,100.0,1,1.0,6324.25,0.0,0.0,18,3553.59,-2756.2000000000003,GROCERY,33.34,17.36,LOW,0.05,N,Y,Y,N,MASTER_V1.5,2026-04-10,2026-04-10 11:28:08.713839+02:00
18,Bridget Miller,27,IL,2024-11-13,17,A,PREMIUM_WEALTH,1156.57,66.67,3,2.0,8700.31,8710.45,46.03,104,9576.060000000001,-3279.050000000001,WIRE_TRANSFER_INTL,48.080576923076926,10.82,LOW,0.05,N,N,Y,N,MASTER_V1.5,2026-04-10,2026-04-10 11:28:08.713839+02:00
19,Lisa Smith,74,OH,2016-09-23,115,A,VALUE_BASIC,2761.03,100.0,1,1.0,14817.91,0.0,0.0,30,871.75,1496.63,RETAIL,40.0,33.27,MODERATE,0.05,N,Y,N,N,MASTER_V1.5,2026-04-10,2026-04-10 11:28:08.713839+02:00
20,Adam Ryan,48,TX,2014-05-12,143,A,CREDIT_DEPENDENT,7038.82,100.0,2,2.0,18854.43,0.0,0.0,90,5419.0,1500.0599999999995,GAMBLING,37.775999999999996,12.91,LOW,0.05,N,N,N,N,MASTER_V1.5,2026-04-10,2026-04-10 11:28:08.713839+02:00
21,Linda Cooke,52,CA,2019-01-26,87,A,PREMIUM_WEALTH,3867.12,50.0,2,1.0,7258.53,653.51,63.73,22,1734.03,-941.05,GAS_STATION,45.459545454545456,13.09,LOW,0.05,N,N,Y,N,MASTER_V1.5,2026-04-10,2026-04-10 11:28:08.713839+02:00
22,Helen Bell,43,OH,2023-04-14,36,A,PREMIUM_WEALTH,2842.51,100.0,4,4.0,2686.17,3341.4,53.81,181,11296.26,-904.5400000000009,UTILITIES,42.541381215469606,26.45,MODERATE,0.05,N,N,Y,N,MASTER_V1.5,2026-04-10,2026-04-10 11:28:08.713839+02:00
23,Matthew Santos,30,PA,2022-05-13,47,A,CREDIT_DEPENDENT,748.11,100.0,1,1.0,582.26,0.0,0.0,41,2521.68,290.6300000000001,GAS_STATION,51.22,10.73,LOW,0.05,N,Y,N,N,MASTER_V1.5,2026-04-10,2026-04-10 11:28:08.713839+02:00
24,Eric Harrington,80,MI,2009-10-11,198,A,ENGAGED_MAINSTREAM,20412.2,75.0,4,3.0,30007.15,34318.9,32.13,100,6112.77,5188.3099999999995,HEALTHCARE,36.999900000000004,2.36,LOW,0.05,N,N,N,N,MASTER_V1.5,2026-04-10,2026-04-10 11:28:08.713839+02:00
25,Susan Pearson,71,GA,2019-11-06,77,A,VALUE_BASIC,2494.56,100.0,2,2.0,651.57,0.0,0.0,59,10651.460000000001,-8576.34,GAS_STATION,42.37135593220339,15.0,LOW,0.05,N,N,N,N,MASTER_V1.5,2026-04-10,2026-04-10 11:28:08.713839+02:00
26,Matthew Webster,61,PA,2020-01-06,75,A,VALUE_BASIC,4469.86,100.0,3,3.0,2825.45,2857.53,22.79,124,8691.83,-448.39999999999964,WIRE_TRANSFER_INTL,45.96661290322581,12.82,LOW,0.05,N,N,Y,N,MASTER_V1.5,2026-04-10,2026-04-10 11:28:08.713839+02:00
27,Christopher Herring,45,OH,2007-10-25,222,A,ENGAGED_MAINSTREAM,14115.2,100.0,3,3.0,4805.88,94.98,45.47,77,4301.78,-1216.92,TRAVEL,50.65194805194806,8.55,LOW,0.05,N,N,Y,N,MASTER_V1.5,2026-04-10,2026-04-10 11:28:08.713839+02:00
29,Melanie Smith,55,OH,2007-12-23,220,A,ENGAGED_MAINSTREAM,15491.65,66.67,3,2.0,11954.67,0.0,0.0,150,16563.870000000003,-7075.830000000002,RESTAURANT,44.66793333333334,2.27,LOW,0.05,N,N,N,N,MASTER_V1.5,2026-04-10,2026-04-10 11:28:08.713839+02:00
30,Cassandra Hernandez,48,OH,2007-11-11,221,A,GROWING_DIGITAL,10446.95,0.0,2,0.0,12762.32,0.0,0.0,18,3847.25,-3697.38,GROCERY,44.44444444444444,11.55,LOW,0.05,N,N,N,Y,MASTER_V1.5,2026-04-10,2026-04-10 11:28:08.713839+02:00
31,Lindsay Martinez,48,MI,2014-04-12,144,A,CREDIT_DEPENDENT,2535.6,100.0,1,1.0,1145.2,0.0,0.0,72,4513.68,2522.2,TRAVEL,36.11000000000001,16.47,LOW,0.05,N,Y,Y,N,MASTER_V1.5,2026-04-10,2026-04-10 11:28:08.713839+02:00
32,Jessica Caldwell,33,FL,2022-11-24,41,A,PREMIUM_WEALTH,2483.98,100.0,3,3.0,3222.68,5714.47,23.73,159,14101.72,-4711.519999999999,RETAIL,46.54188679245283,20.45,MODERATE,0.05,N,N,Y,N,MASTER_V1.5,2026-04-10,2026-04-10 11:28:08.713839+02:00
33,Amanda Elliott,24,PA,2023-02-02,38,A,CREDIT_DEPENDENT,384.32,100.0,1,1.0,57.14,0.0,0.0,44,4369.45,-1434.9699999999998,GAMBLING,43.18,13.36,LOW,0.05,N,Y,N,N,MASTER_V1.5,2026-04-10,2026-04-10 11:28:08.713839+02:00
34,Teresa Robinson,55,CA,2020-07-11,69,A,PREMIUM_WEALTH,5900.45,100.0,4,4.0,5173.88,6164.43,33.36,141,8595.5,-348.0,GAMBLING,43.26382978723404,18.72,LOW,0.05,N,N,Y,N,MASTER_V1.5,2026-04-10,2026-04-10 11:28:08.713839+02:00
37,Maria Jackson,76,NY,2017-02-14,110,A,VALUE_BASIC,5620.27,100.0,2,2.0,27410.34,0.0,0.0,96,6935.51,-741.5100000000002,GROCERY,38.540625,26.99,MODERATE,0.05,N,N,N,N,MASTER_V1.5,2026-04-10,2026-04-10 11:28:08.713839+02:00
38,Christine Lawson,74,IL,2023-11-23,29,A,PREMIUM_WEALTH,2076.63,100.0,3,3.0,14012.81,13753.63,46.28,187,20168.94,-10178.339999999998,ENTERTAINMENT,41.17919786096257,10.18,LOW,0.05,N,N,N,N,MASTER_V1.5,2026-04-10,2026-04-10 11:28:08.713839+02:00
40,Barbara Wilson,61,CA,2025-10-09,6,A,PREMIUM_WEALTH,457.18,100.0,3,3.0,25836.18,15845.37,24.63,79,6412.509999999999,-1492.3499999999995,CRYPTO_EXCHANGE,41.77075949367088,10.47,LOW,0.05,N,N,N,N,MASTER_V1.5,2026-04-10,2026-04-10 11:28:08.713839+02:00
41,Janet Weiss,29,IL,2012-01-30,171,A,CREDIT_DEPENDENT,4337.02,100.0,1,1.0,25465.17,0.0,0.0,75,10137.84,-4850.49,HEALTHCARE,42.669999999999995,20.82,MODERATE,0.05,N,Y,N,N,MASTER_V1.5,2026-04-10,2026-04-10 11:28:08.713839+02:00
43,Jeremy Rodriguez,65,PA,2022-04-25,48,A,VALUE_BASIC,2080.99,100.0,2,2.0,5830.17,0.0,0.0,107,10607.96,-6137.94,CRYPTO_EXCHANGE,39.2496261682243,11.09,LOW,0.05,N,N,Y,N,MASTER_V1.5,2026-04-10,2026-04-10 11:28:08.713839+02:00
44,Keith Johnson,42,GA,2022-09-19,43,A,PREMIUM_WEALTH,2849.97,66.67,3,2.0,6885.12,8644.89,32.49,94,4653.71,-673.3299999999999,TRAVEL,44.680851063829785,6.2,LOW,0.05,N,N,Y,N,MASTER_V1.5,2026-04-10,2026-04-10 11:28:08.713839+02:00
45,Christopher Collins,23,NC,2009-08-26,200,A,CREDIT_DEPENDENT,3995.17,100.0,1,1.0,2952.31,0.0,0.0,59,4158.79,2359.7799999999997,RETAIL,32.2,8.36,LOW,0.05,N,Y,Y,N,MASTER_V1.5,2026-04-10,2026-04-10 11:28:08.713839+02:00
47,Craig Rubio,48,NY,2017-08-25,104,A,PREMIUM_WEALTH,11952.61,75.0,4,3.0,98016.43,2070.32,37.81,180,16759.65,-6380.110000000001,CRYPTO_EXCHANGE,45.00427777777778,13.63,LOW,0.05,N,N,N,N,MASTER_V1.5,2026-04-10,2026-04-10 11:28:08.713839+02:00
48,Joshua Sanders,78,OH,2014-06-05,142,A,VALUE_BASIC,9495.39,100.0,3,3.0,7449.17,290.77,30.16,156,23297.35,-10831.339999999998,UTILITIES,38.461923076923085,16.91,LOW,0.05,N,N,Y,N,MASTER_V1.5,2026-04-10,2026-04-10 11:28:08.713839+02:00
49,Cynthia Espinoza,64,NC,2015-12-03,124,A,VALUE_BASIC,6120.74,100.0,2,2.0,19383.16,1222.85,27.82,81,4468.4,33.5600000000004,HEALTHCARE,30.864074074074075,17.27,LOW,0.05,N,N,N,N,MASTER_V1.5,2026-04-10,2026-04-10 11:28:08.713839+02:00
50,Michael Jones,70,GA,2012-08-23,164,A,GROWING_DIGITAL,12505.69,66.67,3,2.0,26035.7,0.0,0.0,181,16413.39,3303.0699999999997,RETAIL,34.80486187845304,29.91,MODERATE,0.05,N,N,N,N,MASTER_V1.5,2026-04-10,2026-04-10 11:28:08.713839+02:00
51,Mitchell Vaughn,69,TX,2010-03-17,193,A,VALUE_BASIC,2811.5,100.0,1,1.0,339.32,0.0,0.0,23,1705.6,-277.54999999999995,HEALTHCARE,39.129999999999995,32.73,MODERATE,0.05,N,Y,N,N,MASTER_V1.5,2026-04-10,2026-04-10 11:28:08.713839+02:00
52,Jason Burton,31,OH,2018-05-11,95,A,GROWING_DIGITAL,4666.32,50.0,2,1.0,18468.78,18515.76,30.73,101,7968.46,6524.329999999999,UTILITIES,43.561683168316826,11.82,LOW,0.05,N,N,N,N,MASTER_V1.5,2026-04-10,2026-04-10 11:28:08.713839+02:00
53,Joseph Garcia,43,NY,2009-09-15,199,A,ENGAGED_MAINSTREAM,21216.62,75.0,4,3.0,42685.72,162844.83,23.42,127,16304.350000000002,-5630.730000000003,GAMBLING,37.79472440944882,14.27,LOW,0.05,N,N,N,N,MASTER_V1.5,2026-04-10,2026-04-10 11:28:08.713839+02:00
55,Deborah Jefferson,52,IL,2006-08-07,236,A,ENGAGED_MAINSTREAM,14777.57,66.67,3,2.0,4225.58,9371.12,32.88,86,6257.88,-2567.77,TRAVEL,34.88534883720931,8.82,LOW,0.05,N,N,Y,N,MASTER_V1.5,2026-04-10,2026-04-10 11:28:08.713839+02:00
56,Chelsea Burke,21,FL,2016-02-25,122,A,CREDIT_DEPENDENT,9229.59,100.0,3,3.0,24028.1,0.0,0.0,122,14439.0,-4648.17,WIRE_TRANSFER_INTL,38.52426229508197,9.55,LOW,0.05,N,N,N,N,MASTER_V1.5,2026-04-10,2026-04-10 11:28:08.713839+02:00
57,George Martinez,55,PA,2011-07-18,177,A,VALUE_BASIC,7173.37,100.0,2,2.0,3312.64,1102.68,23.31,95,10180.63,-7059.469999999999,RETAIL,45.26757894736842,7.27,LOW,0.05,N,N,Y,N,MASTER_V1.5,2026-04-10,2026-04-10 11:28:08.713839+02:00
58,Jessica Riggs,29,CA,2008-10-10,210,A,CREDIT_DEPENDENT,3772.33,100.0,1,1.0,1320.0,6061.22,21.78,20,1264.91,-279.5400000000001,GAS_STATION,35.0,11.82,LOW,0.05,N,Y,Y,N,MASTER_V1.5,2026-04-10,2026-04-10 11:28:08.713839+02:00
59,Frank Patton,68,GA,2010-06-01,190,A,VALUE_BASIC,8832.18,100.0,2,2.0,10905.62,0.0,0.0,72,10065.95,-6004.950000000001,ENTERTAINMENT,34.72222222222222,14.34,LOW,0.05,N,N,N,N,MASTER_V1.5,2026-04-10,2026-04-10 11:28:08.713839+02:00
60,Noah Reed,64,IL,2009-04-02,204,A,VALUE_BASIC,9885.93,100.0,2,2.0,16188.97,0.0,0.0,42,1856.12,4317.4800000000005,ENTERTAINMENT,45.234285714285704,12.27,LOW,0.05,N,N,N,N,MASTER_V1.5,2026-04-10,2026-04-10 11:28:08.713839+02:00
62,Danielle Wood,68,NY,2025-04-29,12,A,PREMIUM_WEALTH,525.02,100.0,2,2.0,6312.55,4745.12,45.8,113,7893.349999999999,3429.3100000000004,ENTERTAINMENT,45.13176991150442,16.27,LOW,0.05,N,N,N,N,MASTER_V1.5,2026-04-10,2026-04-10 11:28:08.713839+02:00
63,Angela Hunter,43,MI,2016-05-18,119,A,PREMIUM_WEALTH,12686.96,100.0,4,4.0,42672.57,14206.1,58.09,168,13810.82,442.4599999999991,GAMBLING,35.71321428571429,5.64,LOW,0.05,N,N,N,N,MASTER_V1.5,2026-04-10,2026-04-10 11:28:08.713839+02:00
64,Gabrielle Peterson,83,TX,2022-07-31,45,A,PREMIUM_WEALTH,4332.39,75.0,4,3.0,15176.87,19580.43,21.4,88,6953.83,-3374.95,TRAVEL,44.314772727272725,18.39,LOW,0.05,N,N,N,N,MASTER_V1.5,2026-04-10,2026-04-10 11:28:08.713839+02:00
65,Megan Atkinson,46,PA,2008-06-30,214,A,ENGAGED_MAINSTREAM,24600.41,75.0,4,3.0,98274.46,14167.28,25.77,107,8136.78,-426.3000000000002,GAS_STATION,37.385794392523366,10.45,LOW,0.05,N,N,N,N,MASTER_V1.5,2026-04-10,2026-04-10 11:28:08.713839+02:00
66,Kimberly Short,40,IL,2021-06-24,58,A,CREDIT_DEPENDENT,1128.91,100.0,1,1.0,2405.66,0.0,0.0,28,4271.95,-2717.6899999999996,ENTERTAINMENT,32.15,19.41,LOW,0.05,N,Y,Y,N,MASTER_V1.5,2026-04-10,2026-04-10 11:28:08.713839+02:00
67,Jeremy Garcia,79,NY,2021-08-26,56,A,PREMIUM_WEALTH,5030.84,100.0,3,3.0,159242.46,181.94,56.18,144,9076.630000000001,-909.880000000001,GROCERY,40.27819444444445,22.27,MODERATE,0.05,N,N,N,N,MASTER_V1.5,2026-04-10,2026-04-10 11:28:08.713839+02:00
69,Leslie Reid,23,NC,2013-05-27,155,A,GROWING_DIGITAL,6475.3,50.0,2,1.0,4252.34,14136.76,23.04,120,14470.1,-9563.54,GROCERY,44.166,16.73,LOW,0.05,N,N,Y,N,MASTER_V1.5,2026-04-10,2026-04-10 11:28:08.713839+02:00
70,Joseph Poole,50,MI,2014-10-28,138,A,ENGAGED_MAINSTREAM,10842.74,66.67,3,2.0,35457.14,76858.89,28.78,74,3777.51,-456.9500000000003,GAMBLING,37.84,23.45,MODERATE,0.05,N,N,N,N,MASTER_V1.5,2026-04-10,2026-04-10 11:28:08.713839+02:00
71,Jason Zimmerman,71,FL,2007-04-22,228,A,ENGAGED_MAINSTREAM,16639.49,100.0,3,3.0,16826.28,44478.06,36.66,62,6009.71,19388.37,GAS_STATION,32.2608064516129,8.15,LOW,0.05,N,N,N,N,MASTER_V1.5,2026-04-10,2026-04-10 11:28:08.713839+02:00
72,Sherri Graham,31,NC,2017-11-27,101,A,GROWING_DIGITAL,6065.07,50.0,2,1.0,164397.56,0.0,0.0,113,8180.27,127.27000000000044,TRAVEL,32.74504424778761,13.09,LOW,0.05,N,N,N,N,MASTER_V1.5,2026-04-10,2026-04-10 11:28:08.713839+02:00
73,Nancy Gross,49,MI,2020-07-28,69,A,GROWING_DIGITAL,2782.16,50.0,2,1.0,3178.67,0.0,0.0,117,9344.74,1102.6100000000006,CRYPTO_EXCHANGE,35.04871794871794,20.64,MODERATE,0.05,N,N,Y,N,MASTER_V1.5,2026-04-10,2026-04-10 11:28:08.713839+02:00
74,Leonard Sheppard,27,IL,2025-03-18,13,A,PREMIUM_WEALTH,1284.61,66.67,3,2.0,527294.29,0.0,0.0,161,24331.23,-14767.21,TRAVEL,37.272173913043474,24.91,MODERATE,0.05,N,N,N,N,MASTER_V1.5,2026-04-10,2026-04-10 11:28:08.713839+02:00
75,Diana Nelson,64,IL,2026-01-19,3,A,PREMIUM_WEALTH,215.4,50.0,2,1.0,1723358.41,259.37,37.56,72,4376.7,1583.9300000000003,TRAVEL,48.61000000000001,15.91,LOW,0.05,N,N,N,N,MASTER_V1.5,2026-04-10,2026-04-10 11:28:08.713839+02:00
76,Randall Morton,50,GA,2018-10-03,90,A,CREDIT_DEPENDENT,2416.84,100.0,1,1.0,46234.85,116186.17,39.79,68,5246.72,-3782.17,GAS_STATION,39.71,35.73,MODERATE,0.05,N,Y,N,N,MASTER_V1.5,2026-04-10,2026-04-10 11:28:08.713839+02:00
77,Robin Medina,40,NY,2007-10-07,222,A,CREDIT_DEPENDENT,11757.98,100.0,2,2.0,39845.8,0.0,0.0,117,11130.46,-5400.509999999999,CRYPTO_EXCHANGE,41.88410256410256,19.51,LOW,0.05,N,N,N,N,MASTER_V1.5,2026-04-10,2026-04-10 11:28:08.713839+02:00
78,Stephen Webb,33,IL,2015-10-08,126,A,PREMIUM_WEALTH,12335.92,100.0,4,4.0,17861.66,11642.13,55.65,97,8522.6,-5039.42,RESTAURANT,40.210309278350515,17.64,LOW,0.05,N,N,N,N,MASTER_V1.5,2026-04-10,2026-04-10 11:28:08.713839+02:00
79,Joseph Graham,56,OH,2008-05-28,215,A,CREDIT_DEPENDENT,6075.89,100.0,1,1.0,81144.25,0.0,0.0,18,1387.5,-992.97,TRAVEL,44.44,32.57,MODERATE,0.05,N,Y,N,N,MASTER_V1.5,2026-04-10,2026-04-10 11:28:08.713839+02:00
80,John Simon,63,OH,2024-03-02,25,A,PREMIUM_WEALTH,2453.62,66.67,3,2.0,482140.11,0.0,0.0,115,6193.02,-461.02000000000044,RESTAURANT,39.131913043478264,20.62,MODERATE,0.05,N,N,N,N,MASTER_V1.5,2026-04-10,2026-04-10 11:28:08.713839+02:00
82,Jose Christian,47,FL,2009-08-08,200,A,ENGAGED_MAINSTREAM,15524.86,100.0,3,3.0,31254.21,73044.49,38.71,152,19102.78,-8388.46,UTILITIES,46.05736842105263,21.71,MODERATE,0.05,N,N,N,N,MASTER_V1.5,2026-04-10,2026-04-10 11:28:08.713839+02:00
83,Brenda Rivas,29,TX,2024-01-25,27,A,PREMIUM_WEALTH,2409.83,100.0,3,3.0,147323.99,0.0,0.0,166,13775.82,2033.5300000000007,CRYPTO_EXCHANGE,48.79662650602409,27.89,MODERATE,0.05,N,N,N,N,MASTER_V1.5,2026-04-10,2026-04-10 11:28:08.713839+02:00
84,Rachael Miller,74,GA,2025-02-27,14,A,PREMIUM_WEALTH,961.17,66.67,3,2.0,9451.95,426.93,48.91,107,7601.0199999999995,656.2300000000005,CRYPTO_EXCHANGE,36.44626168224299,26.18,MODERATE,0.05,N,N,Y,N,MASTER_V1.5,2026-04-10,2026-04-10 11:28:08.713839+02:00
85,Reginald Keith,60,NY,2018-02-24,98,A,VALUE_BASIC,3895.97,100.0,2,2.0,2838.32,0.0,0.0,111,5941.93,581.5599999999995,CRYPTO_EXCHANGE,37.83846846846847,28.82,MODERATE,0.05,N,N,Y,N,MASTER_V1.5,2026-04-10,2026-04-10 11:28:08.713839+02:00
86,Jeffrey Sanchez,65,NC,2007-10-14,222,A,CREDIT_DEPENDENT,12254.46,100.0,2,2.0,62320.78,0.0,0.0,67,4521.93,-629.9600000000005,RESTAURANT,43.285223880597016,16.09,LOW,0.05,N,N,N,N,MASTER_V1.5,2026-04-10,2026-04-10 11:28:08.713839+02:00
87,Whitney Marshall,25,CA,2012-06-21,166,A,CREDIT_DEPENDENT,6751.69,100.0,2,2.0,3410.32,0.0,0.0,60,6513.75,-3419.0,GAS_STATION,45.001666666666665,18.64,LOW,0.05,N,N,Y,N,MASTER_V1.5,2026-04-10,2026-04-10 11:28:08.713839+02:00
88,William Bishop,39,OH,2024-03-21,25,A,PREMIUM_WEALTH,2019.45,66.67,3,2.0,47590.23,2005.89,58.37,65,4324.6,-644.3700000000003,HEALTHCARE,36.92123076923077,13.75,LOW,0.05,N,N,N,N,MASTER_V1.5,2026-04-10,2026-04-10 11:28:08.713839+02:00
89,Christopher Gray,70,NC,2009-07-13,201,A,GROWING_DIGITAL,5136.12,0.0,1,0.0,27477.57,120393.59,22.82,12,887.78,128.31000000000006,GROCERY,33.34000000000001,9.18,LOW,0.05,N,N,N,Y,MASTER_V1.5,2026-04-10,2026-04-10 11:28:08.713839+02:00
90,Brandon Johnson,74,PA,2009-05-27,203,A,ENGAGED_MAINSTREAM,25542.65,75.0,4,3.0,291439.47,150225.64,21.31,172,11742.9,-3129.58,RETAIL,37.78883720930233,20.98,MODERATE,0.05,N,N,N,N,MASTER_V1.5,2026-04-10,2026-04-10 11:28:08.713839+02:00
92,Courtney White,72,NC,2008-03-23,217,A,ENGAGED_MAINSTREAM,10567.31,100.0,2,2.0,16974.32,8818.04,50.77,89,5832.299999999999,-2558.039999999999,UTILITIES,44.947640449438204,11.82,LOW,0.05,N,N,N,N,MASTER_V1.5,2026-04-10,2026-04-10 11:28:08.713839+02:00
94,Robert Salinas,44,OH,2006-09-11,235,A,CREDIT_DEPENDENT,3382.17,100.0,1,1.0,316.36,0.0,0.0,13,1438.74,-1223.88,GAMBLING,46.15,29.64,MODERATE,0.05,N,Y,N,N,MASTER_V1.5,2026-04-10,2026-04-10 11:28:08.713839+02:00
95,Bryan Peterson,78,OH,2019-10-23,78,A,VALUE_BASIC,981.41,100.0,1,1.0,153.37,493.95,31.05,70,5825.34,-1249.38,HEALTHCARE,38.57000000000001,27.0,MODERATE,0.05,N,Y,N,N,MASTER_V1.5,2026-04-10,2026-04-10 11:28:08.713839+02:00
96,Patrick Beard,38,GA,2010-03-25,193,A,ENGAGED_MAINSTREAM,20873.55,100.0,3,3.0,1831078.11,8942225.52,20.39,181,17305.9,-2998.2700000000004,TRAVEL,32.5985635359116,6.91,LOW,0.05,N,N,N,N,MASTER_V1.5,2026-04-10,2026-04-10 11:28:08.713839+02:00
99,Tasha Smith,61,FL,2013-09-11,151,A,CREDIT_DEPENDENT,4151.31,100.0,1,1.0,59685.27,0.0,0.0,8,998.48,-562.46,CRYPTO_EXCHANGE,25.0,19.0,LOW,0.05,N,Y,N,N,MASTER_V1.5,2026-04-10,2026-04-10 11:28:08.713839+02:00
100,Michelle Vaughan,28,FL,2013-05-28,155,A,CREDIT_DEPENDENT,3540.44,100.0,1,1.0,9289.34,37509.47,24.77,58,4087.96,1704.17,RESTAURANT,34.48,16.64,LOW,0.05,N,Y,Y,N,MASTER_V1.5,2026-04-10,2026-04-10 11:28:08.713839+02:00
102,Jennifer Cortez,32,IL,2010-09-08,187,A,ENGAGED_MAINSTREAM,14063.0,100.0,3,3.0,22631.47,997.81,40.15,90,6322.25,569.2799999999997,RESTAURANT,34.43866666666667,25.94,MODERATE,0.05,N,N,N,N,MASTER_V1.5,2026-04-10,2026-04-10 11:28:08.713839+02:00
103,Erin Freeman,72,TX,2011-06-26,178,A,ENGAGED_MAINSTREAM,18644.46,100.0,4,4.0,35398.15,100.44,36.27,184,9607.43,1036.7299999999996,GAMBLING,33.69510869565217,23.72,MODERATE,0.05,N,N,N,N,MASTER_V1.5,2026-04-10,2026-04-10 11:28:08.713839+02:00
104,Amanda Chang,19,TX,2023-07-07,33,A,CREDIT_DEPENDENT,1588.64,100.0,2,2.0,15186.01,0.0,0.0,78,10736.960000000001,-7403.420000000001,TRAVEL,32.048974358974355,7.27,LOW,0.05,N,N,N,N,MASTER_V1.5,2026-04-10,2026-04-10 11:28:08.713839+02:00
106,Danielle Brewer,71,OH,2015-07-10,129,A,VALUE_BASIC,4377.64,100.0,2,2.0,886.29,0.0,0.0,55,4536.98,-1677.87,GAMBLING,32.7290909090909,37.18,MODERATE,0.05,N,N,N,N,MASTER_V1.5,2026-04-10,2026-04-10 11:28:08.713839+02:00
107,Daniel Henry,70,FL,2019-10-06,78,A,VALUE_BASIC,3414.63,100.0,2,2.0,6345.18,907.93,32.72,88,16195.42,-13474.46,RESTAURANT,45.4515909090909,25.45,MODERATE,0.05,N,N,Y,N,MASTER_V1.5,2026-04-10,2026-04-10 11:28:08.713839+02:00
108,Ryan Mcguire,63,TX,2015-12-16,124,A,VALUE_BASIC,2529.29,100.0,1,1.0,3494.66,11180.81,31.26,70,8587.15,-6450.28,GROCERY,42.85,23.45,MODERATE,0.05,N,Y,Y,N,MASTER_V1.5,2026-04-10,2026-04-10 11:28:08.713839+02:00
109,Shawn Davis,50,FL,2006-12-12,232,A,GROWING_DIGITAL,6297.58,50.0,2,1.0,227.91,0.0,0.0,90,6013.78,-2087.16,UTILITIES,35.55911111111111,9.73,LOW,0.05,N,N,N,N,MASTER_V1.5,2026-04-10,2026-04-10 11:28:08.713839+02:00
110,Stephanie Walker,65,TX,2009-02-14,206,A,ENGAGED_MAINSTREAM,15767.06,100.0,3,3.0,27043.88,0.0,0.0,149,16933.95,-2960.1900000000023,GROCERY,42.27852348993289,15.55,LOW,0.05,N,N,N,N,MASTER_V1.5,2026-04-10,2026-04-10 11:28:08.713839+02:00
111,Nancy Holt,37,IL,2009-08-07,200,A,GROWING_DIGITAL,10709.2,50.0,2,1.0,44765.95,0.0,0.0,90,6613.889999999999,605.3700000000008,RETAIL,42.221222222222224,14.55,LOW,0.05,N,N,N,N,MASTER_V1.5,2026-04-10,2026-04-10 11:28:08.713839+02:00
112,Jose Torres,70,IL,2016-12-24,112,A,VALUE_BASIC,1847.31,100.0,1,1.0,733.29,0.0,0.0,10,2247.64,-1721.11,RETAIL,50.0,5.73,LOW,0.05,N,Y,N,N,MASTER_V1.5,2026-04-10,2026-04-10 11:28:08.713839+02:00
115,Rita Schmidt,52,IL,2012-07-14,165,A,ENGAGED_MAINSTREAM,19786.38,75.0,4,3.0,161416.46,75340.82,26.63,169,13213.1,-2479.120000000001,GROCERY,40.82792899408284,0.0,LOW,0.05,N,N,N,N,MASTER_V1.5,2026-04-10,2026-04-10 11:28:08.713839+02:00
116,Monica Coleman,56,NY,2013-06-18,154,A,GROWING_DIGITAL,6752.55,50.0,2,1.0,6435.26,0.0,0.0,77,7381.58,-4536.99,HEALTHCARE,41.55402597402597,30.45,MODERATE,0.05,N,N,Y,N,MASTER_V1.5,2026-04-10,2026-04-10 11:28:08.713839+02:00
118,Danielle Rivera,28,OH,2020-11-20,65,A,GROWING_DIGITAL,2848.22,50.0,2,1.0,6398.07,0.0,0.0,46,5295.07,-2372.85,GAMBLING,45.65217391304348,11.82,LOW,0.05,N,N,Y,N,MASTER_V1.5,2026-04-10,2026-04-10 11:28:08.713839+02:00
119,Chelsea Warner,35,GA,2024-12-22,16,A,GROWING_DIGITAL,1231.03,66.67,3,2.0,28526.2,0.0,0.0,105,4949.69,-1057.2699999999995,GROCERY,35.234,30.82,MODERATE,0.05,N,N,N,N,MASTER_V1.5,2026-04-10,2026-04-10 11:28:08.713839+02:00
120,Eric Nelson,26,NC,2023-05-30,35,A,PREMIUM_WEALTH,1477.89,100.0,2,2.0,4652.06,7777.72,51.24,116,6176.99,-52.350000000000364,UTILITIES,36.20844827586207,19.62,LOW,0.05,N,N,Y,N,MASTER_V1.5,2026-04-10,2026-04-10 11:28:08.713839+02:00
121,Kathryn King,48,NC,2017-07-24,105,A,CREDIT_DEPENDENT,3909.29,100.0,2,2.0,1713.47,0.0,0.0,103,4667.8,-430.8100000000004,RETAIL,33.97650485436893,17.12,LOW,0.05,N,N,Y,N,MASTER_V1.5,2026-04-10,2026-04-10 11:28:08.713839+02:00
123,Kimberly Lee,62,IL,2022-11-27,41,A,VALUE_BASIC,1751.01,100.0,2,2.0,5123.07,0.0,0.0,87,4500.299999999999,1685.4100000000008,CRYPTO_EXCHANGE,48.26965517241379,6.24,LOW,0.05,N,N,Y,N,MASTER_V1.5,2026-04-10,2026-04-10 11:28:08.713839+02:00
124,Alyssa Wilson,50,OH,2017-11-23,101,A,PREMIUM_WEALTH,8402.49,100.0,3,3.0,65669.77,168670.26,20.54,62,5284.05,-1340.75,HEALTHCARE,43.550483870967746,6.55,LOW,0.05,N,N,N,N,MASTER_V1.5,2026-04-10,2026-04-10 11:28:08.713839+02:00
125,Aaron Herrera,75,MI,2014-03-02,145,A,VALUE_BASIC,6350.39,100.0,2,2.0,6368.78,0.0,0.0,116,10422.77,-532.7200000000012,RETAIL,34.48913793103448,19.91,LOW,0.05,N,N,Y,N,MASTER_V1.5,2026-04-10,2026-04-10 11:28:08.713839+02:00
126,Mario Gill,56,CA,2021-07-25,57,A,PREMIUM_WEALTH,8100.01,75.0,4,3.0,1484443.6,942.2,31.91,144,12760.04,175.60000000000036,HEALTHCARE,41.666805555555555,16.74,LOW,0.05,N,N,N,N,MASTER_V1.5,2026-04-10,2026-04-10 11:28:08.713839+02:00
127,Andrew Lopez,24,NC,2019-06-18,82,A,GROWING_DIGITAL,3791.98,50.0,2,1.0,10391.45,21074.84,49.12,54,3180.0299999999997,1762.1900000000005,WIRE_TRANSFER_INTL,42.5937037037037,27.09,MODERATE,0.05,N,N,N,N,MASTER_V1.5,2026-04-10,2026-04-10 11:28:08.713839+02:00
128,Sarah Robinson,69,IL,2018-11-17,89,A,VALUE_BASIC,5689.24,66.67,3,2.0,5030.17,0.0,0.0,124,9865.869999999999,-5495.809999999999,HEALTHCARE,43.549193548387095,1.41,LOW,0.05,N,N,Y,N,MASTER_V1.5,2026-04-10,2026-04-10 11:28:08.713839+02:00
129,Natasha Washington,57,IL,2016-02-21,122,A,ENGAGED_MAINSTREAM,9461.82,66.67,3,2.0,30970.29,318.69,27.58,123,12338.12,-2695.1100000000006,GAMBLING,31.702113821138212,15.73,LOW,0.05,N,N,N,N,MASTER_V1.5,2026-04-10,2026-04-10 11:28:08.713839+02:00
130,Marie Hardy,61,CA,2018-11-25,89,A,GROWING_DIGITAL,5353.69,50.0,2,1.0,167838.61,96964.94,21.69,36,3213.59,-2123.28,GAMBLING,47.21916666666666,15.64,LOW,0.05,N,N,N,N,MASTER_V1.5,2026-04-10,2026-04-10 11:28:08.713839+02:00
131,Kyle Bray,56,MI,2011-07-11,177,A,ENGAGED_MAINSTREAM,11425.24,100.0,3,3.0,5467.53,2572.62,48.51,121,10710.35,-4567.97,RETAIL,42.15471074380165,10.09,LOW,0.05,N,N,Y,N,MASTER_V1.5,2026-04-10,2026-04-10 11:28:08.713839+02:00
133,Natalie Campbell,24,FL,2017-07-22,105,A,GROWING_DIGITAL,8378.83,66.67,3,2.0,41763.63,0.0,0.0,86,10624.79,-4660.450000000001,HEALTHCARE,43.0239534883721,20.46,MODERATE,0.05,N,N,N,N,MASTER_V1.5,2026-04-10,2026-04-10 11:28:08.713839+02:00
134,Stacey Garcia,56,NY,2018-08-22,92,A,PREMIUM_WEALTH,9567.33,100.0,4,4.0,32835.54,36952.01,28.13,192,19187.59,-8904.79,GROCERY,38.54052083333333,14.18,LOW,0.05,N,N,N,N,MASTER_V1.5,2026-04-10,2026-04-10 11:28:08.713839+02:00
135,Christopher Lee,71,TX,2022-07-21,45,A,PREMIUM_WEALTH,4780.79,100.0,4,4.0,41108.9,148105.67,20.81,115,7786.139999999999,-1325.1499999999996,CRYPTO_EXCHANGE,34.78156521739131,10.34,LOW,0.05,N,N,N,N,MASTER_V1.5,2026-04-10,2026-04-10 11:28:08.713839+02:00
136,Todd Perez,39,IL,2012-07-17,165,A,ENGAGED_MAINSTREAM,19487.67,75.0,4,3.0,134687.03,197807.05,66.13,174,9231.26,3249.58,UTILITIES,31.610747126436785,16.55,LOW,0.05,N,N,N,N,MASTER_V1.5,2026-04-10,2026-04-10 11:28:08.713839+02:00
137,Chad White,59,NC,2021-07-04,57,A,PREMIUM_WEALTH,6426.21,100.0,4,4.0,78751.65,8402.32,52.62,191,18216.15,-9099.380000000001,WIRE_TRANSFER_INTL,41.88403141361257,0.0,LOW,0.05,N,N,N,N,MASTER_V1.5,2026-04-10,2026-04-10 11:28:08.713839+02:00
138,Kathleen Smith,20,NY,2020-04-13,72,A,CREDIT_DEPENDENT,4235.76,100.0,2,2.0,128798.19,0.0,0.0,137,10852.04,-1244.5600000000013,WIRE_TRANSFER_INTL,35.767445255474456,7.55,LOW,0.05,N,N,N,N,MASTER_V1.5,2026-04-10,2026-04-10 11:28:08.713839+02:00
139,Katie Ferguson,41,CA,2010-05-31,191,A,ENGAGED_MAINSTREAM,19988.85,75.0,4,3.0,35079.33,17348.1,33.36,207,18834.15,-2784.9200000000037,CRYPTO_EXCHANGE,40.095314009661834,16.36,LOW,0.05,N,N,N,N,MASTER_V1.5,2026-04-10,2026-04-10 11:28:08.713839+02:00
140,David Hill,47,TX,2007-04-22,228,A,CREDIT_DEPENDENT,6221.29,100.0,1,1.0,54969.94,0.0,0.0,26,5001.59,-4221.01,HEALTHCARE,30.769999999999996,11.55,LOW,0.05,N,Y,N,N,MASTER_V1.5,2026-04-10,2026-04-10 11:28:08.713839+02:00
141,Thomas Mccann,84,OH,2012-11-02,161,A,VALUE_BASIC,13881.66,100.0,3,3.0,98340.95,0.0,0.0,136,8945.76,9479.820000000002,GAS_STATION,41.90764705882353,15.91,LOW,0.05,N,N,N,N,MASTER_V1.5,2026-04-10,2026-04-10 11:28:08.713839+02:00
144,Monique Martinez,46,PA,2016-08-14,116,A,GROWING_DIGITAL,1944.32,0.0,1,0.0,816.11,1327.17,61.49,55,2319.99,894.3000000000002,GAMBLING,41.81999999999999,22.02,MODERATE,0.05,N,N,N,Y,MASTER_V1.5,2026-04-10,2026-04-10 11:28:08.713839+02:00
145,Rodney Oneill,85,IL,2010-11-10,185,A,ENGAGED_MAINSTREAM,20586.0,100.0,4,4.0,68020.87,14041.22,32.29,226,13933.48,-3453.779999999999,RETAIL,38.05632743362832,4.45,LOW,0.05,N,N,N,N,MASTER_V1.5,2026-04-10,2026-04-10 11:28:08.713839+02:00
146,Jason Henry,75,TX,2019-08-28,80,A,VALUE_BASIC,3046.26,100.0,2,2.0,2029.73,0.0,0.0,133,17566.24,-10158.490000000002,ENTERTAINMENT,47.36556390977444,16.91,LOW,0.05,N,N,Y,N,MASTER_V1.5,2026-04-10,2026-04-10 11:28:08.713839+02:00
147,Amber Salas,21,NY,2017-01-10,111,A,GROWING_DIGITAL,6321.59,50.0,2,1.0,88455.47,0.0,0.0,126,12355.52,-6093.650000000001,GROCERY,38.885714285714286,17.73,LOW,0.05,N,N,N,N,MASTER_V1.5,2026-04-10,2026-04-10 11:28:08.713839+02:00
151,Wanda Lopez,76,PA,2016-06-15,118,A,VALUE_BASIC,5547.48,100.0,2,2.0,12118.7,32070.15,21.35,121,10564.960000000001,-31.76000000000022,GAS_STATION,42.151157024793385,13.73,LOW,0.05,N,N,N,N,MASTER_V1.5,2026-04-10,2026-04-10 11:28:08.713839+02:00
152,Debra Williams,37,IL,2013-03-15,157,A,CREDIT_DEPENDENT,8237.12,100.0,2,2.0,36067.27,0.0,0.0,125,13873.15,-7134.099999999999,ENTERTAINMENT,43.99736,7.72,LOW,0.05,N,N,N,N,MASTER_V1.5,2026-04-10,2026-04-10 11:28:08.713839+02:00
154,Zachary Woods,38,IL,2010-03-08,193,A,ENGAGED_MAINSTREAM,14832.17,100.0,3,3.0,28190.81,2494.11,29.03,134,7839.62,-1202.1000000000004,GAMBLING,44.032462686567165,19.17,LOW,0.05,N,N,N,N,MASTER_V1.5,2026-04-10,2026-04-10 11:28:08.713839+02:00
155,David Short,47,IL,2015-03-09,133,A,CREDIT_DEPENDENT,5655.69,100.0,2,2.0,4938.37,14640.25,23.78,67,8690.83,-3396.2199999999993,UTILITIES,47.75522388059702,16.64,LOW,0.05,N,N,Y,N,MASTER_V1.5,2026-04-10,2026-04-10 11:28:08.713839+02:00
156,Jeffrey Morales,63,FL,2015-08-04,128,A,VALUE_BASIC,4997.24,100.0,2,2.0,2460.68,4942.91,37.27,148,12639.36,-7096.630000000001,UTILITIES,39.8629054054054,3.27,LOW,0.05,N,N,Y,N,MASTER_V1.5,2026-04-10,2026-04-10 11:28:08.713839+02:00
157,Matthew Jones,27,OH,2010-12-10,184,A,GROWING_DIGITAL,3243.54,0.0,1,0.0,1154.21,0.0,0.0,52,4202.7,-1178.6099999999997,CRYPTO_EXCHANGE,28.850000000000005,6.27,LOW,0.05,N,N,Y,Y,MASTER_V1.5,2026-04-10,2026-04-10 11:28:08.713839+02:00
158,Brianna Soto,56,MI,2013-08-05,152,A,VALUE_BASIC,2733.66,100.0,1,1.0,1331.22,0.0,0.0,8,1877.7,-1483.1100000000001,WIRE_TRANSFER_INTL,37.5,13.09,LOW,0.05,N,Y,Y,N,MASTER_V1.5,2026-04-10,2026-04-10 11:28:08.713839+02:00
160,Jeffrey Hernandez,71,PA,2020-06-16,70,A,PREMIUM_WEALTH,4586.91,100.0,2,2.0,491618.91,289116.0,35.74,38,1253.19,1952.3200000000002,CRYPTO_EXCHANGE,42.10947368421052,16.73,LOW,0.05,N,N,N,N,MASTER_V1.5,2026-04-10,2026-04-10 11:28:08.713839+02:00
162,Crystal Torres,63,FL,2011-07-26,177,A,VALUE_BASIC,3320.3,100.0,1,1.0,1814.37,0.0,0.0,74,7192.06,-2226.580000000001,GAS_STATION,41.89,26.89,MODERATE,0.05,N,Y,Y,N,MASTER_V1.5,2026-04-10,2026-04-10 11:28:08.713839+02:00
163,Jeremy Mcknight,46,OH,2025-06-29,10,A,VALUE_BASIC,386.84,100.0,2,2.0,2291.04,0.0,0.0,89,4250.16,1500.3100000000004,GROCERY,51.68696629213484,16.09,LOW,0.05,N,N,N,N,MASTER_V1.5,2026-04-10,2026-04-10 11:28:08.713839+02:00
167,John Gibbs,40,FL,2016-03-04,121,A,PREMIUM_WEALTH,8769.34,66.67,3,2.0,15727.87,47696.3,23.43,84,4643.95,2234.8100000000004,GAMBLING,33.333571428571425,6.91,LOW,0.05,N,N,N,N,MASTER_V1.5,2026-04-10,2026-04-10 11:28:08.713839+02:00
171,Selena Ramos,25,PA,2007-03-27,229,A,GROWING_DIGITAL,18072.42,33.33,3,1.0,37142.41,45265.66,25.2,142,12225.64,-4968.36,HEALTHCARE,43.664014084507045,13.36,LOW,0.05,N,N,N,Y,MASTER_V1.5,2026-04-10,2026-04-10 11:28:08.713839+02:00
172,Ashley Dalton,24,GA,2013-12-18,148,A,CREDIT_DEPENDENT,11312.42,100.0,3,3.0,26671.99,0.0,0.0,67,7185.969999999999,-4328.969999999999,RETAIL,37.311194029850746,19.82,LOW,0.05,N,N,N,N,MASTER_V1.5,2026-04-10,2026-04-10 11:28:08.713839+02:00
174,Kristen Torres,67,PA,2024-04-19,24,A,VALUE_BASIC,881.85,100.0,2,2.0,1554.2,5319.08,29.1,103,8198.7,-2860.4000000000005,GAMBLING,35.92233009708738,10.45,LOW,0.05,N,N,Y,N,MASTER_V1.5,2026-04-10,2026-04-10 11:28:08.713839+02:00
175,Lindsey Oliver,65,IL,2013-10-24,150,A,VALUE_BASIC,6070.8,100.0,2,2.0,3276.06,0.0,0.0,148,11241.92,-3057.870000000001,WIRE_TRANSFER_INTL,32.43013513513514,27.36,MODERATE,0.05,N,N,Y,N,MASTER_V1.5,2026-04-10,2026-04-10 11:28:08.713839+02:00
176,James Lynch,49,IL,2011-10-01,174,A,CREDIT_DEPENDENT,9662.94,100.0,2,2.0,66624.77,311623.07,21.08,121,12850.689999999999,-6682.789999999999,CRYPTO_EXCHANGE,43.80413223140496,3.93,LOW,0.05,N,N,N,N,MASTER_V1.5,2026-04-10,2026-04-10 11:28:08.713839+02:00
177,Collin Singh,66,OH,2014-08-19,140,A,ENGAGED_MAINSTREAM,12305.92,25.0,4,1.0,6567.85,1002.07,51.61,239,18899.05,-5958.609999999999,GROCERY,41.4220920502092,34.18,MODERATE,0.05,N,N,Y,Y,MASTER_V1.5,2026-04-10,2026-04-10 11:28:08.713839+02:00
178,Ryan Meza,29,CA,2024-07-05,21,A,CREDIT_DEPENDENT,835.0,100.0,2,2.0,2842.37,0.0,0.0,105,6989.2,-2144.2799999999997,WIRE_TRANSFER_INTL,39.04714285714285,20.27,MODERATE,0.05,N,N,Y,N,MASTER_V1.5,2026-04-10,2026-04-10 11:28:08.713839+02:00
179,Rodney Clark,79,NC,2015-10-12,126,A,VALUE_BASIC,4248.54,100.0,2,2.0,848.71,0.0,0.0,37,4575.03,-3587.3199999999997,GAMBLING,32.436216216216216,14.64,LOW,0.05,N,N,N,N,MASTER_V1.5,2026-04-10,2026-04-10 11:28:08.713839+02:00
180,Stuart Clark,52,PA,2007-07-25,225,A,ENGAGED_MAINSTREAM,13828.13,100.0,2,2.0,217874.22,8119.2,40.81,56,4815.29,-2985.12,GROCERY,39.279999999999994,15.64,LOW,0.05,N,N,N,N,MASTER_V1.5,2026-04-10,2026-04-10 11:28:08.713839+02:00
181,Jessica Guerrero,81,PA,2011-10-17,174,A,ENGAGED_MAINSTREAM,14635.07,100.0,3,3.0,74206.92,84533.04,28.56,83,8051.48,2234.26,GAMBLING,31.325903614457832,4.73,LOW,0.05,N,N,N,N,MASTER_V1.5,2026-04-10,2026-04-10 11:28:08.713839+02:00
182,Emily Moore,28,OH,2023-06-17,34,A,GROWING_DIGITAL,1853.12,50.0,2,1.0,54214.8,0.0,0.0,90,8416.17,-1842.0900000000001,RESTAURANT,43.334999999999994,2.09,LOW,0.05,N,N,N,N,MASTER_V1.5,2026-04-10,2026-04-10 11:28:08.713839+02:00
183,Tracey Thompson,52,GA,2007-02-01,230,A,ENGAGED_MAINSTREAM,12519.67,100.0,2,2.0,53458.75,29657.29,20.64,126,9700.07,-1655.8599999999997,GROCERY,44.44333333333333,24.27,MODERATE,0.05,N,N,N,N,MASTER_V1.5,2026-04-10,2026-04-10 11:28:08.713839+02:00
184,Corey Jones,65,CA,2007-02-08,230,A,ENGAGED_MAINSTREAM,21686.23,75.0,4,3.0,12441.51,8115.53,25.06,147,12209.27,-6097.900000000001,TRAVEL,36.0556462585034,9.05,LOW,0.05,N,N,N,N,MASTER_V1.5,2026-04-10,2026-04-10 11:28:08.713839+02:00
185,Richard Smith,51,TX,2022-10-27,42,A,PREMIUM_WEALTH,3481.89,66.67,3,2.0,63172.29,3458.67,28.15,64,2794.01,666.23,RETAIL,39.0653125,22.64,MODERATE,0.05,N,N,N,N,MASTER_V1.5,2026-04-10,2026-04-10 11:28:08.713839+02:00
186,Matthew Hayes,48,TX,2010-04-02,192,A,ENGAGED_MAINSTREAM,11878.94,100.0,3,3.0,3824.81,888.14,29.67,71,5005.48,-1904.2399999999998,WIRE_TRANSFER_INTL,40.84422535211268,13.82,LOW,0.05,N,N,Y,N,MASTER_V1.5,2026-04-10,2026-04-10 11:28:08.713839+02:00
187,Michelle Wheeler,29,FL,2018-02-05,98,A,PREMIUM_WEALTH,10804.07,100.0,4,4.0,61363.2,1788.49,36.38,169,14438.32,10274.599999999999,RESTAURANT,38.45994082840237,22.5,MODERATE,0.05,N,N,N,N,MASTER_V1.5,2026-04-10,2026-04-10 11:28:08.713839+02:00
188,John Carter,44,TX,2014-05-17,143,A,GROWING_DIGITAL,3728.53,0.0,1,0.0,33841.49,0.0,0.0,64,5363.05,-259.8800000000001,CRYPTO_EXCHANGE,48.440000000000005,6.45,LOW,0.05,N,N,N,Y,MASTER_V1.5,2026-04-10,2026-04-10 11:28:08.713839+02:00
189,James Hall,34,CA,2017-05-01,107,A,GROWING_DIGITAL,5688.74,50.0,2,1.0,41488.19,134120.84,29.38,30,2914.28,-473.60000000000036,CRYPTO_EXCHANGE,43.332,32.73,MODERATE,0.05,N,N,N,N,MASTER_V1.5,2026-04-10,2026-04-10 11:28:08.713839+02:00
190,Shane Mann,38,GA,2010-08-13,188,A,ENGAGED_MAINSTREAM,14608.78,66.67,3,2.0,31597.54,4848.4,26.26,116,10665.970000000001,-3472.3600000000006,GAS_STATION,40.51905172413793,18.91,LOW,0.05,N,N,N,N,MASTER_V1.5,2026-04-10,2026-04-10 11:28:08.713839+02:00
191,Robert Warner,64,TX,2006-05-10,239,A,GROWING_DIGITAL,13769.46,50.0,2,1.0,100968.12,0.0,0.0,84,12008.15,-9513.599999999999,GROCERY,45.24190476190476,13.36,LOW,0.05,N,N,N,N,MASTER_V1.5,2026-04-10,2026-04-10 11:28:08.713839+02:00
192,Joshua Gibson,60,OH,2010-05-14,191,A,ENGAGED_MAINSTREAM,10666.09,100.0,2,2.0,70875.24,219417.86,31.96,56,3627.5,2529.2799999999997,RESTAURANT,33.92678571428572,24.73,MODERATE,0.05,N,N,N,N,MASTER_V1.5,2026-04-10,2026-04-10 11:28:08.713839+02:00
193,John Mcdaniel,59,CA,2007-08-27,224,A,ENGAGED_MAINSTREAM,11548.59,100.0,2,2.0,30068.66,67229.57,30.31,92,4652.52,1374.5100000000002,ENTERTAINMENT,44.563804347826085,19.36,LOW,0.05,N,N,N,N,MASTER_V1.5,2026-04-10,2026-04-10 11:28:08.713839+02:00
194,Sandra Bradshaw,42,GA,2007-05-13,227,A,ENGAGED_MAINSTREAM,24733.91,75.0,4,3.0,53959.82,1658.99,22.17,78,7404.33,-1599.2200000000003,ENTERTAINMENT,29.487051282051286,11.36,LOW,0.05,N,N,N,N,MASTER_V1.5,2026-04-10,2026-04-10 11:28:08.713839+02:00
195,Scott French,82,CA,2024-05-25,23,A,VALUE_BASIC,888.27,100.0,2,2.0,2262.13,9781.69,20.99,90,8528.81,-5694.91,WIRE_TRANSFER_INTL,35.55211111111112,25.91,MODERATE,0.05,N,N,Y,N,MASTER_V1.5,2026-04-10,2026-04-10 11:28:08.713839+02:00
197,Andrea Guerrero,41,IL,2011-10-29,174,A,GROWING_DIGITAL,11576.01,33.33,3,1.0,7118.86,8944.67,29.77,149,15212.26,-4915.52,UTILITIES,32.886912751677855,19.27,LOW,0.05,N,N,Y,Y,MASTER_V1.5,2026-04-10,2026-04-10 11:28:08.713839+02:00
199,Yvette Coleman,41,CA,2025-03-12,13,A,CREDIT_DEPENDENT,730.25,100.0,2,2.0,75708.79,0.0,0.0,71,4691.52,-1425.4300000000007,RESTAURANT,39.43718309859155,20.27,MODERATE,0.05,N,N,N,N,MASTER_V1.5,2026-04-10,2026-04-10 11:28:08.713839+02:00
200,Mary Stephens,83,GA,2024-04-19,24,A,PREMIUM_WEALTH,2271.1,100.0,4,4.0,12873.25,469.4,41.24,268,26313.65,-6286.210000000003,HEALTHCARE,36.19526119402985,38.04,MODERATE,0.05,N,N,N,N,MASTER_V1.5,2026-04-10,2026-04-10 11:28:08.713839+02:00
201,Tanya Holland,43,CA,2015-10-31,126,A,CREDIT_DEPENDENT,3492.76,100.0,1,1.0,65389.44,209989.06,31.14,49,2938.48,-396.8800000000001,WIRE_TRANSFER_INTL,44.90000000000001,21.55,MODERATE,0.05,N,Y,N,N,MASTER_V1.5,2026-04-10,2026-04-10 11:28:08.713839+02:00
202,Sara Kerr,79,MI,2013-12-05,148,A,VALUE_BASIC,8935.12,100.0,3,3.0,3132.71,5723.72,21.55,111,8170.43,261.25,RESTAURANT,32.438918918918915,21.82,MODERATE,0.05,N,N,Y,N,MASTER_V1.5,2026-04-10,2026-04-10 11:28:08.713839+02:00
203,Melinda Serrano,51,IL,2022-11-08,41,A,PREMIUM_WEALTH,2970.84,66.67,3,2.0,15697.85,9924.37,20.62,153,9547.76,4142.51,UTILITIES,36.603529411764704,23.36,MODERATE,0.05,N,N,N,N,MASTER_V1.5,2026-04-10,2026-04-10 11:28:08.713839+02:00
204,Gabriel Jones,65,FL,2022-10-13,42,A,VALUE_BASIC,1391.83,100.0,2,2.0,755.78,1993.55,22.25,123,11684.699999999999,-3158.409999999998,ENTERTAINMENT,47.14837398373983,11.64,LOW,0.05,N,N,N,N,MASTER_V1.5,2026-04-10,2026-04-10 11:28:08.713839+02:00
205,Todd Martin,49,IL,2023-08-14,32,A,PREMIUM_WEALTH,1388.98,50.0,2,1.0,5890.6,3200.5,64.6,39,5491.25,-3911.88,GROCERY,48.71564102564102,3.45,LOW,0.05,N,N,Y,N,MASTER_V1.5,2026-04-10,2026-04-10 11:28:08.713839+02:00
206,Jason Parker,36,GA,2014-12-12,136,A,ENGAGED_MAINSTREAM,10612.88,100.0,3,3.0,33017.12,14185.43,45.02,145,19431.940000000002,-10019.740000000002,RESTAURANT,40.685793103448276,5.55,LOW,0.05,N,N,N,N,MASTER_V1.5,2026-04-10,2026-04-10 11:28:08.713839+02:00
207,Richard Curry,69,CA,2026-01-13,3,A,GROWING_DIGITAL,152.4,50.0,2,1.0,25848.83,80631.65,22.66,104,71265.95,-67098.38,RESTAURANT,45.18778846153847,19.64,LOW,0.05,N,N,N,N,MASTER_V1.5,2026-04-10,2026-04-10 11:28:08.713839+02:00
209,Nicholas Roberts,36,CA,2016-09-19,115,A,PREMIUM_WEALTH,13604.87,100.0,4,4.0,137354.34,38699.19,29.54,186,16428.78,-3658.989999999998,RETAIL,41.395591397849465,19.83,LOW,0.05,N,N,N,N,MASTER_V1.5,2026-04-10,2026-04-10 11:28:08.713839+02:00
210,Tricia Martinez,70,OH,2016-12-01,112,A,VALUE_BASIC,2098.17,100.0,1,1.0,1796.29,0.0,0.0,18,4251.6,-4069.26,TRAVEL,44.44,19.36,LOW,0.05,N,Y,Y,N,MASTER_V1.5,2026-04-10,2026-04-10 11:28:08.713839+02:00
211,Joseph Barker,36,NY,2012-09-02,163,A,ENGAGED_MAINSTREAM,17337.9,100.0,4,4.0,41637.13,31794.39,27.83,190,14737.04,19957.530000000006,CRYPTO_EXCHANGE,36.84378947368421,35.82,MODERATE,0.05,N,N,N,N,MASTER_V1.5,2026-04-10,2026-04-10 11:28:08.713839+02:00
212,Kristen Lyons,66,OH,2015-10-16,126,A,VALUE_BASIC,8764.02,100.0,3,3.0,10658.26,0.0,0.0,93,5842.870000000001,449.2099999999991,RETAIL,36.55623655913978,32.28,MODERATE,0.05,N,N,N,N,MASTER_V1.5,2026-04-10,2026-04-10 11:28:08.713839+02:00
213,Spencer Bender,71,OH,2011-09-16,175,A,VALUE_BASIC,7398.92,100.0,2,2.0,4702.77,13819.73,30.72,77,5916.67,-2074.7799999999997,RESTAURANT,33.762857142857136,20.27,MODERATE,0.05,N,N,Y,N,MASTER_V1.5,2026-04-10,2026-04-10 11:28:08.713839+02:00
214,Rodney Mason,48,PA,2010-12-27,184,A,ENGAGED_MAINSTREAM,22133.32,75.0,4,3.0,167540.24,184923.22,47.98,95,9898.36,-7116.790000000001,GROCERY,48.41536842105263,17.09,LOW,0.05,N,N,N,N,MASTER_V1.5,2026-04-10,2026-04-10 11:28:08.713839+02:00
215,Susan Snyder,68,FL,2007-11-17,221,A,VALUE_BASIC,11773.58,100.0,2,2.0,42396.58,0.0,0.0,52,4545.8,7.359999999999673,GAS_STATION,36.53134615384615,29.45,MODERATE,0.05,N,N,N,N,MASTER_V1.5,2026-04-10,2026-04-10 11:28:08.713839+02:00
216,Wendy Miller,36,TX,2010-04-14,192,A,ENGAGED_MAINSTREAM,17816.58,100.0,4,4.0,10715.74,2503.79,52.82,154,11343.95,1126.9099999999999,RETAIL,40.91012987012987,29.36,MODERATE,0.05,N,N,N,N,MASTER_V1.5,2026-04-10,2026-04-10 11:28:08.713839+02:00
217,Angela Williams,24,CA,2015-11-21,125,A,GROWING_DIGITAL,7459.06,66.67,3,2.0,2853.58,872.52,21.61,122,15380.06,-8465.54,UTILITIES,35.24204918032787,13.42,LOW,0.05,N,N,Y,N,MASTER_V1.5,2026-04-10,2026-04-10 11:28:08.713839+02:00
219,Eric Morris,48,MI,2021-07-02,57,A,GROWING_DIGITAL,2504.48,50.0,2,1.0,6552.75,0.0,0.0,45,2429.36,956.3399999999997,TRAVEL,42.22311111111111,23.18,MODERATE,0.05,N,N,Y,N,MASTER_V1.5,2026-04-10,2026-04-10 11:28:08.713839+02:00
220,Kenneth Wright,79,FL,2014-04-04,144,A,VALUE_BASIC,4398.83,50.0,2,1.0,450.11,744.02,28.5,126,15540.15,-4961.4,GAS_STATION,36.504603174603176,2.36,LOW,0.05,N,N,N,N,MASTER_V1.5,2026-04-10,2026-04-10 11:28:08.713839+02:00
222,Beth Hayden,49,NC,2007-08-28,224,A,CREDIT_DEPENDENT,3232.76,100.0,1,1.0,321.43,0.0,0.0,59,3350.62,8296.39,TRAVEL,40.67,18.0,LOW,0.05,N,Y,N,N,MASTER_V1.5,2026-04-10,2026-04-10 11:28:08.713839+02:00
223,Amy Huff,65,NY,2009-05-16,203,A,ENGAGED_MAINSTREAM,13416.89,100.0,3,3.0,6717.09,97.56,28.54,106,12905.91,-5036.369999999999,GROCERY,33.01754716981132,19.91,LOW,0.05,N,N,Y,N,MASTER_V1.5,2026-04-10,2026-04-10 11:28:08.713839+02:00
224,Julie Johnston,32,FL,2023-10-23,30,A,CREDIT_DEPENDENT,1344.4,100.0,2,2.0,7806.26,0.0,0.0,114,6819.14,4418.400000000001,GAS_STATION,45.614999999999995,12.36,LOW,0.05,N,N,Y,N,MASTER_V1.5,2026-04-10,2026-04-10 11:28:08.713839+02:00
225,Brian Sampson,67,NY,2010-07-20,189,A,VALUE_BASIC,3183.92,100.0,1,1.0,844.26,0.0,0.0,69,2576.15,1018.06,CRYPTO_EXCHANGE,33.33,6.0,LOW,0.05,N,Y,N,N,MASTER_V1.5,2026-04-10,2026-04-10 11:28:08.713839+02:00
226,Breanna Key,39,GA,2023-11-11,29,A,PREMIUM_WEALTH,3089.94,50.0,4,2.0,42403.27,49617.63,41.17,229,23923.11,-3832.529999999999,GAMBLING,35.36886462882096,16.45,LOW,0.05,N,N,N,N,MASTER_V1.5,2026-04-10,2026-04-10 11:28:08.713839+02:00
229,Eric Williams,55,PA,2016-06-22,118,A,ENGAGED_MAINSTREAM,5654.15,100.0,2,2.0,14520.42,30944.42,46.87,97,7227.59,4123.92,WIRE_TRANSFER_INTL,46.39536082474227,11.45,LOW,0.05,N,N,N,N,MASTER_V1.5,2026-04-10,2026-04-10 11:28:08.713839+02:00
231,Christopher Ruiz,49,OH,2011-09-08,175,A,ENGAGED_MAINSTREAM,6227.12,100.0,1,1.0,1518765.64,2904736.71,52.29,76,13750.49,-10292.33,RESTAURANT,36.84,11.36,LOW,0.05,N,Y,N,N,MASTER_V1.5,2026-04-10,2026-04-10 11:28:08.713839+02:00
232,Jacob Pearson,76,TX,2017-11-10,101,A,PREMIUM_WEALTH,7221.56,100.0,3,3.0,13813.74,36395.03,32.23,212,21336.46,-10994.029999999999,CRYPTO_EXCHANGE,34.43405660377359,14.18,LOW,0.05,N,N,N,N,MASTER_V1.5,2026-04-10,2026-04-10 11:28:08.713839+02:00
234,Emma White,69,NC,2010-10-12,186,A,ENGAGED_MAINSTREAM,9555.36,50.0,2,1.0,28986.31,43980.57,59.43,93,11162.9,-7698.6,HEALTHCARE,45.15806451612903,5.27,LOW,0.05,N,N,N,N,MASTER_V1.5,2026-04-10,2026-04-10 11:28:08.713839+02:00
235,Joe Richards,51,FL,2022-01-17,51,A,PREMIUM_WEALTH,6117.1,75.0,4,3.0,161832.37,616857.84,25.17,185,11588.83,3171.7199999999993,GAMBLING,42.16345945945946,14.55,LOW,0.05,N,N,N,N,MASTER_V1.5,2026-04-10,2026-04-10 11:28:08.713839+02:00
236,David Walters,66,IL,2012-10-31,162,A,GROWING_DIGITAL,6843.07,50.0,2,1.0,4666.82,0.0,0.0,101,6866.02,-1128.8900000000012,TRAVEL,38.613663366336645,6.92,LOW,0.05,N,N,Y,N,MASTER_V1.5,2026-04-10,2026-04-10 11:28:08.713839+02:00
237,Pamela Vasquez,63,MI,2011-08-27,176,A,ENGAGED_MAINSTREAM,13590.74,66.67,3,2.0,29614.3,1942.01,29.08,105,12328.1,-3899.8200000000015,HEALTHCARE,39.04704761904762,5.45,LOW,0.05,N,N,N,N,MASTER_V1.5,2026-04-10,2026-04-10 11:28:08.713839+02:00
238,John Davis,47,OH,2019-07-21,81,A,CREDIT_DEPENDENT,5526.97,100.0,3,3.0,8936.38,0.0,0.0,45,2411.17,-1230.41,GAS_STATION,44.44622222222222,12.64,LOW,0.05,N,N,Y,N,MASTER_V1.5,2026-04-10,2026-04-10 11:28:08.713839+02:00
239,Brooke Bailey,39,MI,2011-07-02,177,A,ENGAGED_MAINSTREAM,16873.5,100.0,4,4.0,13808.66,33.61,21.9,60,5554.7,-4510.219999999999,WIRE_TRANSFER_INTL,38.3335,39.44,MODERATE,0.05,N,N,N,N,MASTER_V1.5,2026-04-10,2026-04-10 11:28:08.713839+02:00
241,Robert Santiago,28,MI,2009-12-05,196,A,ENGAGED_MAINSTREAM,14118.59,66.67,3,2.0,14831.11,15489.86,55.8,110,16085.039999999999,4790.300000000001,GAMBLING,52.727636363636364,17.82,LOW,0.05,N,N,N,N,MASTER_V1.5,2026-04-10,2026-04-10 11:28:08.713839+02:00
242,Brandy Hodge,57,NY,2011-01-06,183,A,ENGAGED_MAINSTREAM,19721.45,100.0,4,4.0,47894.17,120033.23,26.27,223,20951.81,-4907.960000000001,GROCERY,39.91035874439462,13.66,LOW,0.05,N,N,N,N,MASTER_V1.5,2026-04-10,2026-04-10 11:28:08.713839+02:00
243,Alexandra Rivera,25,IL,2013-07-25,153,A,ENGAGED_MAINSTREAM,17610.08,50.0,4,2.0,99693.4,364.18,50.16,223,12266.330000000002,4716.029999999999,ENTERTAINMENT,44.394977578475334,29.73,MODERATE,0.05,N,N,N,N,MASTER_V1.5,2026-04-10,2026-04-10 11:28:08.713839+02:00
244,Sarah Steele,62,MI,2020-10-22,66,A,GROWING_DIGITAL,962.19,0.0,1,0.0,340.85,0.0,0.0,75,11686.45,-8788.27,TRAVEL,40.0,8.64,LOW,0.05,N,N,N,Y,MASTER_V1.5,2026-04-10,2026-04-10 11:28:08.713839+02:00
245,James Roberts,60,OH,2010-05-13,191,A,ENGAGED_MAINSTREAM,14600.07,100.0,3,3.0,26689.4,39079.88,65.94,216,17399.989999999998,-11329.689999999999,CRYPTO_EXCHANGE,40.73875,3.82,LOW,0.05,N,N,N,N,MASTER_V1.5,2026-04-10,2026-04-10 11:28:08.713839+02:00
247,John Cervantes,69,MI,2015-08-07,128,A,GROWING_DIGITAL,5464.46,0.0,2,0.0,5106.28,1715.99,25.82,121,7564.99,-374.5599999999995,WIRE_TRANSFER_INTL,42.14859504132231,15.49,LOW,0.05,N,N,Y,Y,MASTER_V1.5,2026-04-10,2026-04-10 11:28:08.713839+02:00
248,Randy Pierce,46,MI,2019-12-08,76,A,GROWING_DIGITAL,3298.29,50.0,2,1.0,5882.35,0.0,0.0,80,5718.540000000001,-1582.130000000001,RESTAURANT,36.246375,14.27,LOW,0.05,N,N,Y,N,MASTER_V1.5,2026-04-10,2026-04-10 11:28:08.713839+02:00
249,Emily Gibson,71,CA,2019-12-18,76,A,PREMIUM_WEALTH,7023.26,100.0,3,3.0,224471.51,671259.64,32.74,103,9391.14,-5162.0599999999995,GAS_STATION,43.69019417475729,16.09,LOW,0.05,N,N,N,N,MASTER_V1.5,2026-04-10,2026-04-10 11:28:08.713839+02:00
250,Kevin Edwards,21,OH,2023-01-21,39,A,PREMIUM_WEALTH,4238.59,100.0,4,4.0,52480.01,673.37,28.92,195,18691.05,-8171.83,RETAIL,31.793333333333333,20.03,MODERATE,0.05,N,N,N,N,MASTER_V1.5,2026-04-10,2026-04-10 11:28:08.713839+02:00
251,Leslie Morris,30,NC,2007-01-22,231,A,CREDIT_DEPENDENT,5164.68,100.0,1,1.0,7655.42,0.0,0.0,30,2792.47,4720.57,ENTERTAINMENT,43.33,8.0,LOW,0.05,N,Y,Y,N,MASTER_V1.5,2026-04-10,2026-04-10 11:28:08.713839+02:00
252,Karen Cordova,51,OH,2023-04-02,36,A,PREMIUM_WEALTH,2404.11,100.0,3,3.0,7362.14,1037.45,36.17,135,12487.75,-2984.3500000000004,HEALTHCARE,39.99688888888889,20.82,MODERATE,0.05,N,N,Y,N,MASTER_V1.5,2026-04-10,2026-04-10 11:28:08.713839+02:00
253,Charles Powell,31,CA,2024-06-22,22,A,PREMIUM_WEALTH,1347.03,50.0,2,1.0,208090.67,770.43,36.01,67,5696.4,-3767.29,RETAIL,37.31149253731343,11.22,LOW,0.05,N,N,N,N,MASTER_V1.5,2026-04-10,2026-04-10 11:28:08.713839+02:00
254,Stephen Robertson,40,NC,2007-07-24,225,A,GROWING_DIGITAL,11339.24,50.0,2,1.0,23844.91,0.0,0.0,26,4961.97,-4566.76,WIRE_TRANSFER_INTL,42.308461538461536,1.64,LOW,0.05,N,N,N,N,MASTER_V1.5,2026-04-10,2026-04-10 11:28:08.713839+02:00
255,Yolanda Travis,62,CA,2015-02-23,134,A,VALUE_BASIC,7102.71,100.0,2,2.0,40177.15,177070.33,20.31,98,6900.360000000001,-3744.5700000000006,WIRE_TRANSFER_INTL,41.83857142857143,4.82,LOW,0.05,N,N,N,N,MASTER_V1.5,2026-04-10,2026-04-10 11:28:08.713839+02:00
256,Wendy Sandoval,28,CA,2017-06-23,106,A,PREMIUM_WEALTH,8156.45,100.0,3,3.0,28557.63,48591.01,51.38,107,11947.92,696.8000000000011,GROCERY,40.184672897196265,6.64,LOW,0.05,N,N,N,N,MASTER_V1.5,2026-04-10,2026-04-10 11:28:08.713839+02:00
257,Charles Daniels,64,MI,2011-07-07,177,A,GROWING_DIGITAL,3175.97,0.0,1,0.0,1309.41,0.0,0.0,48,3964.84,2315.7,CRYPTO_EXCHANGE,43.75,1.87,LOW,0.05,N,N,Y,Y,MASTER_V1.5,2026-04-10,2026-04-10 11:28:08.713839+02:00
258,Jason Gutierrez,25,NY,2018-07-25,93,A,CREDIT_DEPENDENT,3797.72,100.0,2,2.0,3523.25,568.69,27.37,95,8837.880000000001,-1169.9800000000014,GAS_STATION,42.11126315789474,28.09,MODERATE,0.05,N,N,Y,N,MASTER_V1.5,2026-04-10,2026-04-10 11:28:08.713839+02:00
259,Joseph Lopez,30,OH,2023-08-25,32,A,GROWING_DIGITAL,563.25,0.0,1,0.0,1142.12,2404.68,47.5,45,3853.68,-1201.6,TRAVEL,28.89,8.09,LOW,0.05,N,N,Y,N,MASTER_V1.5,2026-04-10,2026-04-10 11:28:08.713839+02:00
261,Nicole Avila,71,GA,2022-09-09,43,A,GROWING_DIGITAL,1652.13,50.0,2,1.0,2174.0,7765.66,27.75,56,2932.64,-347.71000000000004,GROCERY,37.50214285714285,7.18,LOW,0.05,N,N,Y,N,MASTER_V1.5,2026-04-10,2026-04-10 11:28:08.713839+02:00
263,Mike Wolf,38,NY,2007-04-21,228,A,ENGAGED_MAINSTREAM,13086.35,100.0,2,2.0,96689.1,263660.02,36.41,103,7669.049999999999,-972.8799999999992,UTILITIES,38.83378640776699,21.64,MODERATE,0.05,N,N,N,N,MASTER_V1.5,2026-04-10,2026-04-10 11:28:08.713839+02:00
264,Eric Harris,80,CA,2007-07-24,225,A,ENGAGED_MAINSTREAM,21631.95,75.0,4,3.0,14975.92,4714.43,27.65,113,11143.349999999999,-3131.3999999999987,GAMBLING,44.24548672566372,16.3,LOW,0.05,N,N,N,N,MASTER_V1.5,2026-04-10,2026-04-10 11:28:08.713839+02:00
265,Martha Dunn,84,NY,2019-01-05,87,A,GROWING_DIGITAL,5292.17,50.0,2,1.0,192126.92,0.0,0.0,86,6370.52,-1936.7700000000004,UTILITIES,37.21279069767442,7.45,LOW,0.05,N,N,N,N,MASTER_V1.5,2026-04-10,2026-04-10 11:28:08.713839+02:00
266,Jade Pennington,57,PA,2010-08-30,188,A,VALUE_BASIC,7285.78,100.0,2,2.0,2323.5,1638.61,35.28,43,2005.8500000000001,-655.8800000000001,GAMBLING,34.88720930232558,0.0,LOW,0.05,N,N,Y,N,MASTER_V1.5,2026-04-10,2026-04-10 11:28:08.713839+02:00
267,Cheryl Kim,48,CA,2013-12-30,148,A,ENGAGED_MAINSTREAM,13595.91,75.0,4,3.0,9763.68,1297.59,27.11,112,11182.599999999999,-6266.629999999999,RESTAURANT,44.64035714285714,0.0,LOW,0.05,N,N,Y,N,MASTER_V1.5,2026-04-10,2026-04-10 11:28:08.713839+02:00
268,Vanessa Wolfe,41,CA,2016-08-25,116,A,PREMIUM_WEALTH,9217.85,100.0,3,3.0,39943.86,10576.82,41.55,167,18043.5,-7021.610000000001,UTILITIES,35.931377245508976,8.84,LOW,0.05,N,N,N,N,MASTER_V1.5,2026-04-10,2026-04-10 11:28:08.713839+02:00
269,Destiny Martinez,59,FL,2023-05-29,35,A,GROWING_DIGITAL,1607.58,50.0,2,1.0,9761.01,487.15,20.56,99,7834.65,-3651.2299999999996,CRYPTO_EXCHANGE,39.39030303030303,32.91,MODERATE,0.05,N,N,Y,N,MASTER_V1.5,2026-04-10,2026-04-10 11:28:08.713839+02:00
271,Lisa Lynch,38,NY,2013-03-20,157,A,ENGAGED_MAINSTREAM,10660.89,66.67,3,2.0,8551.26,8034.07,48.31,130,29464.899999999998,-22740.329999999998,ENTERTAINMENT,42.31353846153846,13.0,LOW,0.05,N,N,Y,N,MASTER_V1.5,2026-04-10,2026-04-10 11:28:08.713839+02:00
272,Kevin Allen,20,IL,2006-07-22,237,A,ENGAGED_MAINSTREAM,25602.7,100.0,4,4.0,49159.48,16597.95,22.64,227,16656.53,-3854.8899999999994,RETAIL,36.564933920704846,7.91,LOW,0.05,N,N,N,N,MASTER_V1.5,2026-04-10,2026-04-10 11:28:08.713839+02:00
273,Elizabeth Moore,28,FL,2026-02-04,2,A,CREDIT_DEPENDENT,94.91,100.0,2,2.0,13236.53,0.0,0.0,50,5064.19,-2025.1299999999992,RESTAURANT,40.0008,17.21,LOW,0.05,N,N,N,N,MASTER_V1.5,2026-04-10,2026-04-10 11:28:08.713839+02:00
274,Sheila Pierce,82,GA,2011-11-27,173,A,ENGAGED_MAINSTREAM,22603.84,75.0,4,3.0,472503.93,25199.64,48.8,158,29319.489999999998,-20098.679999999997,UTILITIES,37.97341772151899,11.12,LOW,0.05,N,N,N,N,MASTER_V1.5,2026-04-10,2026-04-10 11:28:08.713839+02:00
275,Dennis Tran,46,IL,2009-05-07,203,A,CREDIT_DEPENDENT,4683.48,100.0,1,1.0,10183.62,47886.3,21.27,67,7298.96,5046.990000000001,GROCERY,44.78,14.82,LOW,0.05,N,Y,N,N,MASTER_V1.5,2026-04-10,2026-04-10 11:28:08.713839+02:00
276,Darrell Davis,51,NC,2007-04-05,228,A,ENGAGED_MAINSTREAM,15510.54,66.67,3,2.0,8694.87,10743.62,33.87,87,5733.57,3293.1399999999994,GAMBLING,34.48540229885057,35.55,MODERATE,0.05,N,N,Y,N,MASTER_V1.5,2026-04-10,2026-04-10 11:28:08.713839+02:00
277,Daniel Gay,49,PA,2017-10-03,102,A,CREDIT_DEPENDENT,2403.34,100.0,1,1.0,12392.67,0.0,0.0,14,565.41,-74.94999999999999,GROCERY,14.279999999999998,16.27,LOW,0.05,N,Y,N,N,MASTER_V1.5,2026-04-10,2026-04-10 11:28:08.713839+02:00
278,Angela Durham,71,GA,2023-11-01,29,A,PREMIUM_WEALTH,2773.82,75.0,4,3.0,14255.38,968.37,33.33,154,9713.98,-5077.99,GAS_STATION,39.61292207792208,20.76,MODERATE,0.05,N,N,N,N,MASTER_V1.5,2026-04-10,2026-04-10 11:28:08.713839+02:00
279,Joseph Murray,23,NC,2020-10-19,66,A,GROWING_DIGITAL,3122.99,50.0,2,1.0,12882.2,20573.17,53.1,95,7614.3099999999995,971.2399999999998,RETAIL,51.58052631578948,9.18,LOW,0.05,N,N,N,N,MASTER_V1.5,2026-04-10,2026-04-10 11:28:08.713839+02:00
280,Cassandra Wilson,24,MI,2009-04-06,204,A,ENGAGED_MAINSTREAM,15795.45,100.0,3,3.0,30449.48,28262.45,23.11,175,19818.100000000002,75669.45999999999,WIRE_TRANSFER_INTL,35.432457142857146,19.95,LOW,0.05,N,N,N,N,MASTER_V1.5,2026-04-10,2026-04-10 11:28:08.713839+02:00
281,Jennifer Collier,37,IL,2008-09-19,211,A,CREDIT_DEPENDENT,8068.37,100.0,2,2.0,2095.91,0.0,0.0,78,6744.889999999999,416.90999999999985,RETAIL,38.46230769230769,36.0,MODERATE,0.05,N,N,Y,N,MASTER_V1.5,2026-04-10,2026-04-10 11:28:08.713839+02:00
282,James Jimenez,51,GA,2013-07-06,153,A,ENGAGED_MAINSTREAM,10716.46,100.0,3,3.0,11372.58,5344.66,52.36,141,10990.8,-1745.119999999999,UTILITIES,48.228156028368794,10.28,LOW,0.05,N,N,N,N,MASTER_V1.5,2026-04-10,2026-04-10 11:28:08.713839+02:00
283,Cynthia Moran,63,OH,2023-10-01,30,A,VALUE_BASIC,1277.78,100.0,2,2.0,5006.6,12305.23,38.55,128,10658.83,-4467.1,HEALTHCARE,38.28453125,19.27,LOW,0.05,N,N,Y,N,MASTER_V1.5,2026-04-10,2026-04-10 11:28:08.713839+02:00
284,Joseph Hicks,51,IL,2023-10-07,30,A,PREMIUM_WEALTH,2136.72,100.0,3,3.0,13313.52,11757.3,28.1,125,7421.98,-2416.8999999999996,HEALTHCARE,44.80336,0.0,LOW,0.05,N,N,N,N,MASTER_V1.5,2026-04-10,2026-04-10 11:28:08.713839+02:00
285,Tracy Hill,48,FL,2016-09-03,115,A,PREMIUM_WEALTH,11795.13,75.0,4,3.0,28470.74,13529.4,25.64,181,19810.73,-11815.55,RETAIL,35.35795580110497,22.96,MODERATE,0.05,N,N,N,N,MASTER_V1.5,2026-04-10,2026-04-10 11:28:08.713839+02:00
290,Joshua Reyes,50,IL,2025-12-12,4,A,PREMIUM_WEALTH,274.99,100.0,3,3.0,9569.1,8939.89,23.27,90,7381.96,-200.26000000000022,GAMBLING,52.218444444444444,10.73,LOW,0.05,N,N,N,N,MASTER_V1.5,2026-04-10,2026-04-10 11:28:08.713839+02:00
291,Adam Weeks,72,OH,2024-04-15,24,A,PREMIUM_WEALTH,1602.41,33.33,3,1.0,7348.78,811.85,63.94,200,21825.34,-13974.029999999999,GAMBLING,41.0047,13.76,LOW,0.05,N,N,Y,N,MASTER_V1.5,2026-04-10,2026-04-10 11:28:08.713839+02:00
292,Kellie Romero,36,OH,2017-02-24,110,A,PREMIUM_WEALTH,8934.61,75.0,4,3.0,3368.99,9782.74,22.87,251,31801.870000000003,-12092.250000000004,WIRE_TRANSFER_INTL,41.432709163346615,25.09,MODERATE,0.05,N,N,Y,N,MASTER_V1.5,2026-04-10,2026-04-10 11:28:08.713839+02:00
293,Dana Suarez,82,MI,2011-10-23,174,A,ENGAGED_MAINSTREAM,16428.64,100.0,3,3.0,293312.69,2586.09,24.47,152,15397.810000000001,3835.1699999999983,ENTERTAINMENT,38.15901315789474,19.11,LOW,0.05,N,N,N,N,MASTER_V1.5,2026-04-10,2026-04-10 11:28:08.713839+02:00
294,Jose Shields,40,TX,2009-10-06,198,A,ENGAGED_MAINSTREAM,18542.35,75.0,4,3.0,11670.55,1682.28,38.96,184,16417.83,-8964.320000000002,HEALTHCARE,35.326195652173915,7.73,LOW,0.05,N,N,N,N,MASTER_V1.5,2026-04-10,2026-04-10 11:28:08.713839+02:00
295,Joyce Hill,55,IL,2017-08-10,104,A,PREMIUM_WEALTH,11262.77,75.0,4,3.0,50492.62,6449.54,25.44,190,16984.64,-246.59999999999854,WIRE_TRANSFER_INTL,40.52647368421053,6.73,LOW,0.05,N,N,N,N,MASTER_V1.5,2026-04-10,2026-04-10 11:28:08.713839+02:00
297,Ronald Perry,75,IL,2006-12-02,232,A,ENGAGED_MAINSTREAM,23379.28,25.0,4,1.0,23796.05,13148.7,59.63,199,16328.71,3149.1500000000015,GAS_STATION,46.23201005025125,13.82,LOW,0.05,N,N,N,Y,MASTER_V1.5,2026-04-10,2026-04-10 11:28:08.713839+02:00
298,Alec Villa,48,IL,2017-01-24,111,A,PREMIUM_WEALTH,8338.13,100.0,3,3.0,22376.56,52386.36,37.03,135,11246.33,5253.960000000001,TRAVEL,37.77511111111111,9.82,LOW,0.05,N,N,N,N,MASTER_V1.5,2026-04-10,2026-04-10 11:28:08.713839+02:00
299,Charles Romero,37,FL,2019-12-01,76,A,PREMIUM_WEALTH,8864.58,100.0,4,4.0,116299.02,1827.98,40.06,147,19418.59,-14550.55,HEALTHCARE,31.976394557823127,7.09,LOW,0.05,N,N,N,N,MASTER_V1.5,2026-04-10,2026-04-10 11:28:08.713839+02:00
301,Rebecca Campbell,43,OH,2025-12-14,4,A,GROWING_DIGITAL,170.15,50.0,2,1.0,4952.75,0.0,0.0,91,11287.289999999999,-8520.169999999998,RESTAURANT,39.56098901098901,22.38,MODERATE,0.05,N,N,N,N,MASTER_V1.5,2026-04-10,2026-04-10 11:28:08.713839+02:00
302,Amy Evans,74,NY,2020-03-07,73,A,VALUE_BASIC,1172.25,100.0,1,1.0,616.02,0.0,0.0,70,12967.5,-9566.92,ENTERTAINMENT,42.86,0.0,LOW,0.05,N,Y,N,N,MASTER_V1.5,2026-04-10,2026-04-10 11:28:08.713839+02:00
303,Mary Matthews,19,NY,2015-12-06,124,A,PREMIUM_WEALTH,10351.68,100.0,3,3.0,68243.58,10570.62,42.34,125,14021.369999999999,-7740.679999999999,GAMBLING,34.40216,14.0,LOW,0.05,N,N,N,N,MASTER_V1.5,2026-04-10,2026-04-10 11:28:08.713839+02:00
306,David Hernandez,28,CA,2010-08-22,188,A,ENGAGED_MAINSTREAM,7120.05,100.0,2,2.0,1947.92,2516.54,66.06,78,4117.67,2584.29,GAS_STATION,28.207692307692312,16.73,LOW,0.05,N,N,Y,N,MASTER_V1.5,2026-04-10,2026-04-10 11:28:08.713839+02:00
307,Kyle Ryan,38,OH,2015-05-07,131,A,ENGAGED_MAINSTREAM,8374.92,66.67,3,2.0,5034.61,1317.49,36.08,175,12034.04,-4304.9800000000005,RESTAURANT,42.2832,15.74,LOW,0.05,N,N,Y,N,MASTER_V1.5,2026-04-10,2026-04-10 11:28:08.713839+02:00
308,Rachel Reed,55,NC,2023-12-29,28,A,PREMIUM_WEALTH,1376.24,100.0,2,2.0,18587.99,48120.11,26.75,135,10792.11,-4805.610000000001,GAMBLING,39.99474074074074,16.82,LOW,0.05,N,N,N,N,MASTER_V1.5,2026-04-10,2026-04-10 11:28:08.713839+02:00
309,Laura Arnold,39,PA,2018-05-30,95,A,GROWING_DIGITAL,3787.52,50.0,2,1.0,2903.66,7133.82,24.82,99,6283.1,-604.7700000000004,UTILITIES,40.39939393939394,10.91,LOW,0.05,N,N,Y,N,MASTER_V1.5,2026-04-10,2026-04-10 11:28:08.713839+02:00
310,Michelle Daniels,25,PA,2006-05-07,239,A,CREDIT_DEPENDENT,9603.39,100.0,2,2.0,3091.18,0.0,0.0,120,16491.46,-6091.68,RESTAURANT,51.66583333333333,18.45,LOW,0.05,N,N,Y,N,MASTER_V1.5,2026-04-10,2026-04-10 11:28:08.713839+02:00
311,Rachel Gibson,63,MI,2025-04-24,12,A,GROWING_DIGITAL,446.66,50.0,2,1.0,1710.05,0.0,0.0,92,11602.810000000001,-6837.1100000000015,GROCERY,45.65315217391305,53.36,ELEVATED,0.05,N,N,N,N,MASTER_V1.5,2026-04-10,2026-04-10 11:28:08.713839+02:00
312,Jason Morris,63,PA,2008-09-10,211,A,ENGAGED_MAINSTREAM,10094.11,100.0,2,2.0,14298.03,16420.43,41.97,58,2371.8,1079.4599999999996,TRAVEL,41.37965517241379,18.64,LOW,0.05,N,N,N,N,MASTER_V1.5,2026-04-10,2026-04-10 11:28:08.713839+02:00
313,John Lopez,26,GA,2012-07-26,165,A,CREDIT_DEPENDENT,7623.14,100.0,2,2.0,10302.81,1896.68,21.74,85,7154.43,-1261.5300000000007,UTILITIES,37.652470588235296,16.45,LOW,0.05,N,N,N,N,MASTER_V1.5,2026-04-10,2026-04-10 11:28:08.713839+02:00
314,Curtis Terry,37,IL,2020-07-16,69,A,CREDIT_DEPENDENT,3034.43,100.0,2,2.0,6604.05,13208.46,23.6,86,6275.41,-2509.93,UTILITIES,46.51906976744187,9.33,LOW,0.05,N,N,Y,N,MASTER_V1.5,2026-04-10,2026-04-10 11:28:08.713839+02:00
315,Kimberly Armstrong,35,PA,2010-09-16,187,A,CREDIT_DEPENDENT,3220.12,100.0,1,1.0,980.39,0.0,0.0,66,5844.43,-3083.7100000000005,ENTERTAINMENT,54.54,20.18,MODERATE,0.05,N,Y,N,N,MASTER_V1.5,2026-04-10,2026-04-10 11:28:08.713839+02:00
316,Nicole Hall,62,MI,2009-07-14,201,A,ENGAGED_MAINSTREAM,21432.28,75.0,4,3.0,42737.17,4118.65,34.48,172,13127.43,-1169.170000000002,UTILITIES,37.7906976744186,29.34,MODERATE,0.05,N,N,N,N,MASTER_V1.5,2026-04-10,2026-04-10 11:28:08.713839+02:00
317,Richard Rowe,67,GA,2025-05-01,11,A,VALUE_BASIC,188.51,100.0,1,1.0,948.66,2718.28,34.9,27,719.04,6307.04,RESTAURANT,29.630000000000003,3.64,LOW,0.05,N,Y,N,N,MASTER_V1.5,2026-04-10,2026-04-10 11:28:08.713839+02:00
318,Christine Williams,67,FL,2024-01-28,27,A,PREMIUM_WEALTH,1917.11,100.0,3,3.0,12928.63,40170.67,27.86,200,14120.96,-3443.369999999999,GROCERY,40.50279999999999,0.0,LOW,0.05,N,N,N,N,MASTER_V1.5,2026-04-10,2026-04-10 11:28:08.713839+02:00
320,Sarah Thornton,70,PA,2006-04-22,240,A,ENGAGED_MAINSTREAM,23476.43,75.0,4,3.0,17709.28,19298.78,55.06,186,13865.32,-908.0600000000013,WIRE_TRANSFER_INTL,40.324677419354835,15.45,LOW,0.05,N,N,N,N,MASTER_V1.5,2026-04-10,2026-04-10 11:28:08.713839+02:00
321,Michelle Shepherd,40,CA,2025-09-18,7,A,PREMIUM_WEALTH,303.63,100.0,2,2.0,5856.32,7640.41,30.78,70,7574.3099999999995,-4413.889999999999,RESTAURANT,41.43,16.36,LOW,0.05,N,N,N,N,MASTER_V1.5,2026-04-10,2026-04-10 11:28:08.713839+02:00
322,Theresa Hughes,25,PA,2012-12-10,160,A,ENGAGED_MAINSTREAM,11767.6,66.67,3,2.0,18148.33,2988.24,47.33,155,16559.06,-9194.250000000002,GAMBLING,36.7761935483871,1.03,LOW,0.05,N,N,N,N,MASTER_V1.5,2026-04-10,2026-04-10 11:28:08.713839+02:00
323,Lisa Alvarado,59,IL,2023-06-23,34,A,PREMIUM_WEALTH,2821.74,66.67,3,2.0,63936.11,99364.68,33.23,107,8860.3,-2486.699999999999,GAMBLING,40.19065420560748,19.69,LOW,0.05,N,N,N,N,MASTER_V1.5,2026-04-10,2026-04-10 11:28:08.713839+02:00
324,Nicole Hoover,80,TX,2013-04-02,156,A,VALUE_BASIC,5289.2,100.0,2,2.0,880.97,0.0,0.0,55,5689.990000000001,-1627.1100000000006,TRAVEL,38.184000000000005,18.55,LOW,0.05,N,N,N,N,MASTER_V1.5,2026-04-10,2026-04-10 11:28:08.713839+02:00
325,Angel Pollard,84,GA,2013-10-14,150,A,ENGAGED_MAINSTREAM,14247.18,100.0,3,3.0,316208.37,26870.85,20.97,101,7949.209999999999,5274.7800000000025,GROCERY,35.64455445544555,25.45,MODERATE,0.05,N,N,N,N,MASTER_V1.5,2026-04-10,2026-04-10 11:28:08.713839+02:00
327,Martin Johnson,34,NC,2012-08-23,164,A,CREDIT_DEPENDENT,2823.53,100.0,1,1.0,979.13,0.0,0.0,73,5169.75,-1318.31,GAS_STATION,50.690000000000005,19.91,LOW,0.05,N,Y,N,N,MASTER_V1.5,2026-04-10,2026-04-10 11:28:08.713839+02:00
328,Sarah Shaw,21,PA,2008-05-03,215,A,GROWING_DIGITAL,9493.53,50.0,2,1.0,6844.44,0.0,0.0,59,4800.56,-1914.4500000000007,TRAVEL,32.207796610169495,21.45,MODERATE,0.05,N,N,Y,N,MASTER_V1.5,2026-04-10,2026-04-10 11:28:08.713839+02:00
329,Leah Lawrence,28,MI,2009-01-02,207,A,CREDIT_DEPENDENT,10816.7,100.0,2,2.0,34576.04,0.0,0.0,120,11819.2,-6876.860000000001,RESTAURANT,40.8355,5.73,LOW,0.05,N,N,N,N,MASTER_V1.5,2026-04-10,2026-04-10 11:28:08.713839+02:00
330,Michelle Kane,55,NC,2025-08-13,8,A,PREMIUM_WEALTH,904.51,75.0,4,3.0,81338.09,89242.37,22.76,148,12611.19,954.119999999999,RESTAURANT,41.21486486486487,7.31,LOW,0.05,N,N,N,N,MASTER_V1.5,2026-04-10,2026-04-10 11:28:08.713839+02:00
331,Lisa Sawyer,55,PA,2021-04-19,60,A,VALUE_BASIC,2793.52,100.0,2,2.0,11067.09,0.0,0.0,85,5393.82,1420.250000000001,HEALTHCARE,45.8789411764706,8.64,LOW,0.05,N,N,N,N,MASTER_V1.5,2026-04-10,2026-04-10 11:28:08.713839+02:00
333,Kristin Fox,39,MI,2017-03-03,109,A,PREMIUM_WEALTH,10523.81,100.0,4,4.0,15597.59,15405.49,39.04,209,115678.59000000001,-104047.71,RESTAURANT,43.065933014354066,12.18,LOW,0.05,N,N,N,N,MASTER_V1.5,2026-04-10,2026-04-10 11:28:08.713839+02:00
335,Monica Bowen,49,GA,2009-03-09,205,A,ENGAGED_MAINSTREAM,23126.66,50.0,4,2.0,79324.2,3764.46,27.69,97,12659.3,-9396.669999999998,RETAIL,44.33144329896907,16.18,LOW,0.05,N,N,N,N,MASTER_V1.5,2026-04-10,2026-04-10 11:28:08.713839+02:00
336,Michele Ortiz,72,CA,2010-09-24,187,A,ENGAGED_MAINSTREAM,9166.79,100.0,2,2.0,18106.98,47622.67,37.39,72,5759.62,1506.0500000000002,RESTAURANT,36.11375,5.55,LOW,0.05,N,N,N,N,MASTER_V1.5,2026-04-10,2026-04-10 11:28:08.713839+02:00
337,Jeffrey Pena,83,MI,2010-02-07,194,A,VALUE_BASIC,7919.01,100.0,2,2.0,3511.94,5689.08,41.12,79,5395.23,-2662.0399999999995,RESTAURANT,44.298607594936705,17.36,LOW,0.05,N,N,Y,N,MASTER_V1.5,2026-04-10,2026-04-10 11:28:08.713839+02:00
339,Steven Harrison,32,MI,2025-11-26,5,A,PREMIUM_WEALTH,407.06,66.67,3,2.0,51792.89,198453.88,20.22,168,12621.869999999999,1019.8600000000006,CRYPTO_EXCHANGE,31.54416666666667,24.09,MODERATE,0.05,N,N,N,N,MASTER_V1.5,2026-04-10,2026-04-10 11:28:08.713839+02:00
340,Kevin Costa,82,PA,2008-01-25,219,A,VALUE_BASIC,12334.24,100.0,2,2.0,77975.4,0.0,0.0,134,14366.45,-10713.02,CRYPTO_EXCHANGE,40.30089552238806,5.57,LOW,0.05,N,N,N,N,MASTER_V1.5,2026-04-10,2026-04-10 11:28:08.713839+02:00
341,Laura Morgan,61,MI,2020-06-10,70,A,PREMIUM_WEALTH,6389.05,100.0,4,4.0,9202.41,991.23,33.68,165,16492.06,-6895.710000000001,WIRE_TRANSFER_INTL,33.941878787878785,20.3,MODERATE,0.05,N,N,Y,N,MASTER_V1.5,2026-04-10,2026-04-10 11:28:08.713839+02:00
342,Jeremy Schwartz,38,TX,2013-02-16,158,A,ENGAGED_MAINSTREAM,19444.5,75.0,4,3.0,221161.32,228495.32,43.37,225,23013.93,-12537.53,UTILITIES,41.33231111111111,23.13,MODERATE,0.05,N,N,N,N,MASTER_V1.5,2026-04-10,2026-04-10 11:28:08.713839+02:00
343,Andrew Santos,60,NY,2008-02-03,218,A,VALUE_BASIC,6236.93,100.0,2,2.0,305.5,218.02,48.34,94,5782.24,2262.16,GROCERY,42.55085106382979,17.09,LOW,0.05,N,N,N,N,MASTER_V1.5,2026-04-10,2026-04-10 11:28:08.713839+02:00
344,James Christian,53,TX,2025-06-22,10,A,GROWING_DIGITAL,628.54,66.67,3,2.0,4361.29,0.0,0.0,175,26057.84,-13971.48,ENTERTAINMENT,35.99988571428571,7.85,LOW,0.05,N,N,N,N,MASTER_V1.5,2026-04-10,2026-04-10 11:28:08.713839+02:00
345,Mark Phelps,79,GA,2026-01-31,3,A,PREMIUM_WEALTH,323.47,100.0,4,4.0,48167.05,11391.5,39.62,146,13228.76,-7887.56,TRAVEL,32.87623287671233,24.37,MODERATE,0.05,N,N,N,N,MASTER_V1.5,2026-04-10,2026-04-10 11:28:08.713839+02:00
346,Michelle Villarreal,35,PA,2026-01-31,3,A,GROWING_DIGITAL,81.39,0.0,1,0.0,51616.2,0.0,0.0,28,1125.44,1271.2399999999998,HEALTHCARE,32.14,20.09,MODERATE,0.05,N,N,N,N,MASTER_V1.5,2026-04-10,2026-04-10 11:28:08.713839+02:00
347,Tammy James,85,IL,2023-01-30,39,A,PREMIUM_WEALTH,3937.32,33.33,3,1.0,701465.24,5578.91,65.69,116,7116.91,-2195.79,GAS_STATION,43.96741379310345,19.56,LOW,0.05,N,N,N,N,MASTER_V1.5,2026-04-10,2026-04-10 11:28:08.713839+02:00
348,Joshua Stewart,81,NY,2025-03-01,13,A,GROWING_DIGITAL,302.6,0.0,1,0.0,11055.15,46572.52,23.74,11,671.03,-443.25,RESTAURANT,27.27,2.45,LOW,0.05,N,N,N,N,MASTER_V1.5,2026-04-10,2026-04-10 11:28:08.713839+02:00
349,Darlene Higgins,30,TX,2009-11-14,197,A,CREDIT_DEPENDENT,3374.79,100.0,1,1.0,946.11,0.0,0.0,78,8806.4,-6059.619999999999,RETAIL,37.18,11.27,LOW,0.05,N,Y,N,N,MASTER_V1.5,2026-04-10,2026-04-10 11:28:08.713839+02:00
350,Ricardo Malone,29,MI,2014-02-17,146,A,CREDIT_DEPENDENT,6866.53,100.0,2,2.0,12163.69,0.0,0.0,83,10569.22,-3321.49,CRYPTO_EXCHANGE,36.146024096385545,21.27,MODERATE,0.05,N,N,N,N,MASTER_V1.5,2026-04-10,2026-04-10 11:28:08.713839+02:00
351,Tina Brennan,54,NY,2006-09-08,235,A,ENGAGED_MAINSTREAM,11230.65,100.0,2,2.0,14157.51,60488.71,22.73,77,4883.0,1197.3099999999995,GROCERY,36.36545454545455,7.97,LOW,0.05,N,N,N,N,MASTER_V1.5,2026-04-10,2026-04-10 11:28:08.713839+02:00
352,Amanda Johnson,21,NC,2010-03-29,193,A,CREDIT_DEPENDENT,8075.37,100.0,2,2.0,4308.15,10885.69,33.28,130,8613.1,1014.9400000000005,CRYPTO_EXCHANGE,41.54538461538462,43.73,ELEVATED,0.05,N,N,Y,N,MASTER_V1.5,2026-04-10,2026-04-10 11:28:08.713839+02:00
353,Sheila Jones,38,NY,2007-01-08,231,A,ENGAGED_MAINSTREAM,21085.49,66.67,3,2.0,193021.43,63341.23,38.5,145,15521.12,-8411.170000000002,HEALTHCARE,46.89875862068966,10.73,LOW,0.05,N,N,N,N,MASTER_V1.5,2026-04-10,2026-04-10 11:28:08.713839+02:00
354,Darrell Welch,47,TX,2021-06-11,58,A,PREMIUM_WEALTH,6823.25,100.0,4,4.0,128570.23,3679.88,34.27,157,14681.04,-1851.8200000000015,HEALTHCARE,39.49038216560509,13.73,LOW,0.05,N,N,N,N,MASTER_V1.5,2026-04-10,2026-04-10 11:28:08.713839+02:00
355,Tara Mccall,83,FL,2020-06-18,70,A,VALUE_BASIC,803.47,100.0,1,1.0,98.62,0.0,0.0,50,3404.4,1315.6699999999996,GAMBLING,48.0,9.18,LOW,0.05,N,Y,N,N,MASTER_V1.5,2026-04-10,2026-04-10 11:28:08.713839+02:00
356,Gregory Bright,85,GA,2009-04-14,204,A,VALUE_BASIC,2257.59,100.0,1,1.0,83.65,0.0,0.0,80,4205.62,1987.1099999999997,RESTAURANT,38.75,24.18,MODERATE,0.05,N,Y,N,N,MASTER_V1.5,2026-04-10,2026-04-10 11:28:08.713839+02:00
357,Sydney Francis,28,NY,2021-04-26,60,A,PREMIUM_WEALTH,4947.53,66.67,3,2.0,59546.88,262468.79,20.86,141,10491.47,3634.2700000000004,CRYPTO_EXCHANGE,39.005319148936174,11.73,LOW,0.05,N,N,N,N,MASTER_V1.5,2026-04-10,2026-04-10 11:28:08.713839+02:00
358,Joseph Hamilton,78,FL,2025-01-19,15,A,GROWING_DIGITAL,740.02,50.0,2,1.0,19281.85,18.22,27.44,114,13365.96,-9155.279999999999,GROCERY,35.08684210526315,16.18,LOW,0.05,N,N,N,N,MASTER_V1.5,2026-04-10,2026-04-10 11:28:08.713839+02:00
359,Daniel Garcia,24,TX,2012-11-15,161,A,ENGAGED_MAINSTREAM,7989.13,100.0,2,2.0,20422.23,641.69,59.23,51,3904.24,154.17000000000007,RETAIL,35.29588235294117,11.74,LOW,0.05,N,N,N,N,MASTER_V1.5,2026-04-10,2026-04-10 11:28:08.713839+02:00
360,Ryan Schultz,68,GA,2010-04-01,192,A,VALUE_BASIC,7504.85,100.0,2,2.0,2483.81,0.0,0.0,63,4299.51,-2520.13,ENTERTAINMENT,33.33111111111111,13.27,LOW,0.05,N,N,Y,N,MASTER_V1.5,2026-04-10,2026-04-10 11:28:08.713839+02:00
361,Jessica Brennan,75,CA,2006-12-03,232,A,ENGAGED_MAINSTREAM,22578.85,75.0,4,3.0,16852.67,14664.88,25.38,149,16917.86,-3628.8199999999997,WIRE_TRANSFER_INTL,38.254295302013425,11.36,LOW,0.05,N,N,N,N,MASTER_V1.5,2026-04-10,2026-04-10 11:28:08.713839+02:00
362,Lee Wallace,78,CA,2007-09-22,223,A,VALUE_BASIC,8952.59,100.0,2,2.0,3069.36,6696.88,21.06,104,15035.84,-5963.09,GAS_STATION,42.308269230769234,20.64,MODERATE,0.05,N,N,Y,N,MASTER_V1.5,2026-04-10,2026-04-10 11:28:08.713839+02:00
364,William Berger,78,NY,2010-10-28,186,A,ENGAGED_MAINSTREAM,13866.47,100.0,3,3.0,20746.29,62560.86,27.5,105,10927.009999999998,-4063.1099999999988,RESTAURANT,41.90571428571428,7.87,LOW,0.05,N,N,N,N,MASTER_V1.5,2026-04-10,2026-04-10 11:28:08.713839+02:00
365,Paul Williams,26,GA,2009-05-08,203,A,CREDIT_DEPENDENT,11784.36,100.0,2,2.0,110216.52,0.0,0.0,78,9390.39,130.23999999999978,ENTERTAINMENT,43.58666666666667,23.0,MODERATE,0.05,N,N,N,N,MASTER_V1.5,2026-04-10,2026-04-10 11:28:08.713839+02:00
366,Barbara Flynn,53,NY,2012-04-18,168,A,ENGAGED_MAINSTREAM,14142.89,100.0,3,3.0,74945.22,135137.05,29.03,167,14394.54,-4549.4000000000015,GROCERY,38.32532934131736,8.91,LOW,0.05,N,N,N,N,MASTER_V1.5,2026-04-10,2026-04-10 11:28:08.713839+02:00
367,Jonathan Carter,50,IL,2009-11-16,197,A,ENGAGED_MAINSTREAM,10165.65,100.0,3,3.0,972.92,1016.02,29.42,105,10203.06,-5805.789999999999,RETAIL,38.087714285714284,18.22,LOW,0.05,N,N,N,N,MASTER_V1.5,2026-04-10,2026-04-10 11:28:08.713839+02:00
368,Jeanne Brooks,39,IL,2009-07-06,201,A,ENGAGED_MAINSTREAM,14678.94,100.0,3,3.0,16937.27,5040.04,43.02,184,9682.67,4993.609999999999,TRAVEL,36.416739130434784,7.78,LOW,0.05,N,N,N,N,MASTER_V1.5,2026-04-10,2026-04-10 11:28:08.713839+02:00
369,Aaron Thomas,20,NC,2017-04-21,108,A,CREDIT_DEPENDENT,5089.14,100.0,3,3.0,535.33,405.3,29.28,136,11147.23,-5538.57,ENTERTAINMENT,44.85713235294118,11.41,LOW,0.05,N,N,N,N,MASTER_V1.5,2026-04-10,2026-04-10 11:28:08.713839+02:00
370,Sara Schmidt,70,CA,2025-05-24,11,A,PREMIUM_WEALTH,932.08,75.0,4,3.0,4785.85,449.3,44.59,137,7486.96,2407.6099999999997,WIRE_TRANSFER_INTL,34.31072992700731,13.34,LOW,0.05,N,N,N,N,MASTER_V1.5,2026-04-10,2026-04-10 11:28:08.713839+02:00
371,Amanda Knight,41,GA,2017-02-10,110,A,PREMIUM_WEALTH,8428.89,100.0,3,3.0,27360.02,367.52,28.02,161,18152.49,-2209.300000000003,GROCERY,36.650869565217384,8.18,LOW,0.05,N,N,N,N,MASTER_V1.5,2026-04-10,2026-04-10 11:28:08.713839+02:00
373,Judy Jackson,46,MI,2023-12-06,28,A,CREDIT_DEPENDENT,1589.97,100.0,2,2.0,85553.34,0.0,0.0,104,14215.41,-3272.720000000001,GAMBLING,36.54125,16.36,LOW,0.05,N,N,N,N,MASTER_V1.5,2026-04-10,2026-04-10 11:28:08.713839+02:00
374,Emily Miller,43,CA,2023-09-15,31,A,GROWING_DIGITAL,1002.53,50.0,2,1.0,644.17,0.0,0.0,110,9879.67,410.619999999999,HEALTHCARE,40.0,12.55,LOW,0.05,N,N,N,N,MASTER_V1.5,2026-04-10,2026-04-10 11:28:08.713839+02:00
375,Michael Pitts,78,OH,2012-04-24,168,A,VALUE_BASIC,2421.46,100.0,1,1.0,319.06,0.0,0.0,75,12006.35,-8497.77,HEALTHCARE,50.66,25.02,MODERATE,0.05,N,Y,N,N,MASTER_V1.5,2026-04-10,2026-04-10 11:28:08.713839+02:00
378,Mark Durham,68,FL,2011-05-12,179,A,VALUE_BASIC,2148.07,100.0,1,1.0,121.53,0.0,0.0,71,6349.85,-6.480000000000473,GAS_STATION,35.209999999999994,18.82,LOW,0.05,N,Y,N,N,MASTER_V1.5,2026-04-10,2026-04-10 11:28:08.713839+02:00
380,Melanie Murray,36,FL,2013-08-26,152,A,CREDIT_DEPENDENT,7487.39,100.0,2,2.0,18992.97,21579.93,29.87,75,5360.360000000001,-1466.9200000000005,UTILITIES,38.66146666666667,14.18,LOW,0.05,N,N,N,N,MASTER_V1.5,2026-04-10,2026-04-10 11:28:08.713839+02:00
381,Jennifer King,19,NY,2024-06-24,22,A,PREMIUM_WEALTH,1580.92,50.0,4,2.0,1320.83,667.92,65.12,159,11869.21,-5177.729999999999,GROCERY,41.511194968553454,13.53,LOW,0.05,N,N,Y,N,MASTER_V1.5,2026-04-10,2026-04-10 11:28:08.713839+02:00
382,Kevin Scott,81,MI,2009-04-02,204,A,ENGAGED_MAINSTREAM,18601.08,66.67,3,2.0,190531.18,49784.9,24.79,138,9596.08,-1211.75,ENTERTAINMENT,42.75217391304348,19.91,LOW,0.05,N,N,N,N,MASTER_V1.5,2026-04-10,2026-04-10 11:28:08.713839+02:00
384,Ricky Ballard,34,FL,2023-02-07,38,A,GROWING_DIGITAL,3050.35,66.67,3,2.0,44489.09,0.0,0.0,160,11653.560000000001,1458.1699999999983,TRAVEL,41.2513125,0.73,LOW,0.05,N,N,N,N,MASTER_V1.5,2026-04-10,2026-04-10 11:28:08.713839+02:00
385,Richard Santana,20,NC,2010-01-02,195,A,ENGAGED_MAINSTREAM,21238.32,75.0,4,3.0,53714.96,119482.13,34.23,169,13275.580000000002,-2402.8100000000013,RETAIL,47.33597633136095,8.05,LOW,0.05,N,N,N,N,MASTER_V1.5,2026-04-10,2026-04-10 11:28:08.713839+02:00
391,Raven Fowler,68,PA,2024-03-15,25,A,PREMIUM_WEALTH,2547.35,75.0,4,3.0,26619.5,12830.05,28.44,255,26289.28,-8160.209999999999,WIRE_TRANSFER_INTL,41.17847058823529,15.45,LOW,0.05,N,N,N,N,MASTER_V1.5,2026-04-10,2026-04-10 11:28:08.713839+02:00
392,Christina Coleman,30,NC,2012-01-23,171,A,ENGAGED_MAINSTREAM,22079.09,50.0,4,2.0,405043.66,1015541.83,32.42,155,22950.87,-14409.779999999999,GAS_STATION,42.582,28.55,MODERATE,0.05,N,N,N,N,MASTER_V1.5,2026-04-10,2026-04-10 11:28:08.713839+02:00
393,Kevin Wright,43,CA,2015-10-17,126,A,ENGAGED_MAINSTREAM,4890.99,100.0,2,2.0,2353.06,2211.74,53.28,88,11443.68,-4768.47,RETAIL,35.22727272727273,30.82,MODERATE,0.05,N,N,Y,N,MASTER_V1.5,2026-04-10,2026-04-10 11:28:08.713839+02:00
394,Amy Bruce,58,OH,2006-09-06,235,A,VALUE_BASIC,9419.03,100.0,2,2.0,3029.62,0.0,0.0,51,8624.65,-4498.259999999999,CRYPTO_EXCHANGE,41.17686274509805,24.91,MODERATE,0.05,N,N,Y,N,MASTER_V1.5,2026-04-10,2026-04-10 11:28:08.713839+02:00
395,Aaron Gonzalez,66,CA,2011-04-11,180,A,ENGAGED_MAINSTREAM,7383.02,100.0,2,2.0,3653.2,3126.95,58.7,86,8916.89,-4223.5199999999995,ENTERTAINMENT,39.53488372093023,22.0,MODERATE,0.05,N,N,Y,N,MASTER_V1.5,2026-04-10,2026-04-10 11:28:08.713839+02:00
396,Justin Cruz,77,PA,2014-01-08,147,A,ENGAGED_MAINSTREAM,10450.11,100.0,3,3.0,13076.32,24257.13,38.64,102,10481.83,-5850.42,GROCERY,44.11607843137254,8.0,LOW,0.05,N,N,N,N,MASTER_V1.5,2026-04-10,2026-04-10 11:28:08.713839+02:00
398,Bethany Young,31,MI,2025-02-08,14,A,PREMIUM_WEALTH,1620.3,100.0,4,4.0,106249.74,6684.8,31.76,118,7207.39,2369.3,WIRE_TRANSFER_INTL,36.43745762711865,7.03,LOW,0.05,N,N,N,N,MASTER_V1.5,2026-04-10,2026-04-10 11:28:08.713839+02:00
399,Diana Armstrong,37,IL,2024-10-17,18,A,PREMIUM_WEALTH,1379.36,100.0,3,3.0,27377.3,16185.53,29.11,144,25475.9,-13476.880000000001,RETAIL,38.19479166666667,22.09,MODERATE,0.05,N,N,N,N,MASTER_V1.5,2026-04-10,2026-04-10 11:28:08.713839+02:00
400,Steven Andrews,39,GA,2013-12-04,148,A,CREDIT_DEPENDENT,3501.65,100.0,1,1.0,12886.33,0.0,0.0,71,12850.76,-8446.16,ENTERTAINMENT,40.849999999999994,9.64,LOW,0.05,N,Y,N,N,MASTER_V1.5,2026-04-10,2026-04-10 11:28:08.713839+02:00
401,Scott Haney,85,IL,2026-02-08,2,A,VALUE_BASIC,82.09,100.0,2,2.0,3673.11,6348.14,48.04,55,3404.5099999999998,-677.56,RETAIL,29.090000000000003,16.27,LOW,0.05,N,N,N,N,MASTER_V1.5,2026-04-10,2026-04-10 11:28:08.713839+02:00
402,Jason Phillips,70,PA,2025-05-08,11,A,VALUE_BASIC,262.92,100.0,1,1.0,14198.57,0.0,0.0,68,4385.23,-332.02999999999975,GAS_STATION,39.709999999999994,10.58,LOW,0.05,N,Y,N,N,MASTER_V1.5,2026-04-10,2026-04-10 11:28:08.713839+02:00
403,Thomas Spence,40,MI,2021-10-30,54,A,GROWING_DIGITAL,2699.06,50.0,2,1.0,21949.98,0.0,0.0,63,3904.02,346.9000000000001,RESTAURANT,30.15714285714286,10.91,LOW,0.05,N,N,N,N,MASTER_V1.5,2026-04-10,2026-04-10 11:28:08.713839+02:00
404,Rachel Barrett,83,OH,2008-08-05,212,A,ENGAGED_MAINSTREAM,17403.04,66.67,3,2.0,56687.52,3977.78,26.36,112,6050.42,-312.78999999999996,GAS_STATION,47.32223214285715,22.0,MODERATE,0.05,N,N,N,N,MASTER_V1.5,2026-04-10,2026-04-10 11:28:08.713839+02:00
405,Laura Hill,52,PA,2017-01-21,111,A,PREMIUM_WEALTH,8825.68,100.0,3,3.0,40191.67,6574.16,37.82,147,15101.300000000001,-7505.470000000001,GROCERY,45.57687074829933,5.09,LOW,0.05,N,N,N,N,MASTER_V1.5,2026-04-10,2026-04-10 11:28:08.713839+02:00
407,Christopher Jennings,47,NY,2017-12-31,100,A,PREMIUM_WEALTH,8696.5,100.0,3,3.0,108589.57,0.0,0.0,132,13088.670000000002,-1795.670000000002,GAMBLING,43.17590909090909,15.63,LOW,0.05,N,N,N,N,MASTER_V1.5,2026-04-10,2026-04-10 11:28:08.713839+02:00
408,Zachary Garner,28,NC,2022-09-30,43,A,PREMIUM_WEALTH,3963.44,100.0,4,4.0,10069.82,8422.19,22.9,199,15726.52,-4504.9000000000015,RESTAURANT,33.67005025125628,9.73,LOW,0.05,N,N,N,N,MASTER_V1.5,2026-04-10,2026-04-10 11:28:08.713839+02:00
409,Cynthia Williams,81,PA,2018-10-21,90,A,VALUE_BASIC,3901.76,100.0,2,2.0,5828.89,0.0,0.0,49,3393.7200000000003,-1327.3100000000004,GAS_STATION,24.489183673469388,12.18,LOW,0.05,N,N,Y,N,MASTER_V1.5,2026-04-10,2026-04-10 11:28:08.713839+02:00
410,Matthew Obrien,19,OH,2024-05-14,23,A,GROWING_DIGITAL,1337.35,50.0,2,1.0,112322.13,0.0,0.0,64,3482.32,-138.11000000000013,TRAVEL,45.31125,4.64,LOW,0.05,N,N,N,N,MASTER_V1.5,2026-04-10,2026-04-10 11:28:08.713839+02:00
411,Loretta Crawford,30,OH,2010-11-11,185,A,CREDIT_DEPENDENT,4111.63,100.0,1,1.0,7259.11,0.0,0.0,79,7487.84,-3475.4500000000003,GAS_STATION,41.76999999999999,5.45,LOW,0.05,N,Y,Y,N,MASTER_V1.5,2026-04-10,2026-04-10 11:28:08.713839+02:00
412,Karen Strong,34,GA,2022-07-16,45,A,PREMIUM_WEALTH,3454.16,100.0,3,3.0,27848.78,23214.45,35.8,115,13111.96,-4790.869999999999,UTILITIES,38.26269565217391,13.27,LOW,0.05,N,N,N,N,MASTER_V1.5,2026-04-10,2026-04-10 11:28:08.713839+02:00
414,Jeffrey Lindsey,27,MI,2006-09-08,235,A,CREDIT_DEPENDENT,7979.59,100.0,2,2.0,889.93,3027.44,26.86,107,8594.130000000001,-2247.420000000001,CRYPTO_EXCHANGE,40.18710280373832,14.91,LOW,0.05,N,N,N,N,MASTER_V1.5,2026-04-10,2026-04-10 11:28:08.713839+02:00
415,James Lawson,19,NC,2014-05-30,143,A,CREDIT_DEPENDENT,6360.32,100.0,2,2.0,7299.47,396.35,21.1,57,5188.969999999999,-289.5599999999995,TRAVEL,35.08561403508772,14.27,LOW,0.05,N,N,Y,N,MASTER_V1.5,2026-04-10,2026-04-10 11:28:08.713839+02:00
416,Andrew Gomez,64,MI,2017-01-24,111,A,GROWING_DIGITAL,7738.13,33.33,3,1.0,10883.99,19920.88,30.03,108,6420.85,-2802.36,GAMBLING,42.59009259259259,6.0,LOW,0.05,N,N,N,Y,MASTER_V1.5,2026-04-10,2026-04-10 11:28:08.713839+02:00
417,John Fields,83,PA,2015-05-21,131,A,VALUE_BASIC,5640.87,100.0,2,2.0,5497.28,18359.48,20.54,27,5740.13,-5267.08,WIRE_TRANSFER_INTL,51.85407407407408,21.64,MODERATE,0.05,N,N,Y,N,MASTER_V1.5,2026-04-10,2026-04-10 11:28:08.713839+02:00
418,Thomas Oliver,26,FL,2010-08-02,188,A,ENGAGED_MAINSTREAM,19924.8,33.33,3,1.0,1371021.22,301.86,57.27,147,11252.12,-2140.4100000000017,GROCERY,40.812517006802715,14.86,LOW,0.05,N,N,N,Y,MASTER_V1.5,2026-04-10,2026-04-10 11:28:08.713839+02:00
419,Melissa Byrd,38,GA,2021-02-15,62,A,CREDIT_DEPENDENT,1262.89,100.0,1,1.0,3455.26,14859.56,23.25,20,974.26,9467.69,RETAIL,60.0,12.82,LOW,0.05,N,Y,Y,N,MASTER_V1.5,2026-04-10,2026-04-10 11:28:08.713839+02:00
420,Charles Le,52,IL,2013-07-11,153,A,ENGAGED_MAINSTREAM,12470.01,100.0,3,3.0,52423.38,10942.17,26.35,165,18445.67,-9122.169999999998,GROCERY,40.60636363636364,14.19,LOW,0.05,N,N,N,N,MASTER_V1.5,2026-04-10,2026-04-10 11:28:08.713839+02:00
421,Robert Hopkins,80,GA,2008-10-27,210,A,GROWING_DIGITAL,15388.66,33.33,3,1.0,17510.85,0.0,0.0,118,8521.1,-3156.2299999999996,RETAIL,45.76677966101694,16.0,LOW,0.05,N,N,N,Y,MASTER_V1.5,2026-04-10,2026-04-10 11:28:08.713839+02:00
422,Crystal Massey,65,CA,2014-10-19,138,A,ENGAGED_MAINSTREAM,11435.13,66.67,3,2.0,62845.43,231.92,35.63,169,16692.7,-5607.110000000001,ENTERTAINMENT,40.826449704142014,1.45,LOW,0.05,N,N,N,N,MASTER_V1.5,2026-04-10,2026-04-10 11:28:08.713839+02:00
423,James Fuller,70,NC,2017-04-21,108,A,VALUE_BASIC,3956.47,100.0,2,2.0,1520.49,0.0,0.0,50,6407.37,-3343.17,HEALTHCARE,31.996999999999996,25.25,MODERATE,0.05,N,N,Y,N,MASTER_V1.5,2026-04-10,2026-04-10 11:28:08.713839+02:00
425,Troy Lucas,46,CA,2021-04-01,60,A,PREMIUM_WEALTH,3146.14,100.0,2,2.0,35850.89,69599.63,50.45,63,13377.199999999999,-8150.6399999999985,GROCERY,41.26587301587301,5.73,LOW,0.05,N,N,N,N,MASTER_V1.5,2026-04-10,2026-04-10 11:28:08.713839+02:00
426,John Parker,32,MI,2007-05-13,227,A,ENGAGED_MAINSTREAM,13634.15,100.0,3,3.0,3005.83,1188.1,38.28,91,9433.08,6723.24,TRAVEL,29.669010989010985,29.82,MODERATE,0.05,N,N,Y,N,MASTER_V1.5,2026-04-10,2026-04-10 11:28:08.713839+02:00
427,Diana Alexander,76,NY,2015-06-03,130,A,VALUE_BASIC,3019.1,100.0,1,1.0,10824.09,47543.59,22.77,20,1351.26,-555.41,RESTAURANT,40.0,9.91,LOW,0.05,N,Y,N,N,MASTER_V1.5,2026-04-10,2026-04-10 11:28:08.713839+02:00
428,Adam Riley,72,IL,2020-03-12,73,A,GROWING_DIGITAL,2811.36,50.0,2,1.0,2213.55,0.0,0.0,88,5423.27,109.94999999999891,HEALTHCARE,37.501250000000006,11.36,LOW,0.05,N,N,Y,N,MASTER_V1.5,2026-04-10,2026-04-10 11:28:08.713839+02:00
429,Karen Oconnor,20,GA,2017-11-12,101,A,PREMIUM_WEALTH,7714.65,66.67,3,2.0,26485.53,27322.89,38.96,97,6937.200000000001,-2424.1900000000005,GAS_STATION,42.268865979381445,18.91,LOW,0.05,N,N,N,N,MASTER_V1.5,2026-04-10,2026-04-10 11:28:08.713839+02:00
430,Kayla Davis,66,GA,2014-09-08,139,A,GROWING_DIGITAL,3234.3,0.0,1,0.0,11018.47,0.0,0.0,31,1146.01,363.1099999999999,RETAIL,38.709999999999994,12.82,LOW,0.05,N,N,N,Y,MASTER_V1.5,2026-04-10,2026-04-10 11:28:08.713839+02:00
431,Daniel Phillips,24,NY,2015-06-30,130,A,PREMIUM_WEALTH,9855.55,66.67,3,2.0,24544.78,82787.01,28.66,153,9117.33,379.4899999999998,GAS_STATION,40.521241830065364,30.18,MODERATE,0.05,N,N,N,N,MASTER_V1.5,2026-04-10,2026-04-10 11:28:08.713839+02:00
432,Ronald Burgess,68,MI,2012-04-06,168,A,VALUE_BASIC,12791.88,100.0,3,3.0,25649.65,0.0,0.0,145,11202.19,-1968.1900000000005,CRYPTO_EXCHANGE,34.480137931034484,12.16,LOW,0.05,N,N,N,N,MASTER_V1.5,2026-04-10,2026-04-10 11:28:08.713839+02:00
433,Gregory Thompson,74,GA,2021-01-25,63,A,VALUE_BASIC,1240.1,100.0,1,1.0,2627.11,0.0,0.0,77,12702.85,-7840.97,UTILITIES,38.959999999999994,3.73,LOW,0.05,N,Y,Y,N,MASTER_V1.5,2026-04-10,2026-04-10 11:28:08.713839+02:00
434,Susan Anderson,27,NY,2013-04-09,156,A,CREDIT_DEPENDENT,7552.74,100.0,2,2.0,16042.47,1079.02,36.26,73,6786.6,-3016.59,GAS_STATION,36.98150684931507,7.22,LOW,0.05,N,N,N,N,MASTER_V1.5,2026-04-10,2026-04-10 11:28:08.713839+02:00
435,April Ryan,47,NY,2017-05-19,107,A,GROWING_DIGITAL,5224.69,50.0,2,1.0,17427.11,2742.88,21.34,110,7254.4,-827.539999999999,RETAIL,45.45399999999999,19.11,LOW,0.05,N,N,N,N,MASTER_V1.5,2026-04-10,2026-04-10 11:28:08.713839+02:00
436,Brent Mata,26,TX,2007-06-21,226,A,ENGAGED_MAINSTREAM,15653.67,100.0,3,3.0,10251.74,12973.78,22.58,94,8786.23,-1377.8500000000004,GAS_STATION,39.36446808510639,31.73,MODERATE,0.05,N,N,N,N,MASTER_V1.5,2026-04-10,2026-04-10 11:28:08.713839+02:00
437,John Schmidt,56,PA,2023-01-18,39,A,GROWING_DIGITAL,1615.37,50.0,2,1.0,3959.71,11295.6,31.83,91,6346.16,1907.0900000000001,RETAIL,48.35098901098902,6.14,LOW,0.05,N,N,Y,N,MASTER_V1.5,2026-04-10,2026-04-10 11:28:08.713839+02:00
438,Melinda Mcintyre,80,PA,2023-03-28,37,A,VALUE_BASIC,2802.24,66.67,3,2.0,24298.48,0.0,0.0,145,12067.470000000001,-2094.8500000000004,HEALTHCARE,41.37696551724138,33.36,MODERATE,0.05,N,N,N,N,MASTER_V1.5,2026-04-10,2026-04-10 11:28:08.713839+02:00
440,Laurie Scott,45,NC,2016-01-28,123,A,PREMIUM_WEALTH,15982.07,100.0,4,4.0,439571.56,42783.83,27.64,254,25736.46,-9127.309999999998,RESTAURANT,40.944566929133856,19.32,LOW,0.05,N,N,N,N,MASTER_V1.5,2026-04-10,2026-04-10 11:28:08.713839+02:00
441,Elizabeth Summers,83,TX,2012-06-10,166,A,ENGAGED_MAINSTREAM,15174.94,100.0,4,4.0,9335.01,10211.27,22.43,80,3732.9700000000003,1697.9800000000005,RESTAURANT,41.251125,10.09,LOW,0.05,N,N,Y,N,MASTER_V1.5,2026-04-10,2026-04-10 11:28:08.713839+02:00
442,Vanessa Olson,38,PA,2018-02-24,98,A,PREMIUM_WEALTH,12371.32,50.0,4,2.0,303701.0,724700.71,41.25,184,12189.68,3730.130000000001,GROCERY,38.583858695652175,21.18,MODERATE,0.05,N,N,N,N,MASTER_V1.5,2026-04-10,2026-04-10 11:28:08.713839+02:00
443,Caitlin Drake,27,TX,2008-01-03,219,A,GROWING_DIGITAL,10541.09,50.0,2,1.0,15162.24,1732.6,22.82,122,14808.3,-9079.23,WIRE_TRANSFER_INTL,39.338852459016394,0.0,LOW,0.05,N,N,N,N,MASTER_V1.5,2026-04-10,2026-04-10 11:28:08.713839+02:00
444,Stephanie Francis,51,NY,2016-10-02,114,A,GROWING_DIGITAL,7995.74,66.67,3,2.0,11518.87,0.0,0.0,179,14051.35,-4773.360000000001,RETAIL,39.66815642458101,19.73,LOW,0.05,N,N,N,N,MASTER_V1.5,2026-04-10,2026-04-10 11:28:08.713839+02:00
445,Patricia Morgan,52,NY,2023-08-14,32,A,PREMIUM_WEALTH,3187.86,100.0,3,3.0,586993.46,0.0,0.0,134,28207.73,-22321.52,HEALTHCARE,37.31171641791045,25.18,MODERATE,0.05,N,N,N,N,MASTER_V1.5,2026-04-10,2026-04-10 11:28:08.713839+02:00
447,Jennifer Mccarty,39,PA,2006-10-26,234,A,ENGAGED_MAINSTREAM,12002.68,100.0,2,2.0,28529.79,6731.4,38.7,59,5023.57,-1805.58,CRYPTO_EXCHANGE,40.679491525423735,20.64,MODERATE,0.05,N,N,N,N,MASTER_V1.5,2026-04-10,2026-04-10 11:28:08.713839+02:00
448,William Taylor,82,OH,2023-07-11,33,A,VALUE_BASIC,1192.52,100.0,2,2.0,1376.61,835.88,33.44,72,4075.41,-1971.73,CRYPTO_EXCHANGE,33.33555555555555,23.73,MODERATE,0.05,N,N,Y,N,MASTER_V1.5,2026-04-10,2026-04-10 11:28:08.713839+02:00
449,Maria Levy,53,IL,2007-04-30,228,A,CREDIT_DEPENDENT,4120.21,100.0,1,1.0,1378.06,0.0,0.0,38,3062.32,-1260.63,CRYPTO_EXCHANGE,44.74,17.18,LOW,0.05,N,Y,Y,N,MASTER_V1.5,2026-04-10,2026-04-10 11:28:08.713839+02:00
450,Amy Dalton,37,FL,2020-08-28,68,A,PREMIUM_WEALTH,7960.39,75.0,4,3.0,121352.26,491.34,61.51,137,14156.81,-3994.76,WIRE_TRANSFER_INTL,45.25270072992701,10.18,LOW,0.05,N,N,N,N,MASTER_V1.5,2026-04-10,2026-04-10 11:28:08.713839+02:00
453,Thomas Coffey,52,GA,2013-12-16,148,A,CREDIT_DEPENDENT,7811.5,100.0,2,2.0,38410.38,142813.15,23.34,89,8490.55,-4806.969999999999,RETAIL,35.95191011235955,22.36,MODERATE,0.05,N,N,N,N,MASTER_V1.5,2026-04-10,2026-04-10 11:28:08.713839+02:00
454,Jonathon Ballard,20,PA,2017-09-04,103,A,PREMIUM_WEALTH,7765.01,66.67,3,2.0,23197.46,65.07,41.91,135,14483.3,-3882.039999999999,ENTERTAINMENT,37.04088888888889,17.82,LOW,0.05,N,N,N,N,MASTER_V1.5,2026-04-10,2026-04-10 11:28:08.713839+02:00
456,Dana Gibbs,55,GA,2014-01-12,147,A,CREDIT_DEPENDENT,7570.28,100.0,2,2.0,29723.75,0.0,0.0,124,5508.76,6275.83,GROCERY,42.74241935483871,22.38,MODERATE,0.05,N,N,N,N,MASTER_V1.5,2026-04-10,2026-04-10 11:28:08.713839+02:00
459,Courtney Gibson,75,IL,2006-11-09,233,A,ENGAGED_MAINSTREAM,18073.31,100.0,3,3.0,31019.82,91002.46,28.64,150,17064.559999999998,-7604.449999999997,CRYPTO_EXCHANGE,34.00033333333333,0.0,LOW,0.05,N,N,N,N,MASTER_V1.5,2026-04-10,2026-04-10 11:28:08.713839+02:00
460,Joshua Chambers,25,FL,2017-12-30,100,A,CREDIT_DEPENDENT,4591.68,100.0,2,2.0,9733.84,2799.06,33.86,60,6528.42,-3744.23,CRYPTO_EXCHANGE,46.665333333333336,13.73,LOW,0.05,N,N,Y,N,MASTER_V1.5,2026-04-10,2026-04-10 11:28:08.713839+02:00
461,Chris Chambers,67,GA,2023-02-20,38,A,VALUE_BASIC,2126.94,100.0,2,2.0,72722.02,0.0,0.0,84,5202.55,1302.6699999999992,CRYPTO_EXCHANGE,32.13761904761905,26.61,MODERATE,0.05,N,N,N,N,MASTER_V1.5,2026-04-10,2026-04-10 11:28:08.713839+02:00
462,Justin Richards,28,IL,2018-01-21,99,A,GROWING_DIGITAL,3757.79,50.0,2,1.0,1981.27,0.0,0.0,76,7981.0,-4288.37,GROCERY,44.73842105263158,24.08,MODERATE,0.05,N,N,Y,N,MASTER_V1.5,2026-04-10,2026-04-10 11:28:08.713839+02:00
463,Joseph Carson,68,OH,2009-06-21,202,A,ENGAGED_MAINSTREAM,16069.15,75.0,4,3.0,2849.86,6580.21,35.41,151,13096.890000000001,-7442.8200000000015,CRYPTO_EXCHANGE,40.397284768211925,26.44,MODERATE,0.05,N,N,Y,N,MASTER_V1.5,2026-04-10,2026-04-10 11:28:08.713839+02:00
464,Luis Bentley,46,GA,2021-11-10,53,A,CREDIT_DEPENDENT,2616.61,100.0,2,2.0,19418.92,0.0,0.0,45,7001.65,-6230.69,GAMBLING,44.448,7.0,LOW,0.05,N,N,N,N,MASTER_V1.5,2026-04-10,2026-04-10 11:28:08.713839+02:00
465,Amber Rodriguez,19,NY,2007-04-20,228,A,GROWING_DIGITAL,9816.8,50.0,2,1.0,5492.97,0.0,0.0,77,4899.0,119.17000000000007,HEALTHCARE,44.15298701298701,9.91,LOW,0.05,N,N,Y,N,MASTER_V1.5,2026-04-10,2026-04-10 11:28:08.713839+02:00
466,Devon Hall,83,OH,2014-06-26,142,A,ENGAGED_MAINSTREAM,11403.61,66.67,3,2.0,44694.76,818.43,43.29,94,10892.34,-6159.370000000001,ENTERTAINMENT,43.61446808510638,4.82,LOW,0.05,N,N,N,N,MASTER_V1.5,2026-04-10,2026-04-10 11:28:08.713839+02:00
467,Jesse Johnson,29,MI,2014-03-21,145,A,CREDIT_DEPENDENT,6863.89,100.0,2,2.0,12931.67,466.61,23.68,145,16698.35,-8571.619999999999,GROCERY,40.69034482758621,30.5,MODERATE,0.05,N,N,N,N,MASTER_V1.5,2026-04-10,2026-04-10 11:28:08.713839+02:00
468,Heather Henson,58,MI,2019-11-19,77,A,VALUE_BASIC,2647.06,100.0,2,2.0,968.25,0.0,0.0,131,13235.329999999998,-4403.2199999999975,UTILITIES,41.22083969465649,21.27,MODERATE,0.05,N,N,N,N,MASTER_V1.5,2026-04-10,2026-04-10 11:28:08.713839+02:00
469,Jasmine Hoffman,30,MI,2007-11-15,221,A,CREDIT_DEPENDENT,15522.79,66.67,3,2.0,11674.74,0.0,0.0,151,11990.06,-3712.039999999999,CRYPTO_EXCHANGE,38.41019867549669,15.36,LOW,0.05,N,N,N,N,MASTER_V1.5,2026-04-10,2026-04-10 11:28:08.713839+02:00
470,Caleb Herman,81,NY,2025-06-22,10,A,PREMIUM_WEALTH,1096.91,100.0,4,4.0,58049.69,93506.56,20.27,216,16534.39,-4044.4199999999983,GROCERY,37.964490740740736,25.61,MODERATE,0.05,N,N,N,N,MASTER_V1.5,2026-04-10,2026-04-10 11:28:08.713839+02:00
472,Amy Brown,72,NY,2017-11-12,101,A,GROWING_DIGITAL,4432.3,50.0,2,1.0,6482.3,0.0,0.0,99,8197.23,-1356.8599999999997,GROCERY,41.41,23.18,MODERATE,0.05,N,N,Y,N,MASTER_V1.5,2026-04-10,2026-04-10 11:28:08.713839+02:00
473,Robert Colon,47,OH,2016-09-10,115,A,PREMIUM_WEALTH,10945.92,100.0,4,4.0,13605.04,3701.93,35.41,119,13005.429999999998,-3456.2199999999993,GAS_STATION,43.7,43.91,ELEVATED,0.05,N,N,N,N,MASTER_V1.5,2026-04-10,2026-04-10 11:28:08.713839+02:00
474,Jamie Blankenship,50,PA,2016-10-03,114,A,GROWING_DIGITAL,8937.56,33.33,3,1.0,34658.11,0.0,0.0,90,4418.38,-200.39000000000033,TRAVEL,45.55511111111111,5.82,LOW,0.05,N,N,N,Y,MASTER_V1.5,2026-04-10,2026-04-10 11:28:08.713839+02:00
475,Robert Turner,61,NY,2023-04-01,36,A,PREMIUM_WEALTH,1735.92,100.0,2,2.0,15428.69,6534.79,61.85,67,5051.24,9277.7,UTILITIES,40.2965671641791,5.45,LOW,0.05,N,N,N,N,MASTER_V1.5,2026-04-10,2026-04-10 11:28:08.713839+02:00
476,Rebecca Ortiz,71,FL,2021-09-13,55,A,PREMIUM_WEALTH,6459.59,75.0,4,3.0,126084.39,1092.79,20.45,182,26653.21,-10349.159999999998,WIRE_TRANSFER_INTL,40.65686813186813,9.73,LOW,0.05,N,N,N,N,MASTER_V1.5,2026-04-10,2026-04-10 11:28:08.713839+02:00
477,Brandy Taylor,75,NY,2024-04-18,24,A,VALUE_BASIC,1366.97,66.67,3,2.0,1986.79,0.0,0.0,145,14359.62,-6649.08,CRYPTO_EXCHANGE,37.23910344827587,10.57,LOW,0.05,N,N,Y,N,MASTER_V1.5,2026-04-10,2026-04-10 11:28:08.713839+02:00
478,Heather Shah,19,PA,2014-10-19,138,A,PREMIUM_WEALTH,13981.25,75.0,4,3.0,25118.09,5532.01,25.53,152,12108.55,-3256.0599999999995,GAS_STATION,42.10342105263158,9.87,LOW,0.05,N,N,N,N,MASTER_V1.5,2026-04-10,2026-04-10 11:28:08.713839+02:00
479,Melissa Torres,63,PA,2019-03-18,85,A,PREMIUM_WEALTH,6929.27,100.0,3,3.0,52546.29,25280.47,37.68,170,13530.66,-7392.23,UTILITIES,34.70647058823529,24.36,MODERATE,0.05,N,N,N,N,MASTER_V1.5,2026-04-10,2026-04-10 11:28:08.713839+02:00
480,Kathy Vasquez,26,TX,2014-12-06,136,A,ENGAGED_MAINSTREAM,9318.35,66.67,3,2.0,9280.2,26198.09,27.6,210,17930.86,-6877.02,GAMBLING,37.141333333333336,25.35,MODERATE,0.05,N,N,Y,N,MASTER_V1.5,2026-04-10,2026-04-10 11:28:08.713839+02:00
481,Omar Davis,37,NY,2014-06-15,142,A,ENGAGED_MAINSTREAM,11965.83,66.67,3,2.0,75774.82,6130.74,29.32,129,8335.18,-3908.7300000000005,UTILITIES,43.40821705426357,13.39,LOW,0.05,N,N,N,N,MASTER_V1.5,2026-04-10,2026-04-10 11:28:08.713839+02:00
483,Michael Taylor,35,NC,2015-04-22,132,A,PREMIUM_WEALTH,18848.69,75.0,4,3.0,1590099.23,1802.77,22.0,143,15941.99,-8858.71,UTILITIES,37.76692307692308,31.27,MODERATE,0.05,N,N,N,N,MASTER_V1.5,2026-04-10,2026-04-10 11:28:08.713839+02:00
484,Karen Chavez,72,NC,2013-04-18,156,A,VALUE_BASIC,7537.7,100.0,2,2.0,15736.23,0.0,0.0,54,1467.48,969.5999999999999,RESTAURANT,33.33333333333333,3.91,LOW,0.05,N,N,N,N,MASTER_V1.5,2026-04-10,2026-04-10 11:28:08.713839+02:00
485,Melissa Santiago,49,TX,2014-07-04,141,A,GROWING_DIGITAL,12360.54,66.67,3,2.0,119187.53,0.0,0.0,125,14407.16,-10037.84,GROCERY,39.99976,10.73,LOW,0.05,N,N,N,N,MASTER_V1.5,2026-04-10,2026-04-10 11:28:08.713839+02:00
486,Stephanie Paul,34,GA,2013-03-16,157,A,GROWING_DIGITAL,7145.76,50.0,2,1.0,8981.1,23443.47,30.59,62,6200.41,1745.8900000000003,CRYPTO_EXCHANGE,32.25999999999999,19.45,LOW,0.05,N,N,Y,N,MASTER_V1.5,2026-04-10,2026-04-10 11:28:08.713839+02:00
487,Robert Bautista,41,CA,2013-12-01,148,A,ENGAGED_MAINSTREAM,12012.25,100.0,3,3.0,50103.43,113353.56,32.07,81,10246.27,-6743.450000000001,ENTERTAINMENT,35.79888888888889,7.82,LOW,0.05,N,N,N,N,MASTER_V1.5,2026-04-10,2026-04-10 11:28:08.713839+02:00
488,Julie Barnes,54,NC,2019-11-25,77,A,PREMIUM_WEALTH,9013.06,75.0,4,3.0,121208.98,12533.54,20.81,232,34859.4,-23154.170000000002,CRYPTO_EXCHANGE,33.62060344827586,26.54,MODERATE,0.05,N,N,N,N,MASTER_V1.5,2026-04-10,2026-04-10 11:28:08.713839+02:00
489,Amy Newton,69,FL,2021-04-16,60,A,PREMIUM_WEALTH,4754.17,100.0,3,3.0,38747.19,105855.92,28.38,111,14317.76,-10703.74,GAMBLING,41.43891891891892,40.89,ELEVATED,0.05,N,N,N,N,MASTER_V1.5,2026-04-10,2026-04-10 11:28:08.713839+02:00
490,Carrie Moore,59,FL,2010-07-09,189,A,VALUE_BASIC,5724.1,100.0,2,2.0,427.2,1881.33,22.4,55,2052.02,1191.3000000000002,GAMBLING,43.63963636363636,29.88,MODERATE,0.05,N,N,N,N,MASTER_V1.5,2026-04-10,2026-04-10 11:28:08.713839+02:00
491,Jeffrey Perry,81,FL,2019-05-16,83,A,VALUE_BASIC,3737.2,100.0,2,2.0,8146.2,0.0,0.0,138,15151.380000000001,-7655.450000000001,GAMBLING,42.75739130434783,5.45,LOW,0.05,N,N,Y,N,MASTER_V1.5,2026-04-10,2026-04-10 11:28:08.713839+02:00
492,Jeffrey Garcia,76,IL,2015-04-06,132,A,ENGAGED_MAINSTREAM,9686.17,66.67,3,2.0,17747.65,6862.17,50.58,144,17282.08,-11802.840000000002,UTILITIES,43.055902777777774,11.0,LOW,0.05,N,N,N,N,MASTER_V1.5,2026-04-10,2026-04-10 11:28:08.713839+02:00
494,Anthony Russell,59,TX,2017-08-09,104,A,PREMIUM_WEALTH,12950.93,100.0,4,4.0,255970.56,366516.94,33.72,211,15108.09,-4767.99,GAMBLING,38.85962085308057,39.0,MODERATE,0.05,N,N,N,N,MASTER_V1.5,2026-04-10,2026-04-10 11:28:08.713839+02:00
495,Matthew Lynn,38,OH,2015-08-26,128,A,CREDIT_DEPENDENT,2199.53,100.0,1,1.0,966.37,0.0,0.0,13,1487.65,-26.00999999999999,GAMBLING,38.46000000000001,11.0,LOW,0.05,N,Y,N,N,MASTER_V1.5,2026-04-10,2026-04-10 11:28:08.713839+02:00
496,Erin Johnson,46,PA,2013-09-24,151,A,GROWING_DIGITAL,9313.13,50.0,2,1.0,227582.74,0.0,0.0,139,11412.900000000001,-4858.960000000001,RETAIL,40.2868345323741,7.18,LOW,0.05,N,N,N,N,MASTER_V1.5,2026-04-10,2026-04-10 11:28:08.713839+02:00
499,Tanner Sampson,80,IL,2007-01-18,231,A,ENGAGED_MAINSTREAM,12675.61,100.0,2,2.0,58369.7,661.4,23.26,60,3812.15,4962.700000000001,GAS_STATION,50.002,11.18,LOW,0.05,N,N,N,N,MASTER_V1.5,2026-04-10,2026-04-10 11:28:08.713839+02:00
