customer_id,segment_name,segment_id,subsegment_id,lifetime_value_score,engagement_score,digital_adoption_score,product_breadth_index,tenure_group,age_group,balance_tier,channel_preference,cross_sell_flag,upsell_flag,retention_risk_flag,model_version,effective_date,load_ts
1,PREMIUM_WEALTH,0,0,21137.56,100.0,0.0,100.0,LOYAL (7yr+),GEN_X,HIGH_NET_WORTH,,N,N,N,SEG_V3.2,2026-06-29,2026-06-29 19:55:29.601141
3,VALUE_BASIC,3,0,3623.1,100.0,0.0,25.0,LOYAL (7yr+),BOOMER,MODERATE,,Y,Y,N,SEG_V3.2,2026-06-29,2026-06-29 19:55:29.601141
4,PREMIUM_WEALTH,0,0,16328.06,75.0,0.0,100.0,LOYAL (7yr+),SILENT,AFFLUENT,,N,N,N,SEG_V3.2,2026-06-29,2026-06-29 19:55:29.601141
5,CREDIT_DEPENDENT,4,0,1283.37,0.0,0.0,25.0,ESTABLISHED (3-7yr),BOOMER,MODERATE,,N,Y,Y,SEG_V3.2,2026-06-29,2026-06-29 19:55:29.601141
6,ENGAGED_MAINSTREAM,2,0,6451.95,100.0,0.0,100.0,ESTABLISHED (3-7yr),MILLENNIAL,HIGH_NET_WORTH,,N,N,N,SEG_V3.2,2026-06-29,2026-06-29 19:55:29.601141
7,CREDIT_DEPENDENT,4,0,5752.64,50.0,0.0,50.0,LOYAL (7yr+),GEN_Z,AFFLUENT,,N,N,N,SEG_V3.2,2026-06-29,2026-06-29 19:55:29.601141
9,CREDIT_DEPENDENT,4,0,67.52,0.0,0.0,25.0,NEW (<1yr),GEN_X,LOW,,N,N,N,SEG_V3.2,2026-06-29,2026-06-29 19:55:29.601141
10,ENGAGED_MAINSTREAM,2,0,3564.16,100.0,0.0,50.0,ESTABLISHED (3-7yr),MILLENNIAL,AFFLUENT,,N,N,N,SEG_V3.2,2026-06-29,2026-06-29 19:55:29.601141
11,PREMIUM_WEALTH,0,0,14951.18,100.0,0.0,75.0,LOYAL (7yr+),MILLENNIAL,HIGH_NET_WORTH,,N,N,N,SEG_V3.2,2026-06-29,2026-06-29 19:55:29.601141
14,ENGAGED_MAINSTREAM,2,0,1448.05,75.0,0.0,100.0,DEVELOPING (1-3yr),BOOMER,HIGH_NET_WORTH,,N,N,N,SEG_V3.2,2026-06-29,2026-06-29 19:55:29.601141
15,ENGAGED_MAINSTREAM,2,0,5803.08,75.0,0.0,100.0,ESTABLISHED (3-7yr),BOOMER,HIGH_NET_WORTH,,N,N,N,SEG_V3.2,2026-06-29,2026-06-29 19:55:29.601141
16,ENGAGED_MAINSTREAM,2,0,7810.78,100.0,0.0,100.0,ESTABLISHED (3-7yr),GEN_Z,HIGH_NET_WORTH,,N,N,N,SEG_V3.2,2026-06-29,2026-06-29 19:55:29.601141
17,ENGAGED_MAINSTREAM,2,0,4900.87,100.0,0.0,100.0,ESTABLISHED (3-7yr),MILLENNIAL,HIGH_NET_WORTH,,N,N,N,SEG_V3.2,2026-06-29,2026-06-29 19:55:29.601141
18,GROWING_DIGITAL,1,0,7515.56,100.0,0.0,50.0,LOYAL (7yr+),BOOMER,AFFLUENT,,N,N,N,SEG_V3.2,2026-06-29,2026-06-29 19:55:29.601141
19,VALUE_BASIC,3,0,2942.31,100.0,0.0,25.0,LOYAL (7yr+),MILLENNIAL,AFFLUENT,,Y,N,N,SEG_V3.2,2026-06-29,2026-06-29 19:55:29.601141
20,GROWING_DIGITAL,1,0,5281.67,100.0,0.0,50.0,LOYAL (7yr+),GEN_Z,AFFLUENT,,N,N,N,SEG_V3.2,2026-06-29,2026-06-29 19:55:29.601141
21,GROWING_DIGITAL,1,0,3744.48,100.0,0.0,25.0,LOYAL (7yr+),GEN_X,AFFLUENT,,Y,N,N,SEG_V3.2,2026-06-29,2026-06-29 19:55:29.601141
22,PREMIUM_WEALTH,0,0,15279.82,100.0,0.0,100.0,LOYAL (7yr+),BOOMER,AFFLUENT,,N,N,N,SEG_V3.2,2026-06-29,2026-06-29 19:55:29.601141
23,PREMIUM_WEALTH,0,0,15112.5,100.0,0.0,75.0,LOYAL (7yr+),SILENT,HIGH_NET_WORTH,,N,N,N,SEG_V3.2,2026-06-29,2026-06-29 19:55:29.601141
24,GROWING_DIGITAL,1,0,5634.54,100.0,0.0,50.0,LOYAL (7yr+),MILLENNIAL,AFFLUENT,,N,N,N,SEG_V3.2,2026-06-29,2026-06-29 19:55:29.601141
25,VALUE_BASIC,3,0,1753.52,100.0,0.0,25.0,LOYAL (7yr+),GEN_Z,MODERATE,,Y,Y,N,SEG_V3.2,2026-06-29,2026-06-29 19:55:29.601141
26,GROWING_DIGITAL,1,0,1388.03,100.0,0.0,25.0,ESTABLISHED (3-7yr),SILENT,AFFLUENT,,Y,N,N,SEG_V3.2,2026-06-29,2026-06-29 19:55:29.601141
27,CREDIT_DEPENDENT,4,0,5241.33,66.67,0.0,75.0,ESTABLISHED (3-7yr),BOOMER,AFFLUENT,,N,N,N,SEG_V3.2,2026-06-29,2026-06-29 19:55:29.601141
28,ENGAGED_MAINSTREAM,2,0,734.32,100.0,0.0,75.0,NEW (<1yr),GEN_X,AFFLUENT,,N,N,N,SEG_V3.2,2026-06-29,2026-06-29 19:55:29.601141
29,PREMIUM_WEALTH,0,0,17441.62,50.0,0.0,100.0,LOYAL (7yr+),GEN_X,HIGH_NET_WORTH,,N,N,N,SEG_V3.2,2026-06-29,2026-06-29 19:55:29.601141
30,ENGAGED_MAINSTREAM,2,0,3516.21,100.0,0.0,50.0,ESTABLISHED (3-7yr),BOOMER,AFFLUENT,,N,N,N,SEG_V3.2,2026-06-29,2026-06-29 19:55:29.601141
31,CREDIT_DEPENDENT,4,0,6848.47,66.67,0.0,75.0,ESTABLISHED (3-7yr),MILLENNIAL,AFFLUENT,,N,N,N,SEG_V3.2,2026-06-29,2026-06-29 19:55:29.601141
32,PREMIUM_WEALTH,0,0,10670.88,100.0,0.0,75.0,LOYAL (7yr+),SILENT,HIGH_NET_WORTH,,N,N,N,SEG_V3.2,2026-06-29,2026-06-29 19:55:29.601141
33,ENGAGED_MAINSTREAM,2,0,2728.01,100.0,0.0,75.0,DEVELOPING (1-3yr),MILLENNIAL,HIGH_NET_WORTH,,N,N,N,SEG_V3.2,2026-06-29,2026-06-29 19:55:29.601141
36,ENGAGED_MAINSTREAM,2,0,4438.9,100.0,0.0,50.0,ESTABLISHED (3-7yr),GEN_X,AFFLUENT,,N,N,N,SEG_V3.2,2026-06-29,2026-06-29 19:55:29.601141
37,GROWING_DIGITAL,1,0,8020.49,100.0,0.0,50.0,LOYAL (7yr+),BOOMER,AFFLUENT,,N,N,N,SEG_V3.2,2026-06-29,2026-06-29 19:55:29.601141
38,PREMIUM_WEALTH,0,0,6684.69,100.0,0.0,50.0,LOYAL (7yr+),BOOMER,AFFLUENT,,N,N,N,SEG_V3.2,2026-06-29,2026-06-29 19:55:29.601141
39,ENGAGED_MAINSTREAM,2,0,7495.1,100.0,0.0,75.0,LOYAL (7yr+),GEN_X,AFFLUENT,,N,N,N,SEG_V3.2,2026-06-29,2026-06-29 19:55:29.601141
40,ENGAGED_MAINSTREAM,2,0,6382.59,100.0,0.0,75.0,ESTABLISHED (3-7yr),BOOMER,AFFLUENT,,N,N,N,SEG_V3.2,2026-06-29,2026-06-29 19:55:29.601141
41,ENGAGED_MAINSTREAM,2,0,5751.94,100.0,0.0,75.0,ESTABLISHED (3-7yr),SILENT,AFFLUENT,,N,N,N,SEG_V3.2,2026-06-29,2026-06-29 19:55:29.601141
42,VALUE_BASIC,3,0,3838.57,100.0,0.0,25.0,LOYAL (7yr+),MILLENNIAL,MODERATE,,Y,Y,N,SEG_V3.2,2026-06-29,2026-06-29 19:55:29.601141
43,GROWING_DIGITAL,1,0,7574.21,100.0,0.0,50.0,LOYAL (7yr+),BOOMER,AFFLUENT,,N,N,N,SEG_V3.2,2026-06-29,2026-06-29 19:55:29.601141
45,CREDIT_DEPENDENT,4,0,5610.62,50.0,0.0,50.0,LOYAL (7yr+),SILENT,AFFLUENT,,N,N,N,SEG_V3.2,2026-06-29,2026-06-29 19:55:29.601141
46,GROWING_DIGITAL,1,0,1601.73,100.0,0.0,25.0,ESTABLISHED (3-7yr),MILLENNIAL,AFFLUENT,,Y,N,N,SEG_V3.2,2026-06-29,2026-06-29 19:55:29.601141
47,GROWING_DIGITAL,1,0,3096.53,100.0,0.0,25.0,LOYAL (7yr+),BOOMER,AFFLUENT,,Y,N,N,SEG_V3.2,2026-06-29,2026-06-29 19:55:29.601141
48,GROWING_DIGITAL,1,0,2665.15,100.0,0.0,25.0,LOYAL (7yr+),BOOMER,AFFLUENT,,Y,N,N,SEG_V3.2,2026-06-29,2026-06-29 19:55:29.601141
49,ENGAGED_MAINSTREAM,2,0,1213.7,100.0,0.0,75.0,DEVELOPING (1-3yr),BOOMER,HIGH_NET_WORTH,,N,N,N,SEG_V3.2,2026-06-29,2026-06-29 19:55:29.601141
50,PREMIUM_WEALTH,0,0,18507.91,100.0,0.0,100.0,LOYAL (7yr+),GEN_X,AFFLUENT,,N,N,N,SEG_V3.2,2026-06-29,2026-06-29 19:55:29.601141
52,VALUE_BASIC,3,0,3117.26,100.0,0.0,25.0,LOYAL (7yr+),GEN_X,MODERATE,,Y,Y,N,SEG_V3.2,2026-06-29,2026-06-29 19:55:29.601141
55,GROWING_DIGITAL,1,0,2909.03,100.0,0.0,50.0,ESTABLISHED (3-7yr),GEN_X,AFFLUENT,,N,N,N,SEG_V3.2,2026-06-29,2026-06-29 19:55:29.601141
57,PREMIUM_WEALTH,0,0,9041.31,100.0,0.0,100.0,ESTABLISHED (3-7yr),SILENT,HIGH_NET_WORTH,,N,N,N,SEG_V3.2,2026-06-29,2026-06-29 19:55:29.601141
58,ENGAGED_MAINSTREAM,2,0,916.24,100.0,0.0,100.0,NEW (<1yr),BOOMER,AFFLUENT,,N,N,N,SEG_V3.2,2026-06-29,2026-06-29 19:55:29.601141
59,GROWING_DIGITAL,1,0,1662.02,100.0,0.0,25.0,ESTABLISHED (3-7yr),GEN_X,AFFLUENT,,Y,N,N,SEG_V3.2,2026-06-29,2026-06-29 19:55:29.601141
60,PREMIUM_WEALTH,0,0,15560.7,100.0,0.0,100.0,LOYAL (7yr+),MILLENNIAL,HIGH_NET_WORTH,,N,N,N,SEG_V3.2,2026-06-29,2026-06-29 19:55:29.601141
61,GROWING_DIGITAL,1,0,1968.51,100.0,0.0,25.0,ESTABLISHED (3-7yr),BOOMER,AFFLUENT,,Y,N,N,SEG_V3.2,2026-06-29,2026-06-29 19:55:29.601141
62,GROWING_DIGITAL,1,0,2945.47,100.0,0.0,50.0,ESTABLISHED (3-7yr),BOOMER,HIGH_NET_WORTH,,N,N,N,SEG_V3.2,2026-06-29,2026-06-29 19:55:29.601141
64,GROWING_DIGITAL,1,0,2650.32,100.0,0.0,25.0,LOYAL (7yr+),SILENT,AFFLUENT,,Y,N,N,SEG_V3.2,2026-06-29,2026-06-29 19:55:29.601141
65,VALUE_BASIC,3,0,3304.6,100.0,0.0,25.0,LOYAL (7yr+),SILENT,AFFLUENT,,Y,N,N,SEG_V3.2,2026-06-29,2026-06-29 19:55:29.601141
66,ENGAGED_MAINSTREAM,2,0,2575.28,100.0,0.0,100.0,DEVELOPING (1-3yr),MILLENNIAL,HIGH_NET_WORTH,,N,N,N,SEG_V3.2,2026-06-29,2026-06-29 19:55:29.601141
67,ENGAGED_MAINSTREAM,2,0,2831.43,100.0,0.0,50.0,ESTABLISHED (3-7yr),MILLENNIAL,AFFLUENT,,N,N,N,SEG_V3.2,2026-06-29,2026-06-29 19:55:29.601141
68,GROWING_DIGITAL,1,0,10243.73,100.0,0.0,50.0,LOYAL (7yr+),GEN_X,AFFLUENT,,N,N,N,SEG_V3.2,2026-06-29,2026-06-29 19:55:29.601141
69,GROWING_DIGITAL,1,0,645.47,100.0,0.0,50.0,NEW (<1yr),GEN_X,HIGH_NET_WORTH,,N,N,N,SEG_V3.2,2026-06-29,2026-06-29 19:55:29.601141
71,CREDIT_DEPENDENT,4,0,7982.88,50.0,0.0,50.0,LOYAL (7yr+),MILLENNIAL,AFFLUENT,,N,N,N,SEG_V3.2,2026-06-29,2026-06-29 19:55:29.601141
72,ENGAGED_MAINSTREAM,2,0,1518.53,66.67,0.0,75.0,DEVELOPING (1-3yr),GEN_X,AFFLUENT,,N,N,N,SEG_V3.2,2026-06-29,2026-06-29 19:55:29.601141
73,GROWING_DIGITAL,1,0,7321.51,100.0,0.0,50.0,LOYAL (7yr+),BOOMER,AFFLUENT,,N,N,N,SEG_V3.2,2026-06-29,2026-06-29 19:55:29.601141
74,CREDIT_DEPENDENT,4,0,11804.8,66.67,0.0,75.0,LOYAL (7yr+),GEN_X,HIGH_NET_WORTH,,N,N,N,SEG_V3.2,2026-06-29,2026-06-29 19:55:29.601141
75,PREMIUM_WEALTH,0,0,20560.58,100.0,0.0,100.0,LOYAL (7yr+),GEN_X,HIGH_NET_WORTH,,N,N,N,SEG_V3.2,2026-06-29,2026-06-29 19:55:29.601141
76,ENGAGED_MAINSTREAM,2,0,9858.6,100.0,0.0,100.0,ESTABLISHED (3-7yr),GEN_Z,HIGH_NET_WORTH,,N,N,N,SEG_V3.2,2026-06-29,2026-06-29 19:55:29.601141
77,PREMIUM_WEALTH,0,0,16486.85,100.0,0.0,100.0,LOYAL (7yr+),BOOMER,AFFLUENT,,N,N,N,SEG_V3.2,2026-06-29,2026-06-29 19:55:29.601141
78,ENGAGED_MAINSTREAM,2,0,2330.44,100.0,0.0,75.0,DEVELOPING (1-3yr),MILLENNIAL,HIGH_NET_WORTH,,N,N,N,SEG_V3.2,2026-06-29,2026-06-29 19:55:29.601141
79,GROWING_DIGITAL,1,0,4176.9,100.0,0.0,25.0,LOYAL (7yr+),BOOMER,AFFLUENT,,Y,N,N,SEG_V3.2,2026-06-29,2026-06-29 19:55:29.601141
80,GROWING_DIGITAL,1,0,1886.2,100.0,0.0,25.0,ESTABLISHED (3-7yr),BOOMER,AFFLUENT,,Y,N,N,SEG_V3.2,2026-06-29,2026-06-29 19:55:29.601141
82,ENGAGED_MAINSTREAM,2,0,4206.35,100.0,0.0,75.0,ESTABLISHED (3-7yr),SILENT,HIGH_NET_WORTH,,N,N,N,SEG_V3.2,2026-06-29,2026-06-29 19:55:29.601141
83,ENGAGED_MAINSTREAM,2,0,2160.47,100.0,0.0,75.0,DEVELOPING (1-3yr),MILLENNIAL,HIGH_NET_WORTH,,N,N,N,SEG_V3.2,2026-06-29,2026-06-29 19:55:29.601141
84,PREMIUM_WEALTH,0,0,18656.32,75.0,0.0,100.0,LOYAL (7yr+),MILLENNIAL,HIGH_NET_WORTH,,N,N,N,SEG_V3.2,2026-06-29,2026-06-29 19:55:29.601141
85,CREDIT_DEPENDENT,4,0,2833.91,66.67,0.0,75.0,DEVELOPING (1-3yr),BOOMER,AFFLUENT,,N,N,N,SEG_V3.2,2026-06-29,2026-06-29 19:55:29.601141
86,GROWING_DIGITAL,1,0,3627.83,100.0,0.0,25.0,LOYAL (7yr+),MILLENNIAL,AFFLUENT,,Y,N,N,SEG_V3.2,2026-06-29,2026-06-29 19:55:29.601141
87,ENGAGED_MAINSTREAM,2,0,2912.34,75.0,0.0,100.0,DEVELOPING (1-3yr),BOOMER,HIGH_NET_WORTH,,N,N,N,SEG_V3.2,2026-06-29,2026-06-29 19:55:29.601141
88,GROWING_DIGITAL,1,0,5359.62,100.0,0.0,50.0,LOYAL (7yr+),GEN_X,AFFLUENT,,N,N,N,SEG_V3.2,2026-06-29,2026-06-29 19:55:29.601141
90,PREMIUM_WEALTH,0,0,11386.41,100.0,0.0,75.0,LOYAL (7yr+),GEN_Z,AFFLUENT,,N,N,N,SEG_V3.2,2026-06-29,2026-06-29 19:55:29.601141
91,PREMIUM_WEALTH,0,0,10952.27,100.0,0.0,75.0,LOYAL (7yr+),MILLENNIAL,HIGH_NET_WORTH,,N,N,N,SEG_V3.2,2026-06-29,2026-06-29 19:55:29.601141
92,ENGAGED_MAINSTREAM,2,0,4071.25,100.0,0.0,50.0,ESTABLISHED (3-7yr),BOOMER,AFFLUENT,,N,N,N,SEG_V3.2,2026-06-29,2026-06-29 19:55:29.601141
93,ENGAGED_MAINSTREAM,2,0,1643.23,100.0,0.0,100.0,DEVELOPING (1-3yr),SILENT,HIGH_NET_WORTH,,N,N,N,SEG_V3.2,2026-06-29,2026-06-29 19:55:29.601141
94,GROWING_DIGITAL,1,0,1653.78,100.0,0.0,25.0,ESTABLISHED (3-7yr),MILLENNIAL,AFFLUENT,,Y,N,N,SEG_V3.2,2026-06-29,2026-06-29 19:55:29.601141
95,PREMIUM_WEALTH,0,0,6833.35,100.0,0.0,50.0,LOYAL (7yr+),MILLENNIAL,AFFLUENT,,N,N,N,SEG_V3.2,2026-06-29,2026-06-29 19:55:29.601141
96,VALUE_BASIC,3,0,2471.23,100.0,0.0,25.0,LOYAL (7yr+),MILLENNIAL,MODERATE,,Y,Y,N,SEG_V3.2,2026-06-29,2026-06-29 19:55:29.601141
97,GROWING_DIGITAL,1,0,7162.29,100.0,0.0,50.0,LOYAL (7yr+),BOOMER,AFFLUENT,,N,N,N,SEG_V3.2,2026-06-29,2026-06-29 19:55:29.601141
98,CREDIT_DEPENDENT,4,0,6435.1,50.0,0.0,100.0,ESTABLISHED (3-7yr),GEN_Z,AFFLUENT,,N,N,N,SEG_V3.2,2026-06-29,2026-06-29 19:55:29.601141
99,VALUE_BASIC,3,0,1515.03,100.0,0.0,25.0,ESTABLISHED (3-7yr),BOOMER,MODERATE,,Y,Y,N,SEG_V3.2,2026-06-29,2026-06-29 19:55:29.601141
100,ENGAGED_MAINSTREAM,2,0,6732.02,100.0,0.0,75.0,ESTABLISHED (3-7yr),GEN_X,HIGH_NET_WORTH,,N,N,N,SEG_V3.2,2026-06-29,2026-06-29 19:55:29.601141
101,PREMIUM_WEALTH,0,0,7908.99,100.0,0.0,50.0,LOYAL (7yr+),GEN_X,AFFLUENT,,N,N,N,SEG_V3.2,2026-06-29,2026-06-29 19:55:29.601141
102,PREMIUM_WEALTH,0,0,15923.03,100.0,0.0,100.0,LOYAL (7yr+),MILLENNIAL,AFFLUENT,,N,N,N,SEG_V3.2,2026-06-29,2026-06-29 19:55:29.601141
103,PREMIUM_WEALTH,0,0,10437.9,100.0,0.0,75.0,LOYAL (7yr+),GEN_X,HIGH_NET_WORTH,,N,N,N,SEG_V3.2,2026-06-29,2026-06-29 19:55:29.601141
104,GROWING_DIGITAL,1,0,3514.97,100.0,0.0,25.0,LOYAL (7yr+),MILLENNIAL,AFFLUENT,,Y,N,N,SEG_V3.2,2026-06-29,2026-06-29 19:55:29.601141
106,GROWING_DIGITAL,1,0,3627.03,100.0,0.0,50.0,ESTABLISHED (3-7yr),BOOMER,AFFLUENT,,N,N,N,SEG_V3.2,2026-06-29,2026-06-29 19:55:29.601141
107,VALUE_BASIC,3,0,3097.79,100.0,0.0,25.0,LOYAL (7yr+),GEN_X,MODERATE,,Y,Y,N,SEG_V3.2,2026-06-29,2026-06-29 19:55:29.601141
108,ENGAGED_MAINSTREAM,2,0,4790.15,100.0,0.0,100.0,ESTABLISHED (3-7yr),MILLENNIAL,AFFLUENT,,N,N,N,SEG_V3.2,2026-06-29,2026-06-29 19:55:29.601141
109,ENGAGED_MAINSTREAM,2,0,933.76,100.0,0.0,100.0,NEW (<1yr),BOOMER,HIGH_NET_WORTH,,N,N,N,SEG_V3.2,2026-06-29,2026-06-29 19:55:29.601141
110,GROWING_DIGITAL,1,0,1479.22,100.0,0.0,50.0,DEVELOPING (1-3yr),BOOMER,AFFLUENT,,N,N,N,SEG_V3.2,2026-06-29,2026-06-29 19:55:29.601141
111,ENGAGED_MAINSTREAM,2,0,165.68,100.0,0.0,50.0,NEW (<1yr),MILLENNIAL,AFFLUENT,,N,N,N,SEG_V3.2,2026-06-29,2026-06-29 19:55:29.601141
112,GROWING_DIGITAL,1,0,3985.82,100.0,0.0,50.0,ESTABLISHED (3-7yr),MILLENNIAL,AFFLUENT,,N,N,N,SEG_V3.2,2026-06-29,2026-06-29 19:55:29.601141
114,CREDIT_DEPENDENT,4,0,7438.3,50.0,0.0,50.0,LOYAL (7yr+),GEN_X,AFFLUENT,,N,N,N,SEG_V3.2,2026-06-29,2026-06-29 19:55:29.601141
115,GROWING_DIGITAL,1,0,4720.42,100.0,0.0,50.0,LOYAL (7yr+),MILLENNIAL,AFFLUENT,,N,N,N,SEG_V3.2,2026-06-29,2026-06-29 19:55:29.601141
117,GROWING_DIGITAL,1,0,3695.27,100.0,0.0,25.0,LOYAL (7yr+),GEN_X,AFFLUENT,,Y,N,N,SEG_V3.2,2026-06-29,2026-06-29 19:55:29.601141
118,PREMIUM_WEALTH,0,0,20001.68,50.0,0.0,100.0,LOYAL (7yr+),MILLENNIAL,HIGH_NET_WORTH,,N,N,N,SEG_V3.2,2026-06-29,2026-06-29 19:55:29.601141
120,GROWING_DIGITAL,1,0,4837.17,100.0,0.0,75.0,ESTABLISHED (3-7yr),GEN_X,HIGH_NET_WORTH,,N,N,N,SEG_V3.2,2026-06-29,2026-06-29 19:55:29.601141
121,CREDIT_DEPENDENT,4,0,7991.71,50.0,0.0,50.0,LOYAL (7yr+),BOOMER,MODERATE,,N,Y,N,SEG_V3.2,2026-06-29,2026-06-29 19:55:29.601141
123,GROWING_DIGITAL,1,0,3928.89,100.0,0.0,50.0,ESTABLISHED (3-7yr),GEN_X,AFFLUENT,,N,N,N,SEG_V3.2,2026-06-29,2026-06-29 19:55:29.601141
124,CREDIT_DEPENDENT,4,0,9257.11,50.0,0.0,50.0,LOYAL (7yr+),GEN_X,AFFLUENT,,N,N,N,SEG_V3.2,2026-06-29,2026-06-29 19:55:29.601141
125,PREMIUM_WEALTH,0,0,18010.64,100.0,0.0,100.0,LOYAL (7yr+),BOOMER,HIGH_NET_WORTH,,N,N,N,SEG_V3.2,2026-06-29,2026-06-29 19:55:29.601141
126,GROWING_DIGITAL,1,0,10199.71,100.0,0.0,50.0,LOYAL (7yr+),GEN_X,HIGH_NET_WORTH,,N,N,N,SEG_V3.2,2026-06-29,2026-06-29 19:55:29.601141
127,ENGAGED_MAINSTREAM,2,0,3484.93,100.0,0.0,50.0,ESTABLISHED (3-7yr),SILENT,AFFLUENT,,N,N,N,SEG_V3.2,2026-06-29,2026-06-29 19:55:29.601141
129,PREMIUM_WEALTH,0,0,12738.07,100.0,0.0,100.0,LOYAL (7yr+),MILLENNIAL,AFFLUENT,,N,N,N,SEG_V3.2,2026-06-29,2026-06-29 19:55:29.601141
130,PREMIUM_WEALTH,0,0,19360.69,100.0,0.0,100.0,LOYAL (7yr+),BOOMER,HIGH_NET_WORTH,,N,N,N,SEG_V3.2,2026-06-29,2026-06-29 19:55:29.601141
131,CREDIT_DEPENDENT,4,0,10395.49,66.67,0.0,75.0,LOYAL (7yr+),GEN_Z,HIGH_NET_WORTH,,N,N,N,SEG_V3.2,2026-06-29,2026-06-29 19:55:29.601141
132,VALUE_BASIC,3,0,1086.83,100.0,0.0,25.0,ESTABLISHED (3-7yr),GEN_X,AFFLUENT,,Y,N,N,SEG_V3.2,2026-06-29,2026-06-29 19:55:29.601141
133,PREMIUM_WEALTH,0,0,13284.69,100.0,0.0,75.0,LOYAL (7yr+),SILENT,HIGH_NET_WORTH,,N,N,N,SEG_V3.2,2026-06-29,2026-06-29 19:55:29.601141
134,VALUE_BASIC,3,0,2845.16,100.0,0.0,25.0,LOYAL (7yr+),GEN_X,MODERATE,,Y,Y,N,SEG_V3.2,2026-06-29,2026-06-29 19:55:29.601141
136,ENGAGED_MAINSTREAM,2,0,832.81,75.0,0.0,100.0,NEW (<1yr),MILLENNIAL,HIGH_NET_WORTH,,N,N,N,SEG_V3.2,2026-06-29,2026-06-29 19:55:29.601141
137,ENGAGED_MAINSTREAM,2,0,4745.43,100.0,0.0,75.0,ESTABLISHED (3-7yr),BOOMER,AFFLUENT,,N,N,N,SEG_V3.2,2026-06-29,2026-06-29 19:55:29.601141
138,GROWING_DIGITAL,1,0,8857.31,100.0,0.0,50.0,LOYAL (7yr+),MILLENNIAL,AFFLUENT,,N,N,N,SEG_V3.2,2026-06-29,2026-06-29 19:55:29.601141
139,VALUE_BASIC,3,0,750.82,100.0,0.0,25.0,ESTABLISHED (3-7yr),SILENT,MODERATE,,Y,Y,N,SEG_V3.2,2026-06-29,2026-06-29 19:55:29.601141
142,ENGAGED_MAINSTREAM,2,0,2686.15,100.0,0.0,75.0,DEVELOPING (1-3yr),MILLENNIAL,AFFLUENT,,N,N,N,SEG_V3.2,2026-06-29,2026-06-29 19:55:29.601141
143,VALUE_BASIC,3,0,598.53,100.0,0.0,25.0,DEVELOPING (1-3yr),GEN_X,MODERATE,,Y,Y,N,SEG_V3.2,2026-06-29,2026-06-29 19:55:29.601141
144,GROWING_DIGITAL,1,0,164.64,100.0,0.0,25.0,NEW (<1yr),MILLENNIAL,AFFLUENT,,Y,N,N,SEG_V3.2,2026-06-29,2026-06-29 19:55:29.601141
145,GROWING_DIGITAL,1,0,2582.92,100.0,0.0,25.0,LOYAL (7yr+),GEN_X,AFFLUENT,,Y,N,N,SEG_V3.2,2026-06-29,2026-06-29 19:55:29.601141
146,CREDIT_DEPENDENT,4,0,1524.92,50.0,0.0,50.0,DEVELOPING (1-3yr),BOOMER,AFFLUENT,,N,N,N,SEG_V3.2,2026-06-29,2026-06-29 19:55:29.601141
147,PREMIUM_WEALTH,0,0,15329.31,100.0,0.0,100.0,LOYAL (7yr+),MILLENNIAL,AFFLUENT,,N,N,N,SEG_V3.2,2026-06-29,2026-06-29 19:55:29.601141
148,GROWING_DIGITAL,1,0,4909.81,100.0,0.0,25.0,LOYAL (7yr+),BOOMER,AFFLUENT,,Y,N,N,SEG_V3.2,2026-06-29,2026-06-29 19:55:29.601141
149,ENGAGED_MAINSTREAM,2,0,4273.32,100.0,0.0,100.0,ESTABLISHED (3-7yr),BOOMER,HIGH_NET_WORTH,,N,N,N,SEG_V3.2,2026-06-29,2026-06-29 19:55:29.601141
150,PREMIUM_WEALTH,0,0,10767.57,100.0,0.0,75.0,LOYAL (7yr+),MILLENNIAL,AFFLUENT,,N,N,N,SEG_V3.2,2026-06-29,2026-06-29 19:55:29.601141
152,GROWING_DIGITAL,1,0,1721.72,100.0,0.0,25.0,ESTABLISHED (3-7yr),MILLENNIAL,AFFLUENT,,Y,N,N,SEG_V3.2,2026-06-29,2026-06-29 19:55:29.601141
153,PREMIUM_WEALTH,0,0,14726.79,100.0,0.0,100.0,LOYAL (7yr+),SILENT,AFFLUENT,,N,N,N,SEG_V3.2,2026-06-29,2026-06-29 19:55:29.601141
154,GROWING_DIGITAL,1,0,5468.93,100.0,0.0,50.0,LOYAL (7yr+),GEN_X,HIGH_NET_WORTH,,N,N,N,SEG_V3.2,2026-06-29,2026-06-29 19:55:29.601141
156,PREMIUM_WEALTH,0,0,13849.81,100.0,0.0,75.0,LOYAL (7yr+),BOOMER,HIGH_NET_WORTH,,N,N,N,SEG_V3.2,2026-06-29,2026-06-29 19:55:29.601141
157,VALUE_BASIC,3,0,892.19,100.0,0.0,25.0,ESTABLISHED (3-7yr),GEN_X,MODERATE,,Y,Y,N,SEG_V3.2,2026-06-29,2026-06-29 19:55:29.601141
158,ENGAGED_MAINSTREAM,2,0,5784.67,100.0,0.0,100.0,ESTABLISHED (3-7yr),GEN_X,HIGH_NET_WORTH,,N,N,N,SEG_V3.2,2026-06-29,2026-06-29 19:55:29.601141
159,VALUE_BASIC,3,0,3677.97,100.0,0.0,25.0,LOYAL (7yr+),BOOMER,MODERATE,,Y,Y,N,SEG_V3.2,2026-06-29,2026-06-29 19:55:29.601141
160,PREMIUM_WEALTH,0,0,10051.41,100.0,0.0,50.0,LOYAL (7yr+),BOOMER,AFFLUENT,,N,N,N,SEG_V3.2,2026-06-29,2026-06-29 19:55:29.601141
161,ENGAGED_MAINSTREAM,2,0,7033.61,100.0,0.0,75.0,ESTABLISHED (3-7yr),GEN_Z,HIGH_NET_WORTH,,N,N,N,SEG_V3.2,2026-06-29,2026-06-29 19:55:29.601141
162,GROWING_DIGITAL,1,0,2479.12,100.0,0.0,25.0,LOYAL (7yr+),MILLENNIAL,AFFLUENT,,Y,N,N,SEG_V3.2,2026-06-29,2026-06-29 19:55:29.601141
163,GROWING_DIGITAL,1,0,5328.58,100.0,0.0,50.0,LOYAL (7yr+),GEN_X,AFFLUENT,,N,N,N,SEG_V3.2,2026-06-29,2026-06-29 19:55:29.601141
164,VALUE_BASIC,3,0,1208.19,100.0,0.0,25.0,LOYAL (7yr+),GEN_Z,LOW,,Y,N,N,SEG_V3.2,2026-06-29,2026-06-29 19:55:29.601141
165,VALUE_BASIC,3,0,1502.62,100.0,0.0,25.0,ESTABLISHED (3-7yr),SILENT,MODERATE,,Y,Y,N,SEG_V3.2,2026-06-29,2026-06-29 19:55:29.601141
167,VALUE_BASIC,3,0,1146.2,100.0,0.0,25.0,ESTABLISHED (3-7yr),MILLENNIAL,LOW,,Y,N,N,SEG_V3.2,2026-06-29,2026-06-29 19:55:29.601141
168,CREDIT_DEPENDENT,4,0,9019.17,66.67,0.0,75.0,LOYAL (7yr+),GEN_X,HIGH_NET_WORTH,,N,N,N,SEG_V3.2,2026-06-29,2026-06-29 19:55:29.601141
169,GROWING_DIGITAL,1,0,6156.09,100.0,0.0,50.0,LOYAL (7yr+),GEN_Z,AFFLUENT,,N,N,N,SEG_V3.2,2026-06-29,2026-06-29 19:55:29.601141
170,ENGAGED_MAINSTREAM,2,0,839.91,100.0,0.0,75.0,NEW (<1yr),MILLENNIAL,AFFLUENT,,N,N,N,SEG_V3.2,2026-06-29,2026-06-29 19:55:29.601141
171,PREMIUM_WEALTH,0,0,16828.77,100.0,0.0,100.0,LOYAL (7yr+),GEN_X,AFFLUENT,,N,N,N,SEG_V3.2,2026-06-29,2026-06-29 19:55:29.601141
172,GROWING_DIGITAL,1,0,8069.44,100.0,0.0,75.0,LOYAL (7yr+),SILENT,AFFLUENT,,N,N,N,SEG_V3.2,2026-06-29,2026-06-29 19:55:29.601141
173,CREDIT_DEPENDENT,4,0,1442.05,0.0,0.0,25.0,ESTABLISHED (3-7yr),BOOMER,AFFLUENT,,N,N,N,SEG_V3.2,2026-06-29,2026-06-29 19:55:29.601141
174,GROWING_DIGITAL,1,0,818.78,100.0,0.0,50.0,DEVELOPING (1-3yr),MILLENNIAL,HIGH_NET_WORTH,,N,N,N,SEG_V3.2,2026-06-29,2026-06-29 19:55:29.601141
175,GROWING_DIGITAL,1,0,538.89,100.0,0.0,50.0,DEVELOPING (1-3yr),GEN_X,MODERATE,,N,Y,N,SEG_V3.2,2026-06-29,2026-06-29 19:55:29.601141
176,CREDIT_DEPENDENT,4,0,876.19,50.0,0.0,50.0,DEVELOPING (1-3yr),GEN_X,AFFLUENT,,N,N,N,SEG_V3.2,2026-06-29,2026-06-29 19:55:29.601141
177,PREMIUM_WEALTH,0,0,15091.84,100.0,0.0,100.0,LOYAL (7yr+),BOOMER,HIGH_NET_WORTH,,N,N,N,SEG_V3.2,2026-06-29,2026-06-29 19:55:29.601141
178,PREMIUM_WEALTH,0,0,17679.26,100.0,0.0,100.0,LOYAL (7yr+),BOOMER,AFFLUENT,,N,N,N,SEG_V3.2,2026-06-29,2026-06-29 19:55:29.601141
180,PREMIUM_WEALTH,0,0,8602.49,66.67,0.0,75.0,LOYAL (7yr+),SILENT,AFFLUENT,,N,N,N,SEG_V3.2,2026-06-29,2026-06-29 19:55:29.601141
181,ENGAGED_MAINSTREAM,2,0,803.56,100.0,0.0,100.0,NEW (<1yr),SILENT,AFFLUENT,,N,N,N,SEG_V3.2,2026-06-29,2026-06-29 19:55:29.601141
182,ENGAGED_MAINSTREAM,2,0,114.47,100.0,0.0,100.0,NEW (<1yr),GEN_Z,AFFLUENT,,N,N,N,SEG_V3.2,2026-06-29,2026-06-29 19:55:29.601141
185,VALUE_BASIC,3,0,3372.57,100.0,0.0,25.0,LOYAL (7yr+),GEN_X,MODERATE,,Y,Y,N,SEG_V3.2,2026-06-29,2026-06-29 19:55:29.601141
186,ENGAGED_MAINSTREAM,2,0,1318.12,100.0,0.0,50.0,DEVELOPING (1-3yr),MILLENNIAL,AFFLUENT,,N,N,N,SEG_V3.2,2026-06-29,2026-06-29 19:55:29.601141
187,GROWING_DIGITAL,1,0,272.78,100.0,0.0,25.0,NEW (<1yr),BOOMER,AFFLUENT,,Y,N,N,SEG_V3.2,2026-06-29,2026-06-29 19:55:29.601141
188,GROWING_DIGITAL,1,0,3042.5,100.0,0.0,25.0,LOYAL (7yr+),GEN_X,AFFLUENT,,Y,N,N,SEG_V3.2,2026-06-29,2026-06-29 19:55:29.601141
189,CREDIT_DEPENDENT,4,0,7403.47,66.67,0.0,75.0,LOYAL (7yr+),BOOMER,AFFLUENT,,N,N,N,SEG_V3.2,2026-06-29,2026-06-29 19:55:29.601141
190,GROWING_DIGITAL,1,0,9008.22,100.0,0.0,75.0,LOYAL (7yr+),GEN_X,AFFLUENT,,N,N,N,SEG_V3.2,2026-06-29,2026-06-29 19:55:29.601141
191,ENGAGED_MAINSTREAM,2,0,3799.01,100.0,0.0,50.0,ESTABLISHED (3-7yr),MILLENNIAL,AFFLUENT,,N,N,N,SEG_V3.2,2026-06-29,2026-06-29 19:55:29.601141
194,GROWING_DIGITAL,1,0,4351.93,100.0,0.0,50.0,ESTABLISHED (3-7yr),BOOMER,AFFLUENT,,N,N,N,SEG_V3.2,2026-06-29,2026-06-29 19:55:29.601141
195,ENGAGED_MAINSTREAM,2,0,1394.74,100.0,0.0,75.0,DEVELOPING (1-3yr),GEN_Z,HIGH_NET_WORTH,,N,N,N,SEG_V3.2,2026-06-29,2026-06-29 19:55:29.601141
196,ENGAGED_MAINSTREAM,2,0,10770.64,100.0,0.0,100.0,LOYAL (7yr+),MILLENNIAL,HIGH_NET_WORTH,,N,N,N,SEG_V3.2,2026-06-29,2026-06-29 19:55:29.601141
197,ENGAGED_MAINSTREAM,2,0,3450.48,100.0,0.0,100.0,DEVELOPING (1-3yr),BOOMER,AFFLUENT,,N,N,N,SEG_V3.2,2026-06-29,2026-06-29 19:55:29.601141
200,GROWING_DIGITAL,1,0,694.18,100.0,0.0,50.0,DEVELOPING (1-3yr),BOOMER,HIGH_NET_WORTH,,N,N,N,SEG_V3.2,2026-06-29,2026-06-29 19:55:29.601141
201,PREMIUM_WEALTH,0,0,14617.66,100.0,0.0,100.0,LOYAL (7yr+),BOOMER,HIGH_NET_WORTH,,N,N,N,SEG_V3.2,2026-06-29,2026-06-29 19:55:29.601141
202,GROWING_DIGITAL,1,0,8989.07,100.0,0.0,50.0,LOYAL (7yr+),GEN_X,HIGH_NET_WORTH,,N,N,N,SEG_V3.2,2026-06-29,2026-06-29 19:55:29.601141
203,GROWING_DIGITAL,1,0,2229.18,100.0,0.0,25.0,ESTABLISHED (3-7yr),GEN_X,AFFLUENT,,Y,N,N,SEG_V3.2,2026-06-29,2026-06-29 19:55:29.601141
205,CREDIT_DEPENDENT,4,0,13622.57,33.33,0.0,75.0,LOYAL (7yr+),MILLENNIAL,AFFLUENT,,N,N,Y,SEG_V3.2,2026-06-29,2026-06-29 19:55:29.601141
206,PREMIUM_WEALTH,0,0,12611.97,75.0,0.0,100.0,LOYAL (7yr+),MILLENNIAL,AFFLUENT,,N,N,N,SEG_V3.2,2026-06-29,2026-06-29 19:55:29.601141
207,CREDIT_DEPENDENT,4,0,5176.79,50.0,0.0,50.0,LOYAL (7yr+),GEN_Z,AFFLUENT,,N,N,N,SEG_V3.2,2026-06-29,2026-06-29 19:55:29.601141
208,CREDIT_DEPENDENT,4,0,2932.92,50.0,0.0,100.0,DEVELOPING (1-3yr),GEN_X,HIGH_NET_WORTH,,N,N,N,SEG_V3.2,2026-06-29,2026-06-29 19:55:29.601141
209,PREMIUM_WEALTH,0,0,7674.81,66.67,0.0,75.0,LOYAL (7yr+),GEN_X,AFFLUENT,,N,N,N,SEG_V3.2,2026-06-29,2026-06-29 19:55:29.601141
210,PREMIUM_WEALTH,0,0,12588.4,100.0,0.0,75.0,LOYAL (7yr+),GEN_X,AFFLUENT,,N,N,N,SEG_V3.2,2026-06-29,2026-06-29 19:55:29.601141
211,GROWING_DIGITAL,1,0,3240.88,100.0,0.0,50.0,ESTABLISHED (3-7yr),BOOMER,HIGH_NET_WORTH,,N,N,N,SEG_V3.2,2026-06-29,2026-06-29 19:55:29.601141
212,ENGAGED_MAINSTREAM,2,0,3097.17,100.0,0.0,100.0,DEVELOPING (1-3yr),MILLENNIAL,HIGH_NET_WORTH,,N,N,N,SEG_V3.2,2026-06-29,2026-06-29 19:55:29.601141
213,ENGAGED_MAINSTREAM,2,0,3853.43,100.0,0.0,75.0,ESTABLISHED (3-7yr),MILLENNIAL,HIGH_NET_WORTH,,N,N,N,SEG_V3.2,2026-06-29,2026-06-29 19:55:29.601141
214,GROWING_DIGITAL,1,0,5605.25,100.0,0.0,75.0,ESTABLISHED (3-7yr),SILENT,AFFLUENT,,N,N,N,SEG_V3.2,2026-06-29,2026-06-29 19:55:29.601141
215,ENGAGED_MAINSTREAM,2,0,8267.38,100.0,0.0,75.0,LOYAL (7yr+),MILLENNIAL,AFFLUENT,,N,N,N,SEG_V3.2,2026-06-29,2026-06-29 19:55:29.601141
216,GROWING_DIGITAL,1,0,8539.78,100.0,0.0,75.0,LOYAL (7yr+),MILLENNIAL,AFFLUENT,,N,N,N,SEG_V3.2,2026-06-29,2026-06-29 19:55:29.601141
217,GROWING_DIGITAL,1,0,2110.2,100.0,0.0,50.0,ESTABLISHED (3-7yr),SILENT,AFFLUENT,,N,N,N,SEG_V3.2,2026-06-29,2026-06-29 19:55:29.601141
218,PREMIUM_WEALTH,0,0,9161.55,75.0,0.0,100.0,LOYAL (7yr+),BOOMER,AFFLUENT,,N,N,N,SEG_V3.2,2026-06-29,2026-06-29 19:55:29.601141
219,CREDIT_DEPENDENT,4,0,9414.77,50.0,0.0,50.0,LOYAL (7yr+),BOOMER,AFFLUENT,,N,N,N,SEG_V3.2,2026-06-29,2026-06-29 19:55:29.601141
221,PREMIUM_WEALTH,0,0,15941.89,75.0,0.0,100.0,LOYAL (7yr+),BOOMER,HIGH_NET_WORTH,,N,N,N,SEG_V3.2,2026-06-29,2026-06-29 19:55:29.601141
222,GROWING_DIGITAL,1,0,4871.52,100.0,0.0,75.0,ESTABLISHED (3-7yr),MILLENNIAL,AFFLUENT,,N,N,N,SEG_V3.2,2026-06-29,2026-06-29 19:55:29.601141
223,ENGAGED_MAINSTREAM,2,0,6224.45,100.0,0.0,75.0,ESTABLISHED (3-7yr),BOOMER,AFFLUENT,,N,N,N,SEG_V3.2,2026-06-29,2026-06-29 19:55:29.601141
224,ENGAGED_MAINSTREAM,2,0,2387.67,100.0,0.0,75.0,DEVELOPING (1-3yr),BOOMER,AFFLUENT,,N,N,N,SEG_V3.2,2026-06-29,2026-06-29 19:55:29.601141
225,VALUE_BASIC,3,0,2512.55,100.0,0.0,25.0,LOYAL (7yr+),GEN_X,MODERATE,,Y,Y,N,SEG_V3.2,2026-06-29,2026-06-29 19:55:29.601141
226,GROWING_DIGITAL,1,0,3159.72,100.0,0.0,25.0,LOYAL (7yr+),GEN_Z,AFFLUENT,,Y,N,N,SEG_V3.2,2026-06-29,2026-06-29 19:55:29.601141
228,PREMIUM_WEALTH,0,0,8543.94,75.0,0.0,100.0,ESTABLISHED (3-7yr),SILENT,HIGH_NET_WORTH,,N,N,N,SEG_V3.2,2026-06-29,2026-06-29 19:55:29.601141
230,CREDIT_DEPENDENT,4,0,5498.67,66.67,0.0,75.0,ESTABLISHED (3-7yr),GEN_X,AFFLUENT,,N,N,N,SEG_V3.2,2026-06-29,2026-06-29 19:55:29.601141
231,ENGAGED_MAINSTREAM,2,0,2435.57,66.67,0.0,75.0,DEVELOPING (1-3yr),GEN_X,AFFLUENT,,N,N,N,SEG_V3.2,2026-06-29,2026-06-29 19:55:29.601141
232,PREMIUM_WEALTH,0,0,14266.43,75.0,0.0,100.0,LOYAL (7yr+),GEN_X,AFFLUENT,,N,N,N,SEG_V3.2,2026-06-29,2026-06-29 19:55:29.601141
233,PREMIUM_WEALTH,0,0,9110.39,100.0,0.0,50.0,LOYAL (7yr+),MILLENNIAL,AFFLUENT,,N,N,N,SEG_V3.2,2026-06-29,2026-06-29 19:55:29.601141
234,VALUE_BASIC,3,0,3863.73,100.0,0.0,25.0,LOYAL (7yr+),BOOMER,AFFLUENT,,Y,N,N,SEG_V3.2,2026-06-29,2026-06-29 19:55:29.601141
235,ENGAGED_MAINSTREAM,2,0,1410.45,100.0,0.0,75.0,DEVELOPING (1-3yr),GEN_X,HIGH_NET_WORTH,,N,N,N,SEG_V3.2,2026-06-29,2026-06-29 19:55:29.601141
236,GROWING_DIGITAL,1,0,5310.75,100.0,0.0,50.0,LOYAL (7yr+),MILLENNIAL,AFFLUENT,,N,N,N,SEG_V3.2,2026-06-29,2026-06-29 19:55:29.601141
237,CREDIT_DEPENDENT,4,0,2883.0,0.0,0.0,25.0,LOYAL (7yr+),BOOMER,MODERATE,,N,Y,Y,SEG_V3.2,2026-06-29,2026-06-29 19:55:29.601141
238,VALUE_BASIC,3,0,536.94,100.0,0.0,25.0,DEVELOPING (1-3yr),GEN_Z,MODERATE,,Y,Y,N,SEG_V3.2,2026-06-29,2026-06-29 19:55:29.601141
239,CREDIT_DEPENDENT,4,0,1007.63,0.0,0.0,25.0,ESTABLISHED (3-7yr),GEN_Z,AFFLUENT,,N,N,N,SEG_V3.2,2026-06-29,2026-06-29 19:55:29.601141
240,PREMIUM_WEALTH,0,0,10034.26,75.0,0.0,100.0,LOYAL (7yr+),SILENT,HIGH_NET_WORTH,,N,N,N,SEG_V3.2,2026-06-29,2026-06-29 19:55:29.601141
244,ENGAGED_MAINSTREAM,2,0,1995.1,100.0,0.0,100.0,DEVELOPING (1-3yr),MILLENNIAL,HIGH_NET_WORTH,,N,N,N,SEG_V3.2,2026-06-29,2026-06-29 19:55:29.601141
245,ENGAGED_MAINSTREAM,2,0,865.82,66.67,0.0,75.0,NEW (<1yr),SILENT,HIGH_NET_WORTH,,N,N,N,SEG_V3.2,2026-06-29,2026-06-29 19:55:29.601141
247,ENGAGED_MAINSTREAM,2,0,4087.88,100.0,0.0,75.0,ESTABLISHED (3-7yr),MILLENNIAL,HIGH_NET_WORTH,,N,N,N,SEG_V3.2,2026-06-29,2026-06-29 19:55:29.601141
251,ENGAGED_MAINSTREAM,2,0,6779.69,100.0,0.0,100.0,ESTABLISHED (3-7yr),SILENT,HIGH_NET_WORTH,,N,N,N,SEG_V3.2,2026-06-29,2026-06-29 19:55:29.601141
252,PREMIUM_WEALTH,0,0,9458.59,100.0,0.0,75.0,LOYAL (7yr+),BOOMER,HIGH_NET_WORTH,,N,N,N,SEG_V3.2,2026-06-29,2026-06-29 19:55:29.601141
254,PREMIUM_WEALTH,0,0,9574.52,100.0,0.0,50.0,LOYAL (7yr+),GEN_X,AFFLUENT,,N,N,N,SEG_V3.2,2026-06-29,2026-06-29 19:55:29.601141
255,GROWING_DIGITAL,1,0,4467.07,100.0,0.0,50.0,ESTABLISHED (3-7yr),SILENT,AFFLUENT,,N,N,N,SEG_V3.2,2026-06-29,2026-06-29 19:55:29.601141
256,PREMIUM_WEALTH,0,0,16840.96,100.0,0.0,100.0,LOYAL (7yr+),BOOMER,HIGH_NET_WORTH,,N,N,N,SEG_V3.2,2026-06-29,2026-06-29 19:55:29.601141
258,PREMIUM_WEALTH,0,0,18802.8,100.0,0.0,100.0,LOYAL (7yr+),BOOMER,HIGH_NET_WORTH,,N,N,N,SEG_V3.2,2026-06-29,2026-06-29 19:55:29.601141
259,GROWING_DIGITAL,1,0,9584.51,100.0,0.0,50.0,LOYAL (7yr+),GEN_X,AFFLUENT,,N,N,N,SEG_V3.2,2026-06-29,2026-06-29 19:55:29.601141
260,GROWING_DIGITAL,1,0,3214.78,100.0,0.0,25.0,LOYAL (7yr+),BOOMER,AFFLUENT,,Y,N,N,SEG_V3.2,2026-06-29,2026-06-29 19:55:29.601141
261,GROWING_DIGITAL,1,0,2242.67,100.0,0.0,25.0,LOYAL (7yr+),MILLENNIAL,AFFLUENT,,Y,N,N,SEG_V3.2,2026-06-29,2026-06-29 19:55:29.601141
263,PREMIUM_WEALTH,0,0,20686.75,100.0,0.0,100.0,LOYAL (7yr+),GEN_Z,HIGH_NET_WORTH,,N,N,N,SEG_V3.2,2026-06-29,2026-06-29 19:55:29.601141
264,PREMIUM_WEALTH,0,0,11628.57,75.0,0.0,100.0,LOYAL (7yr+),GEN_X,HIGH_NET_WORTH,,N,N,N,SEG_V3.2,2026-06-29,2026-06-29 19:55:29.601141
266,GROWING_DIGITAL,1,0,4347.5,100.0,0.0,25.0,LOYAL (7yr+),GEN_Z,AFFLUENT,,Y,N,N,SEG_V3.2,2026-06-29,2026-06-29 19:55:29.601141
267,GROWING_DIGITAL,1,0,3447.31,100.0,0.0,25.0,LOYAL (7yr+),SILENT,AFFLUENT,,Y,N,N,SEG_V3.2,2026-06-29,2026-06-29 19:55:29.601141
268,GROWING_DIGITAL,1,0,51.68,100.0,0.0,25.0,NEW (<1yr),BOOMER,AFFLUENT,,Y,N,N,SEG_V3.2,2026-06-29,2026-06-29 19:55:29.601141
269,CREDIT_DEPENDENT,4,0,4265.17,0.0,0.0,25.0,LOYAL (7yr+),GEN_X,AFFLUENT,,N,N,Y,SEG_V3.2,2026-06-29,2026-06-29 19:55:29.601141
270,VALUE_BASIC,3,0,790.15,100.0,0.0,25.0,ESTABLISHED (3-7yr),GEN_X,MODERATE,,Y,Y,N,SEG_V3.2,2026-06-29,2026-06-29 19:55:29.601141
271,PREMIUM_WEALTH,0,0,16470.8,50.0,0.0,100.0,LOYAL (7yr+),GEN_X,HIGH_NET_WORTH,,N,N,N,SEG_V3.2,2026-06-29,2026-06-29 19:55:29.601141
272,VALUE_BASIC,3,0,6479.7,100.0,0.0,50.0,LOYAL (7yr+),BOOMER,MODERATE,,N,Y,N,SEG_V3.2,2026-06-29,2026-06-29 19:55:29.601141
275,VALUE_BASIC,3,0,1983.96,100.0,0.0,25.0,ESTABLISHED (3-7yr),MILLENNIAL,AFFLUENT,,Y,N,N,SEG_V3.2,2026-06-29,2026-06-29 19:55:29.601141
276,PREMIUM_WEALTH,0,0,18616.89,50.0,0.0,100.0,LOYAL (7yr+),BOOMER,HIGH_NET_WORTH,,N,N,N,SEG_V3.2,2026-06-29,2026-06-29 19:55:29.601141
277,ENGAGED_MAINSTREAM,2,0,1219.28,100.0,0.0,50.0,DEVELOPING (1-3yr),MILLENNIAL,AFFLUENT,,N,N,N,SEG_V3.2,2026-06-29,2026-06-29 19:55:29.601141
278,PREMIUM_WEALTH,0,0,10106.75,100.0,0.0,75.0,LOYAL (7yr+),GEN_X,HIGH_NET_WORTH,,N,N,N,SEG_V3.2,2026-06-29,2026-06-29 19:55:29.601141
279,PREMIUM_WEALTH,0,0,6984.88,100.0,0.0,50.0,LOYAL (7yr+),GEN_X,AFFLUENT,,N,N,N,SEG_V3.2,2026-06-29,2026-06-29 19:55:29.601141
280,GROWING_DIGITAL,1,0,2482.97,100.0,0.0,50.0,ESTABLISHED (3-7yr),BOOMER,HIGH_NET_WORTH,,N,N,N,SEG_V3.2,2026-06-29,2026-06-29 19:55:29.601141
282,CREDIT_DEPENDENT,4,0,15155.56,66.67,0.0,75.0,LOYAL (7yr+),GEN_X,HIGH_NET_WORTH,,N,N,N,SEG_V3.2,2026-06-29,2026-06-29 19:55:29.601141
283,PREMIUM_WEALTH,0,0,16471.9,100.0,0.0,100.0,LOYAL (7yr+),BOOMER,AFFLUENT,,N,N,N,SEG_V3.2,2026-06-29,2026-06-29 19:55:29.601141
284,PREMIUM_WEALTH,0,0,14333.9,100.0,0.0,75.0,LOYAL (7yr+),BOOMER,AFFLUENT,,N,N,N,SEG_V3.2,2026-06-29,2026-06-29 19:55:29.601141
285,CREDIT_DEPENDENT,4,0,7771.57,50.0,0.0,50.0,LOYAL (7yr+),BOOMER,AFFLUENT,,N,N,N,SEG_V3.2,2026-06-29,2026-06-29 19:55:29.601141
286,GROWING_DIGITAL,1,0,7953.06,100.0,0.0,50.0,LOYAL (7yr+),MILLENNIAL,AFFLUENT,,N,N,N,SEG_V3.2,2026-06-29,2026-06-29 19:55:29.601141
287,ENGAGED_MAINSTREAM,2,0,4029.39,66.67,0.0,75.0,ESTABLISHED (3-7yr),BOOMER,AFFLUENT,,N,N,N,SEG_V3.2,2026-06-29,2026-06-29 19:55:29.601141
288,PREMIUM_WEALTH,0,0,13942.66,66.67,0.0,75.0,LOYAL (7yr+),SILENT,AFFLUENT,,N,N,N,SEG_V3.2,2026-06-29,2026-06-29 19:55:29.601141
289,PREMIUM_WEALTH,0,0,6976.02,100.0,0.0,50.0,LOYAL (7yr+),MILLENNIAL,AFFLUENT,,N,N,N,SEG_V3.2,2026-06-29,2026-06-29 19:55:29.601141
290,PREMIUM_WEALTH,0,0,11525.03,100.0,0.0,75.0,LOYAL (7yr+),GEN_X,HIGH_NET_WORTH,,N,N,N,SEG_V3.2,2026-06-29,2026-06-29 19:55:29.601141
291,PREMIUM_WEALTH,0,0,11124.92,100.0,0.0,75.0,LOYAL (7yr+),GEN_X,AFFLUENT,,N,N,N,SEG_V3.2,2026-06-29,2026-06-29 19:55:29.601141
292,PREMIUM_WEALTH,0,0,20617.41,75.0,0.0,100.0,LOYAL (7yr+),MILLENNIAL,HIGH_NET_WORTH,,N,N,N,SEG_V3.2,2026-06-29,2026-06-29 19:55:29.601141
294,PREMIUM_WEALTH,0,0,10434.16,100.0,0.0,75.0,LOYAL (7yr+),BOOMER,AFFLUENT,,N,N,N,SEG_V3.2,2026-06-29,2026-06-29 19:55:29.601141
295,PREMIUM_WEALTH,0,0,12707.31,75.0,0.0,100.0,LOYAL (7yr+),BOOMER,AFFLUENT,,N,N,N,SEG_V3.2,2026-06-29,2026-06-29 19:55:29.601141
296,ENGAGED_MAINSTREAM,2,0,4099.84,100.0,0.0,100.0,DEVELOPING (1-3yr),MILLENNIAL,HIGH_NET_WORTH,,N,N,N,SEG_V3.2,2026-06-29,2026-06-29 19:55:29.601141
297,PREMIUM_WEALTH,0,0,20725.05,100.0,0.0,100.0,LOYAL (7yr+),SILENT,HIGH_NET_WORTH,,N,N,N,SEG_V3.2,2026-06-29,2026-06-29 19:55:29.601141
298,ENGAGED_MAINSTREAM,2,0,4152.87,100.0,0.0,50.0,ESTABLISHED (3-7yr),GEN_X,AFFLUENT,,N,N,N,SEG_V3.2,2026-06-29,2026-06-29 19:55:29.601141
299,GROWING_DIGITAL,1,0,4215.07,100.0,0.0,25.0,LOYAL (7yr+),SILENT,AFFLUENT,,Y,N,N,SEG_V3.2,2026-06-29,2026-06-29 19:55:29.601141
300,VALUE_BASIC,3,0,1311.95,100.0,0.0,50.0,DEVELOPING (1-3yr),GEN_X,MODERATE,,N,Y,N,SEG_V3.2,2026-06-29,2026-06-29 19:55:29.601141
301,PREMIUM_WEALTH,0,0,15279.72,100.0,0.0,100.0,LOYAL (7yr+),MILLENNIAL,AFFLUENT,,N,N,N,SEG_V3.2,2026-06-29,2026-06-29 19:55:29.601141
302,GROWING_DIGITAL,1,0,3200.66,100.0,0.0,25.0,LOYAL (7yr+),BOOMER,AFFLUENT,,Y,N,N,SEG_V3.2,2026-06-29,2026-06-29 19:55:29.601141
303,GROWING_DIGITAL,1,0,2311.7,100.0,0.0,25.0,LOYAL (7yr+),BOOMER,AFFLUENT,,Y,N,N,SEG_V3.2,2026-06-29,2026-06-29 19:55:29.601141
304,GROWING_DIGITAL,1,0,6368.86,100.0,0.0,50.0,LOYAL (7yr+),GEN_Z,AFFLUENT,,N,N,N,SEG_V3.2,2026-06-29,2026-06-29 19:55:29.601141
305,VALUE_BASIC,3,0,3139.77,100.0,0.0,25.0,LOYAL (7yr+),MILLENNIAL,MODERATE,,Y,Y,N,SEG_V3.2,2026-06-29,2026-06-29 19:55:29.601141
307,CREDIT_DEPENDENT,4,0,7879.07,66.67,0.0,75.0,LOYAL (7yr+),MILLENNIAL,HIGH_NET_WORTH,,N,N,N,SEG_V3.2,2026-06-29,2026-06-29 19:55:29.601141
308,ENGAGED_MAINSTREAM,2,0,1204.33,100.0,0.0,75.0,DEVELOPING (1-3yr),GEN_X,AFFLUENT,,N,N,N,SEG_V3.2,2026-06-29,2026-06-29 19:55:29.601141
309,GROWING_DIGITAL,1,0,660.34,100.0,0.0,25.0,DEVELOPING (1-3yr),GEN_X,AFFLUENT,,Y,N,N,SEG_V3.2,2026-06-29,2026-06-29 19:55:29.601141
310,PREMIUM_WEALTH,0,0,7913.57,100.0,0.0,75.0,LOYAL (7yr+),SILENT,AFFLUENT,,N,N,N,SEG_V3.2,2026-06-29,2026-06-29 19:55:29.601141
311,PREMIUM_WEALTH,0,0,10308.48,100.0,0.0,100.0,LOYAL (7yr+),SILENT,HIGH_NET_WORTH,,N,N,N,SEG_V3.2,2026-06-29,2026-06-29 19:55:29.601141
312,ENGAGED_MAINSTREAM,2,0,3616.59,100.0,0.0,100.0,DEVELOPING (1-3yr),SILENT,HIGH_NET_WORTH,,N,N,N,SEG_V3.2,2026-06-29,2026-06-29 19:55:29.601141
313,GROWING_DIGITAL,1,0,1861.35,100.0,0.0,25.0,ESTABLISHED (3-7yr),MILLENNIAL,AFFLUENT,,Y,N,N,SEG_V3.2,2026-06-29,2026-06-29 19:55:29.601141
316,PREMIUM_WEALTH,0,0,18086.65,75.0,0.0,100.0,LOYAL (7yr+),BOOMER,AFFLUENT,,N,N,N,SEG_V3.2,2026-06-29,2026-06-29 19:55:29.601141
317,ENGAGED_MAINSTREAM,2,0,2895.98,100.0,0.0,50.0,ESTABLISHED (3-7yr),BOOMER,AFFLUENT,,N,N,N,SEG_V3.2,2026-06-29,2026-06-29 19:55:29.601141
318,PREMIUM_WEALTH,0,0,11930.86,100.0,0.0,100.0,LOYAL (7yr+),BOOMER,HIGH_NET_WORTH,,N,N,N,SEG_V3.2,2026-06-29,2026-06-29 19:55:29.601141
319,PREMIUM_WEALTH,0,0,9388.96,100.0,0.0,75.0,LOYAL (7yr+),BOOMER,AFFLUENT,,N,N,N,SEG_V3.2,2026-06-29,2026-06-29 19:55:29.601141
320,GROWING_DIGITAL,1,0,2059.17,100.0,0.0,25.0,ESTABLISHED (3-7yr),BOOMER,AFFLUENT,,Y,N,N,SEG_V3.2,2026-06-29,2026-06-29 19:55:29.601141
321,GROWING_DIGITAL,1,0,8830.49,100.0,0.0,50.0,LOYAL (7yr+),SILENT,AFFLUENT,,N,N,N,SEG_V3.2,2026-06-29,2026-06-29 19:55:29.601141
322,GROWING_DIGITAL,1,0,3406.58,100.0,0.0,50.0,ESTABLISHED (3-7yr),MILLENNIAL,AFFLUENT,,N,N,N,SEG_V3.2,2026-06-29,2026-06-29 19:55:29.601141
323,ENGAGED_MAINSTREAM,2,0,6552.45,100.0,0.0,75.0,ESTABLISHED (3-7yr),BOOMER,HIGH_NET_WORTH,,N,N,N,SEG_V3.2,2026-06-29,2026-06-29 19:55:29.601141
324,VALUE_BASIC,3,0,1002.0,100.0,0.0,25.0,ESTABLISHED (3-7yr),GEN_Z,MODERATE,,Y,Y,N,SEG_V3.2,2026-06-29,2026-06-29 19:55:29.601141
326,GROWING_DIGITAL,1,0,1649.53,100.0,0.0,25.0,ESTABLISHED (3-7yr),MILLENNIAL,AFFLUENT,,Y,N,N,SEG_V3.2,2026-06-29,2026-06-29 19:55:29.601141
327,CREDIT_DEPENDENT,4,0,1772.53,0.0,0.0,25.0,LOYAL (7yr+),MILLENNIAL,MODERATE,,N,Y,Y,SEG_V3.2,2026-06-29,2026-06-29 19:55:29.601141
328,GROWING_DIGITAL,1,0,6317.1,100.0,0.0,50.0,LOYAL (7yr+),BOOMER,AFFLUENT,,N,N,N,SEG_V3.2,2026-06-29,2026-06-29 19:55:29.601141
329,GROWING_DIGITAL,1,0,2427.78,100.0,0.0,25.0,LOYAL (7yr+),GEN_Z,AFFLUENT,,Y,N,N,SEG_V3.2,2026-06-29,2026-06-29 19:55:29.601141
330,ENGAGED_MAINSTREAM,2,0,1439.51,100.0,0.0,50.0,DEVELOPING (1-3yr),SILENT,AFFLUENT,,N,N,N,SEG_V3.2,2026-06-29,2026-06-29 19:55:29.601141
331,GROWING_DIGITAL,1,0,1184.41,100.0,0.0,50.0,DEVELOPING (1-3yr),MILLENNIAL,AFFLUENT,,N,N,N,SEG_V3.2,2026-06-29,2026-06-29 19:55:29.601141
332,CREDIT_DEPENDENT,4,0,8938.65,50.0,0.0,50.0,LOYAL (7yr+),MILLENNIAL,AFFLUENT,,N,N,N,SEG_V3.2,2026-06-29,2026-06-29 19:55:29.601141
333,ENGAGED_MAINSTREAM,2,0,4887.36,75.0,0.0,100.0,ESTABLISHED (3-7yr),MILLENNIAL,HIGH_NET_WORTH,,N,N,N,SEG_V3.2,2026-06-29,2026-06-29 19:55:29.601141
334,GROWING_DIGITAL,1,0,5460.51,100.0,0.0,50.0,LOYAL (7yr+),GEN_X,AFFLUENT,,N,N,N,SEG_V3.2,2026-06-29,2026-06-29 19:55:29.601141
335,PREMIUM_WEALTH,0,0,6901.69,100.0,0.0,50.0,LOYAL (7yr+),GEN_X,AFFLUENT,,N,N,N,SEG_V3.2,2026-06-29,2026-06-29 19:55:29.601141
336,PREMIUM_WEALTH,0,0,6819.97,100.0,0.0,50.0,LOYAL (7yr+),GEN_X,AFFLUENT,,N,N,N,SEG_V3.2,2026-06-29,2026-06-29 19:55:29.601141
338,GROWING_DIGITAL,1,0,9772.37,100.0,0.0,75.0,LOYAL (7yr+),GEN_X,AFFLUENT,,N,N,N,SEG_V3.2,2026-06-29,2026-06-29 19:55:29.601141
339,CREDIT_DEPENDENT,4,0,2924.92,66.67,0.0,75.0,DEVELOPING (1-3yr),GEN_Z,HIGH_NET_WORTH,,N,N,N,SEG_V3.2,2026-06-29,2026-06-29 19:55:29.601141
340,GROWING_DIGITAL,1,0,1568.0,100.0,0.0,25.0,ESTABLISHED (3-7yr),BOOMER,AFFLUENT,,Y,N,N,SEG_V3.2,2026-06-29,2026-06-29 19:55:29.601141
341,GROWING_DIGITAL,1,0,691.17,100.0,0.0,25.0,DEVELOPING (1-3yr),SILENT,AFFLUENT,,Y,N,N,SEG_V3.2,2026-06-29,2026-06-29 19:55:29.601141
342,PREMIUM_WEALTH,0,0,15273.69,75.0,0.0,100.0,LOYAL (7yr+),MILLENNIAL,HIGH_NET_WORTH,,N,N,N,SEG_V3.2,2026-06-29,2026-06-29 19:55:29.601141
343,VALUE_BASIC,3,0,165.78,100.0,0.0,25.0,NEW (<1yr),GEN_X,LOW,,Y,N,N,SEG_V3.2,2026-06-29,2026-06-29 19:55:29.601141
344,PREMIUM_WEALTH,0,0,9086.44,100.0,0.0,50.0,LOYAL (7yr+),BOOMER,AFFLUENT,,N,N,N,SEG_V3.2,2026-06-29,2026-06-29 19:55:29.601141
345,ENGAGED_MAINSTREAM,2,0,175.69,66.67,0.0,75.0,NEW (<1yr),BOOMER,HIGH_NET_WORTH,,N,N,N,SEG_V3.2,2026-06-29,2026-06-29 19:55:29.601141
346,GROWING_DIGITAL,1,0,1606.41,100.0,0.0,50.0,DEVELOPING (1-3yr),GEN_Z,AFFLUENT,,N,N,N,SEG_V3.2,2026-06-29,2026-06-29 19:55:29.601141
347,GROWING_DIGITAL,1,0,3241.37,100.0,0.0,25.0,LOYAL (7yr+),SILENT,AFFLUENT,,Y,N,N,SEG_V3.2,2026-06-29,2026-06-29 19:55:29.601141
348,VALUE_BASIC,3,0,1268.85,100.0,0.0,25.0,ESTABLISHED (3-7yr),SILENT,AFFLUENT,,Y,N,N,SEG_V3.2,2026-06-29,2026-06-29 19:55:29.601141
349,PREMIUM_WEALTH,0,0,11093.87,66.67,0.0,75.0,LOYAL (7yr+),SILENT,AFFLUENT,,N,N,N,SEG_V3.2,2026-06-29,2026-06-29 19:55:29.601141
350,CREDIT_DEPENDENT,4,0,6394.3,66.67,0.0,75.0,LOYAL (7yr+),MILLENNIAL,AFFLUENT,,N,N,N,SEG_V3.2,2026-06-29,2026-06-29 19:55:29.601141
351,PREMIUM_WEALTH,0,0,20267.04,100.0,0.0,100.0,LOYAL (7yr+),BOOMER,HIGH_NET_WORTH,,N,N,N,SEG_V3.2,2026-06-29,2026-06-29 19:55:29.601141
353,CREDIT_DEPENDENT,4,0,3573.47,50.0,0.0,50.0,LOYAL (7yr+),SILENT,MODERATE,,N,Y,N,SEG_V3.2,2026-06-29,2026-06-29 19:55:29.601141
354,ENGAGED_MAINSTREAM,2,0,6028.53,100.0,0.0,75.0,ESTABLISHED (3-7yr),GEN_X,AFFLUENT,,N,N,N,SEG_V3.2,2026-06-29,2026-06-29 19:55:29.601141
355,GROWING_DIGITAL,1,0,4525.55,100.0,0.0,25.0,LOYAL (7yr+),MILLENNIAL,AFFLUENT,,Y,N,N,SEG_V3.2,2026-06-29,2026-06-29 19:55:29.601141
356,CREDIT_DEPENDENT,4,0,4945.73,50.0,0.0,50.0,LOYAL (7yr+),GEN_X,AFFLUENT,,N,N,N,SEG_V3.2,2026-06-29,2026-06-29 19:55:29.601141
357,PREMIUM_WEALTH,0,0,11398.81,100.0,0.0,100.0,LOYAL (7yr+),BOOMER,HIGH_NET_WORTH,,N,N,N,SEG_V3.2,2026-06-29,2026-06-29 19:55:29.601141
358,PREMIUM_WEALTH,0,0,20616.42,100.0,0.0,100.0,LOYAL (7yr+),BOOMER,HIGH_NET_WORTH,,N,N,N,SEG_V3.2,2026-06-29,2026-06-29 19:55:29.601141
360,GROWING_DIGITAL,1,0,4135.79,100.0,0.0,25.0,LOYAL (7yr+),BOOMER,AFFLUENT,,Y,N,N,SEG_V3.2,2026-06-29,2026-06-29 19:55:29.601141
361,ENGAGED_MAINSTREAM,2,0,4458.76,100.0,0.0,100.0,ESTABLISHED (3-7yr),BOOMER,AFFLUENT,,N,N,N,SEG_V3.2,2026-06-29,2026-06-29 19:55:29.601141
362,ENGAGED_MAINSTREAM,2,0,2802.67,100.0,0.0,75.0,DEVELOPING (1-3yr),GEN_X,AFFLUENT,,N,N,N,SEG_V3.2,2026-06-29,2026-06-29 19:55:29.601141
363,PREMIUM_WEALTH,0,0,15146.47,100.0,0.0,100.0,LOYAL (7yr+),GEN_X,HIGH_NET_WORTH,,N,N,N,SEG_V3.2,2026-06-29,2026-06-29 19:55:29.601141
364,ENGAGED_MAINSTREAM,2,0,667.57,100.0,0.0,50.0,DEVELOPING (1-3yr),SILENT,AFFLUENT,,N,N,N,SEG_V3.2,2026-06-29,2026-06-29 19:55:29.601141
366,CREDIT_DEPENDENT,4,0,2015.61,50.0,0.0,50.0,ESTABLISHED (3-7yr),BOOMER,AFFLUENT,,N,N,N,SEG_V3.2,2026-06-29,2026-06-29 19:55:29.601141
369,GROWING_DIGITAL,1,0,819.64,100.0,0.0,50.0,DEVELOPING (1-3yr),GEN_X,HIGH_NET_WORTH,,N,N,N,SEG_V3.2,2026-06-29,2026-06-29 19:55:29.601141
370,CREDIT_DEPENDENT,4,0,9573.99,0.0,0.0,50.0,LOYAL (7yr+),MILLENNIAL,HIGH_NET_WORTH,,N,N,Y,SEG_V3.2,2026-06-29,2026-06-29 19:55:29.601141
371,PREMIUM_WEALTH,0,0,13419.64,75.0,0.0,100.0,LOYAL (7yr+),GEN_X,AFFLUENT,,N,N,N,SEG_V3.2,2026-06-29,2026-06-29 19:55:29.601141
372,GROWING_DIGITAL,1,0,3963.34,100.0,0.0,50.0,ESTABLISHED (3-7yr),BOOMER,AFFLUENT,,N,N,N,SEG_V3.2,2026-06-29,2026-06-29 19:55:29.601141
373,VALUE_BASIC,3,0,3083.8,100.0,0.0,25.0,LOYAL (7yr+),BOOMER,MODERATE,,Y,Y,N,SEG_V3.2,2026-06-29,2026-06-29 19:55:29.601141
374,PREMIUM_WEALTH,0,0,15492.32,100.0,0.0,100.0,LOYAL (7yr+),GEN_Z,HIGH_NET_WORTH,,N,N,N,SEG_V3.2,2026-06-29,2026-06-29 19:55:29.601141
375,ENGAGED_MAINSTREAM,2,0,5367.32,100.0,0.0,75.0,ESTABLISHED (3-7yr),SILENT,AFFLUENT,,N,N,N,SEG_V3.2,2026-06-29,2026-06-29 19:55:29.601141
376,CREDIT_DEPENDENT,4,0,229.02,0.0,0.0,25.0,NEW (<1yr),MILLENNIAL,AFFLUENT,,N,N,N,SEG_V3.2,2026-06-29,2026-06-29 19:55:29.601141
378,PREMIUM_WEALTH,0,0,5439.38,100.0,0.0,50.0,LOYAL (7yr+),BOOMER,AFFLUENT,,N,N,N,SEG_V3.2,2026-06-29,2026-06-29 19:55:29.601141
379,ENGAGED_MAINSTREAM,2,0,843.57,66.67,0.0,75.0,NEW (<1yr),MILLENNIAL,AFFLUENT,,N,N,N,SEG_V3.2,2026-06-29,2026-06-29 19:55:29.601141
380,GROWING_DIGITAL,1,0,2193.33,100.0,0.0,25.0,LOYAL (7yr+),GEN_X,AFFLUENT,,Y,N,N,SEG_V3.2,2026-06-29,2026-06-29 19:55:29.601141
381,GROWING_DIGITAL,1,0,8016.41,100.0,0.0,50.0,LOYAL (7yr+),BOOMER,AFFLUENT,,N,N,N,SEG_V3.2,2026-06-29,2026-06-29 19:55:29.601141
382,PREMIUM_WEALTH,0,0,9243.9,75.0,0.0,100.0,ESTABLISHED (3-7yr),BOOMER,HIGH_NET_WORTH,,N,N,N,SEG_V3.2,2026-06-29,2026-06-29 19:55:29.601141
383,ENGAGED_MAINSTREAM,2,0,82.3,100.0,0.0,75.0,NEW (<1yr),GEN_X,AFFLUENT,,N,N,N,SEG_V3.2,2026-06-29,2026-06-29 19:55:29.601141
385,VALUE_BASIC,3,0,2338.05,100.0,0.0,25.0,LOYAL (7yr+),MILLENNIAL,AFFLUENT,,Y,N,N,SEG_V3.2,2026-06-29,2026-06-29 19:55:29.601141
386,GROWING_DIGITAL,1,0,6825.43,100.0,0.0,50.0,LOYAL (7yr+),MILLENNIAL,AFFLUENT,,N,N,N,SEG_V3.2,2026-06-29,2026-06-29 19:55:29.601141
387,ENGAGED_MAINSTREAM,2,0,1731.73,66.67,0.0,75.0,DEVELOPING (1-3yr),GEN_X,HIGH_NET_WORTH,,N,N,N,SEG_V3.2,2026-06-29,2026-06-29 19:55:29.601141
388,CREDIT_DEPENDENT,4,0,5449.88,66.67,0.0,75.0,ESTABLISHED (3-7yr),GEN_Z,AFFLUENT,,N,N,N,SEG_V3.2,2026-06-29,2026-06-29 19:55:29.601141
389,GROWING_DIGITAL,1,0,3914.06,100.0,0.0,25.0,LOYAL (7yr+),SILENT,AFFLUENT,,Y,N,N,SEG_V3.2,2026-06-29,2026-06-29 19:55:29.601141
390,PREMIUM_WEALTH,0,0,9429.47,100.0,0.0,100.0,ESTABLISHED (3-7yr),SILENT,HIGH_NET_WORTH,,N,N,N,SEG_V3.2,2026-06-29,2026-06-29 19:55:29.601141
392,ENGAGED_MAINSTREAM,2,0,4282.28,100.0,0.0,75.0,ESTABLISHED (3-7yr),GEN_Z,AFFLUENT,,N,N,N,SEG_V3.2,2026-06-29,2026-06-29 19:55:29.601141
393,GROWING_DIGITAL,1,0,9328.04,100.0,0.0,50.0,LOYAL (7yr+),MILLENNIAL,AFFLUENT,,N,N,N,SEG_V3.2,2026-06-29,2026-06-29 19:55:29.601141
394,GROWING_DIGITAL,1,0,3352.68,100.0,0.0,50.0,ESTABLISHED (3-7yr),GEN_X,HIGH_NET_WORTH,,N,N,N,SEG_V3.2,2026-06-29,2026-06-29 19:55:29.601141
395,ENGAGED_MAINSTREAM,2,0,7569.52,100.0,0.0,100.0,ESTABLISHED (3-7yr),MILLENNIAL,HIGH_NET_WORTH,,N,N,N,SEG_V3.2,2026-06-29,2026-06-29 19:55:29.601141
398,GROWING_DIGITAL,1,0,281.39,100.0,0.0,25.0,NEW (<1yr),BOOMER,AFFLUENT,,Y,N,N,SEG_V3.2,2026-06-29,2026-06-29 19:55:29.601141
399,ENGAGED_MAINSTREAM,2,0,5537.55,100.0,0.0,75.0,ESTABLISHED (3-7yr),BOOMER,AFFLUENT,,N,N,N,SEG_V3.2,2026-06-29,2026-06-29 19:55:29.601141
400,GROWING_DIGITAL,1,0,4740.65,100.0,0.0,50.0,LOYAL (7yr+),BOOMER,AFFLUENT,,N,N,N,SEG_V3.2,2026-06-29,2026-06-29 19:55:29.601141
401,VALUE_BASIC,3,0,2732.0,100.0,0.0,25.0,LOYAL (7yr+),GEN_Z,MODERATE,,Y,Y,N,SEG_V3.2,2026-06-29,2026-06-29 19:55:29.601141
403,GROWING_DIGITAL,1,0,10209.39,100.0,0.0,50.0,LOYAL (7yr+),SILENT,HIGH_NET_WORTH,,N,N,N,SEG_V3.2,2026-06-29,2026-06-29 19:55:29.601141
405,ENGAGED_MAINSTREAM,2,0,3709.35,100.0,0.0,50.0,ESTABLISHED (3-7yr),GEN_X,AFFLUENT,,N,N,N,SEG_V3.2,2026-06-29,2026-06-29 19:55:29.601141
407,PREMIUM_WEALTH,0,0,8769.22,100.0,0.0,50.0,LOYAL (7yr+),SILENT,AFFLUENT,,N,N,N,SEG_V3.2,2026-06-29,2026-06-29 19:55:29.601141
408,GROWING_DIGITAL,1,0,1844.62,100.0,0.0,25.0,ESTABLISHED (3-7yr),BOOMER,AFFLUENT,,Y,N,N,SEG_V3.2,2026-06-29,2026-06-29 19:55:29.601141
410,ENGAGED_MAINSTREAM,2,0,4278.12,100.0,0.0,50.0,ESTABLISHED (3-7yr),BOOMER,AFFLUENT,,N,N,N,SEG_V3.2,2026-06-29,2026-06-29 19:55:29.601141
411,PREMIUM_WEALTH,0,0,11360.22,100.0,0.0,75.0,LOYAL (7yr+),BOOMER,AFFLUENT,,N,N,N,SEG_V3.2,2026-06-29,2026-06-29 19:55:29.601141
414,ENGAGED_MAINSTREAM,2,0,7049.76,100.0,0.0,75.0,LOYAL (7yr+),MILLENNIAL,AFFLUENT,,N,N,N,SEG_V3.2,2026-06-29,2026-06-29 19:55:29.601141
415,GROWING_DIGITAL,1,0,9251.97,100.0,0.0,50.0,LOYAL (7yr+),BOOMER,AFFLUENT,,N,N,N,SEG_V3.2,2026-06-29,2026-06-29 19:55:29.601141
416,VALUE_BASIC,3,0,0.0,100.0,0.0,25.0,LOYAL (7yr+),GEN_Z,LOW,,Y,N,N,SEG_V3.2,2026-06-29,2026-06-29 19:55:29.601141
417,ENGAGED_MAINSTREAM,2,0,2481.55,100.0,0.0,100.0,DEVELOPING (1-3yr),GEN_X,AFFLUENT,,N,N,N,SEG_V3.2,2026-06-29,2026-06-29 19:55:29.601141
418,GROWING_DIGITAL,1,0,741.74,100.0,0.0,25.0,DEVELOPING (1-3yr),GEN_X,AFFLUENT,,Y,N,N,SEG_V3.2,2026-06-29,2026-06-29 19:55:29.601141
419,VALUE_BASIC,3,0,768.53,100.0,0.0,25.0,ESTABLISHED (3-7yr),MILLENNIAL,MODERATE,,Y,Y,N,SEG_V3.2,2026-06-29,2026-06-29 19:55:29.601141
420,CREDIT_DEPENDENT,4,0,7559.21,50.0,0.0,50.0,LOYAL (7yr+),GEN_X,AFFLUENT,,N,N,N,SEG_V3.2,2026-06-29,2026-06-29 19:55:29.601141
421,ENGAGED_MAINSTREAM,2,0,3587.2,100.0,0.0,75.0,ESTABLISHED (3-7yr),GEN_X,AFFLUENT,,N,N,N,SEG_V3.2,2026-06-29,2026-06-29 19:55:29.601141
422,PREMIUM_WEALTH,0,0,16467.66,75.0,0.0,100.0,LOYAL (7yr+),MILLENNIAL,AFFLUENT,,N,N,N,SEG_V3.2,2026-06-29,2026-06-29 19:55:29.601141
423,GROWING_DIGITAL,1,0,3129.81,100.0,0.0,25.0,LOYAL (7yr+),MILLENNIAL,AFFLUENT,,Y,N,N,SEG_V3.2,2026-06-29,2026-06-29 19:55:29.601141
424,GROWING_DIGITAL,1,0,2328.6,100.0,0.0,25.0,LOYAL (7yr+),BOOMER,AFFLUENT,,Y,N,N,SEG_V3.2,2026-06-29,2026-06-29 19:55:29.601141
425,GROWING_DIGITAL,1,0,3128.55,100.0,0.0,25.0,LOYAL (7yr+),SILENT,AFFLUENT,,Y,N,N,SEG_V3.2,2026-06-29,2026-06-29 19:55:29.601141
426,PREMIUM_WEALTH,0,0,9353.57,75.0,0.0,100.0,LOYAL (7yr+),GEN_X,AFFLUENT,,N,N,N,SEG_V3.2,2026-06-29,2026-06-29 19:55:29.601141
427,GROWING_DIGITAL,1,0,44.64,100.0,0.0,25.0,NEW (<1yr),BOOMER,MODERATE,,Y,N,N,SEG_V3.2,2026-06-29,2026-06-29 19:55:29.601141
429,ENGAGED_MAINSTREAM,2,0,3085.46,100.0,0.0,75.0,DEVELOPING (1-3yr),BOOMER,HIGH_NET_WORTH,,N,N,N,SEG_V3.2,2026-06-29,2026-06-29 19:55:29.601141
430,ENGAGED_MAINSTREAM,2,0,6684.22,100.0,0.0,75.0,ESTABLISHED (3-7yr),GEN_Z,HIGH_NET_WORTH,,N,N,N,SEG_V3.2,2026-06-29,2026-06-29 19:55:29.601141
431,PREMIUM_WEALTH,0,0,19798.79,100.0,0.0,100.0,LOYAL (7yr+),MILLENNIAL,AFFLUENT,,N,N,N,SEG_V3.2,2026-06-29,2026-06-29 19:55:29.601141
432,ENGAGED_MAINSTREAM,2,0,4670.68,100.0,0.0,100.0,ESTABLISHED (3-7yr),MILLENNIAL,AFFLUENT,,N,N,N,SEG_V3.2,2026-06-29,2026-06-29 19:55:29.601141
433,VALUE_BASIC,3,0,2307.66,100.0,0.0,25.0,LOYAL (7yr+),GEN_X,LOW,,Y,N,N,SEG_V3.2,2026-06-29,2026-06-29 19:55:29.601141
434,GROWING_DIGITAL,1,0,8602.69,100.0,0.0,50.0,LOYAL (7yr+),MILLENNIAL,AFFLUENT,,N,N,N,SEG_V3.2,2026-06-29,2026-06-29 19:55:29.601141
435,PREMIUM_WEALTH,0,0,18494.7,75.0,0.0,100.0,LOYAL (7yr+),GEN_Z,HIGH_NET_WORTH,,N,N,N,SEG_V3.2,2026-06-29,2026-06-29 19:55:29.601141
436,ENGAGED_MAINSTREAM,2,0,3168.85,100.0,0.0,50.0,ESTABLISHED (3-7yr),BOOMER,AFFLUENT,,N,N,N,SEG_V3.2,2026-06-29,2026-06-29 19:55:29.601141
437,GROWING_DIGITAL,1,0,1340.67,100.0,0.0,50.0,DEVELOPING (1-3yr),GEN_Z,HIGH_NET_WORTH,,N,N,N,SEG_V3.2,2026-06-29,2026-06-29 19:55:29.601141
439,PREMIUM_WEALTH,0,0,14448.55,75.0,0.0,100.0,LOYAL (7yr+),GEN_X,HIGH_NET_WORTH,,N,N,N,SEG_V3.2,2026-06-29,2026-06-29 19:55:29.601141
440,GROWING_DIGITAL,1,0,3175.97,100.0,0.0,25.0,LOYAL (7yr+),BOOMER,AFFLUENT,,Y,N,N,SEG_V3.2,2026-06-29,2026-06-29 19:55:29.601141
441,GROWING_DIGITAL,1,0,3108.21,100.0,0.0,50.0,ESTABLISHED (3-7yr),GEN_X,AFFLUENT,,N,N,N,SEG_V3.2,2026-06-29,2026-06-29 19:55:29.601141
443,PREMIUM_WEALTH,0,0,15377.34,100.0,0.0,100.0,LOYAL (7yr+),BOOMER,HIGH_NET_WORTH,,N,N,N,SEG_V3.2,2026-06-29,2026-06-29 19:55:29.601141
444,VALUE_BASIC,3,0,2029.01,100.0,0.0,25.0,LOYAL (7yr+),BOOMER,MODERATE,,Y,Y,N,SEG_V3.2,2026-06-29,2026-06-29 19:55:29.601141
445,GROWING_DIGITAL,1,0,4076.33,100.0,0.0,25.0,LOYAL (7yr+),BOOMER,AFFLUENT,,Y,N,N,SEG_V3.2,2026-06-29,2026-06-29 19:55:29.601141
448,GROWING_DIGITAL,1,0,11573.2,100.0,0.0,75.0,LOYAL (7yr+),GEN_X,HIGH_NET_WORTH,,N,N,N,SEG_V3.2,2026-06-29,2026-06-29 19:55:29.601141
449,GROWING_DIGITAL,1,0,363.18,100.0,0.0,25.0,DEVELOPING (1-3yr),GEN_X,AFFLUENT,,Y,N,N,SEG_V3.2,2026-06-29,2026-06-29 19:55:29.601141
450,ENGAGED_MAINSTREAM,2,0,8900.24,75.0,0.0,100.0,ESTABLISHED (3-7yr),GEN_X,HIGH_NET_WORTH,,N,N,N,SEG_V3.2,2026-06-29,2026-06-29 19:55:29.601141
451,ENGAGED_MAINSTREAM,2,0,7585.72,100.0,0.0,100.0,ESTABLISHED (3-7yr),GEN_X,HIGH_NET_WORTH,,N,N,N,SEG_V3.2,2026-06-29,2026-06-29 19:55:29.601141
452,PREMIUM_WEALTH,0,0,17426.87,75.0,0.0,100.0,LOYAL (7yr+),MILLENNIAL,AFFLUENT,,N,N,N,SEG_V3.2,2026-06-29,2026-06-29 19:55:29.601141
453,ENGAGED_MAINSTREAM,2,0,1071.49,100.0,0.0,75.0,DEVELOPING (1-3yr),GEN_X,AFFLUENT,,N,N,N,SEG_V3.2,2026-06-29,2026-06-29 19:55:29.601141
455,CREDIT_DEPENDENT,4,0,5592.37,66.67,0.0,75.0,ESTABLISHED (3-7yr),BOOMER,HIGH_NET_WORTH,,N,N,N,SEG_V3.2,2026-06-29,2026-06-29 19:55:29.601141
456,PREMIUM_WEALTH,0,0,9549.99,75.0,0.0,100.0,LOYAL (7yr+),GEN_X,AFFLUENT,,N,N,N,SEG_V3.2,2026-06-29,2026-06-29 19:55:29.601141
457,CREDIT_DEPENDENT,4,0,8059.84,50.0,0.0,50.0,LOYAL (7yr+),GEN_Z,AFFLUENT,,N,N,N,SEG_V3.2,2026-06-29,2026-06-29 19:55:29.601141
458,ENGAGED_MAINSTREAM,2,0,121.77,100.0,0.0,100.0,NEW (<1yr),GEN_Z,HIGH_NET_WORTH,,N,N,N,SEG_V3.2,2026-06-29,2026-06-29 19:55:29.601141
459,ENGAGED_MAINSTREAM,2,0,387.11,100.0,0.0,50.0,NEW (<1yr),GEN_Z,AFFLUENT,,N,N,N,SEG_V3.2,2026-06-29,2026-06-29 19:55:29.601141
460,PREMIUM_WEALTH,0,0,9076.1,100.0,0.0,100.0,ESTABLISHED (3-7yr),SILENT,HIGH_NET_WORTH,,N,N,N,SEG_V3.2,2026-06-29,2026-06-29 19:55:29.601141
461,ENGAGED_MAINSTREAM,2,0,158.44,100.0,0.0,50.0,NEW (<1yr),BOOMER,AFFLUENT,,N,N,N,SEG_V3.2,2026-06-29,2026-06-29 19:55:29.601141
462,VALUE_BASIC,3,0,603.15,100.0,0.0,25.0,DEVELOPING (1-3yr),GEN_Z,MODERATE,,Y,Y,N,SEG_V3.2,2026-06-29,2026-06-29 19:55:29.601141
463,CREDIT_DEPENDENT,4,0,8332.79,50.0,0.0,50.0,LOYAL (7yr+),SILENT,AFFLUENT,,N,N,N,SEG_V3.2,2026-06-29,2026-06-29 19:55:29.601141
464,GROWING_DIGITAL,1,0,4008.35,100.0,0.0,75.0,ESTABLISHED (3-7yr),BOOMER,AFFLUENT,,N,N,N,SEG_V3.2,2026-06-29,2026-06-29 19:55:29.601141
466,ENGAGED_MAINSTREAM,2,0,10514.7,75.0,0.0,100.0,LOYAL (7yr+),MILLENNIAL,HIGH_NET_WORTH,,N,N,N,SEG_V3.2,2026-06-29,2026-06-29 19:55:29.601141
467,PREMIUM_WEALTH,0,0,12800.3,66.67,0.0,75.0,LOYAL (7yr+),BOOMER,AFFLUENT,,N,N,N,SEG_V3.2,2026-06-29,2026-06-29 19:55:29.601141
469,GROWING_DIGITAL,1,0,1280.75,100.0,0.0,25.0,ESTABLISHED (3-7yr),BOOMER,AFFLUENT,,Y,N,N,SEG_V3.2,2026-06-29,2026-06-29 19:55:29.601141
471,ENGAGED_MAINSTREAM,2,0,6841.86,100.0,0.0,75.0,LOYAL (7yr+),BOOMER,AFFLUENT,,N,N,N,SEG_V3.2,2026-06-29,2026-06-29 19:55:29.601141
473,GROWING_DIGITAL,1,0,3922.09,100.0,0.0,25.0,LOYAL (7yr+),GEN_X,AFFLUENT,,Y,N,N,SEG_V3.2,2026-06-29,2026-06-29 19:55:29.601141
475,CREDIT_DEPENDENT,4,0,4681.51,50.0,0.0,50.0,ESTABLISHED (3-7yr),GEN_X,AFFLUENT,,N,N,N,SEG_V3.2,2026-06-29,2026-06-29 19:55:29.601141
477,GROWING_DIGITAL,1,0,1499.57,100.0,0.0,25.0,ESTABLISHED (3-7yr),GEN_X,AFFLUENT,,Y,N,N,SEG_V3.2,2026-06-29,2026-06-29 19:55:29.601141
478,GROWING_DIGITAL,1,0,4313.46,100.0,0.0,50.0,ESTABLISHED (3-7yr),SILENT,AFFLUENT,,N,N,N,SEG_V3.2,2026-06-29,2026-06-29 19:55:29.601141
480,PREMIUM_WEALTH,0,0,8839.54,75.0,0.0,100.0,ESTABLISHED (3-7yr),BOOMER,HIGH_NET_WORTH,,N,N,N,SEG_V3.2,2026-06-29,2026-06-29 19:55:29.601141
481,VALUE_BASIC,3,0,2072.03,100.0,0.0,25.0,LOYAL (7yr+),MILLENNIAL,MODERATE,,Y,Y,N,SEG_V3.2,2026-06-29,2026-06-29 19:55:29.601141
482,CREDIT_DEPENDENT,4,0,5097.08,50.0,0.0,50.0,LOYAL (7yr+),SILENT,AFFLUENT,,N,N,N,SEG_V3.2,2026-06-29,2026-06-29 19:55:29.601141
483,ENGAGED_MAINSTREAM,2,0,2798.05,100.0,0.0,75.0,DEVELOPING (1-3yr),BOOMER,AFFLUENT,,N,N,N,SEG_V3.2,2026-06-29,2026-06-29 19:55:29.601141
484,GROWING_DIGITAL,1,0,6792.04,100.0,0.0,50.0,LOYAL (7yr+),SILENT,AFFLUENT,,N,N,N,SEG_V3.2,2026-06-29,2026-06-29 19:55:29.601141
485,GROWING_DIGITAL,1,0,14749.63,100.0,0.0,75.0,LOYAL (7yr+),GEN_Z,HIGH_NET_WORTH,,N,N,N,SEG_V3.2,2026-06-29,2026-06-29 19:55:29.601141
487,PREMIUM_WEALTH,0,0,8740.33,66.67,0.0,75.0,LOYAL (7yr+),GEN_X,AFFLUENT,,N,N,N,SEG_V3.2,2026-06-29,2026-06-29 19:55:29.601141
488,GROWING_DIGITAL,1,0,948.12,100.0,0.0,50.0,DEVELOPING (1-3yr),MILLENNIAL,AFFLUENT,,N,N,N,SEG_V3.2,2026-06-29,2026-06-29 19:55:29.601141
491,PREMIUM_WEALTH,0,0,20840.58,75.0,0.0,100.0,LOYAL (7yr+),BOOMER,HIGH_NET_WORTH,,N,N,N,SEG_V3.2,2026-06-29,2026-06-29 19:55:29.601141
492,ENGAGED_MAINSTREAM,2,0,7065.05,100.0,0.0,75.0,ESTABLISHED (3-7yr),MILLENNIAL,AFFLUENT,,N,N,N,SEG_V3.2,2026-06-29,2026-06-29 19:55:29.601141
493,PREMIUM_WEALTH,0,0,13730.95,100.0,0.0,100.0,LOYAL (7yr+),BOOMER,HIGH_NET_WORTH,,N,N,N,SEG_V3.2,2026-06-29,2026-06-29 19:55:29.601141
494,PREMIUM_WEALTH,0,0,13567.71,100.0,0.0,75.0,LOYAL (7yr+),MILLENNIAL,AFFLUENT,,N,N,N,SEG_V3.2,2026-06-29,2026-06-29 19:55:29.601141
495,ENGAGED_MAINSTREAM,2,0,2501.0,100.0,0.0,100.0,DEVELOPING (1-3yr),MILLENNIAL,HIGH_NET_WORTH,,N,N,N,SEG_V3.2,2026-06-29,2026-06-29 19:55:29.601141
496,PREMIUM_WEALTH,0,0,19442.68,100.0,0.0,100.0,LOYAL (7yr+),SILENT,AFFLUENT,,N,N,N,SEG_V3.2,2026-06-29,2026-06-29 19:55:29.601141
497,GROWING_DIGITAL,1,0,2514.46,100.0,0.0,50.0,ESTABLISHED (3-7yr),SILENT,AFFLUENT,,N,N,N,SEG_V3.2,2026-06-29,2026-06-29 19:55:29.601141
498,ENGAGED_MAINSTREAM,2,0,2917.24,100.0,0.0,100.0,DEVELOPING (1-3yr),BOOMER,HIGH_NET_WORTH,,N,N,N,SEG_V3.2,2026-06-29,2026-06-29 19:55:29.601141
