customer_id,total_accounts,active_accounts,total_transactions,total_debit_amt,total_credit_amt,total_fees,top_spend_category,net_cash_flow,avg_transaction_size,digital_txn_pct,monthly_spend_trend,fee_income,interest_income,revenue_contribution,spend_percentile,anomaly_flag,reporting_period,model_version,effective_date,load_ts
1,3,2,79,7371.24,5080.82,543.75,HEALTHCARE,-2290.42,157.62101265822784,51.89620253164557,DOWN,543.75,147.42,691.17,39.8,N,2026-04,TXN_V2.1,2026-04-10,2026-04-10 11:28:08.695308
2,2,2,142,16922.8,7847.66,1033.33,TRAVEL,-9075.14,174.43985915492956,38.022253521126764,DOWN,1033.33,338.46,1371.79,88.6,N,2026-04,TXN_V2.1,2026-04-10,2026-04-10 11:28:08.695308
3,4,3,184,17436.98,7781.0599999999995,1056.3400000000001,ENTERTAINMENT,-9655.92,137.0545652173913,44.02440217391304,DOWN,1056.3400000000001,348.74,1405.0800000000002,90.0,N,2026-04,TXN_V2.1,2026-04-10,2026-04-10 11:28:08.695308
4,3,3,163,19109.17,9570.57,207.97,RETAIL,-9538.599999999999,175.94932515337422,42.32705521472393,DOWN,207.97,382.18,590.15,92.2,N,2026-04,TXN_V2.1,2026-04-10,2026-04-10 11:28:08.695308
5,3,2,105,13855.880000000001,7382.370000000001,7.51,ENTERTAINMENT,-6473.51,202.26904761904763,39.04742857142857,DOWN,7.51,277.12,284.63,76.4,N,2026-04,TXN_V2.1,2026-04-10,2026-04-10 11:28:08.695308
6,4,4,120,7394.17,6197.55,1554.6100000000001,ENTERTAINMENT,-1196.62,113.26433333333334,43.3305,DOWN,1554.6100000000001,147.88,1702.4900000000002,40.4,N,2026-04,TXN_V2.1,2026-04-10,2026-04-10 11:28:08.695308
7,2,1,28,1249.6499999999999,2348.45,325.81,TRAVEL,1098.8,128.5035714285714,39.28285714285714,UP,325.81,24.99,350.8,2.8,N,2026-04,TXN_V2.1,2026-04-10,2026-04-10 11:28:08.695308
8,2,1,30,1425.6100000000001,1288.67,198.8,RETAIL,-136.94000000000005,90.47600000000001,36.664,STABLE,198.8,28.51,227.31,3.8,N,2026-04,TXN_V2.1,2026-04-10,2026-04-10 11:28:08.695308
9,2,2,148,12798.6,5913.66,852.76,RESTAURANT,-6884.9400000000005,126.4341891891892,41.89554054054054,DOWN,852.76,255.97,1108.73,71.6,N,2026-04,TXN_V2.1,2026-04-10,2026-04-10 11:28:08.695308
10,2,2,103,22738.06,3560.42,629.38,ENTERTAINMENT,-19177.64,255.32504854368935,40.77873786407767,DOWN,629.38,454.76,1084.1399999999999,95.8,N,2026-04,TXN_V2.1,2026-04-10,2026-04-10 11:28:08.695308
11,2,2,54,2377.96,1703.77,286.27,UTILITIES,-674.19,75.5875925925926,38.88962962962964,DOWN,286.27,47.56,333.83,7.4,N,2026-04,TXN_V2.1,2026-04-10,2026-04-10 11:28:08.695308
12,2,2,60,4117.9400000000005,4555.66,190.1,UTILITIES,437.71999999999935,144.56,34.9995,STABLE,190.1,82.36,272.46,15.2,N,2026-04,TXN_V2.1,2026-04-10,2026-04-10 11:28:08.695308
13,3,3,130,6375.37,12580.02,792.4200000000001,GAS_STATION,6204.650000000001,145.8106923076923,40.770153846153846,UP,792.4200000000001,127.51,919.9300000000001,34.0,N,2026-04,TXN_V2.1,2026-04-10,2026-04-10 11:28:08.695308
14,4,4,224,19992.32,14734.47,1724.25,HEALTHCARE,-5257.85,155.0303125,38.39183035714285,DOWN,1724.25,399.85,2124.1,93.6,N,2026-04,TXN_V2.1,2026-04-10,2026-04-10 11:28:08.695308
15,4,4,226,16889.68,9258.62,1195.72,GAMBLING,-7631.0599999999995,115.70044247787612,29.204469026548672,DOWN,1195.72,337.79,1533.51,88.2,N,2026-04,TXN_V2.1,2026-04-10,2026-04-10 11:28:08.695308
16,2,2,55,2515.87,2199.79,281.97,UTILITIES,-316.0799999999999,85.73927272727272,49.094181818181816,STABLE,281.97,50.32,332.29,8.0,N,2026-04,TXN_V2.1,2026-04-10,2026-04-10 11:28:08.695308
17,1,1,18,3553.59,797.39,49.75,GROCERY,-2756.2000000000003,241.72111111111113,33.34,DOWN,49.75,71.07,120.82,11.8,N,2026-04,TXN_V2.1,2026-04-10,2026-04-10 11:28:08.695308
18,3,3,104,9576.060000000001,6297.01,920.44,WIRE_TRANSFER_INTL,-3279.050000000001,152.62567307692308,48.080576923076926,DOWN,920.44,191.52,1111.96,53.8,N,2026-04,TXN_V2.1,2026-04-10,2026-04-10 11:28:08.695308
19,1,1,30,871.75,2368.38,83.9,RETAIL,1496.63,108.00433333333334,40.0,UP,83.9,17.43,101.33000000000001,1.0,N,2026-04,TXN_V2.1,2026-04-10,2026-04-10 11:28:08.695308
20,2,2,90,5419.0,6919.0599999999995,358.84000000000003,GAMBLING,1500.0599999999995,137.08955555555556,37.775999999999996,UP,358.84000000000003,108.38,467.22,26.4,N,2026-04,TXN_V2.1,2026-04-10,2026-04-10 11:28:08.695308
21,2,1,22,1734.03,792.98,30.77,GAS_STATION,-941.05,114.86409090909092,45.459545454545456,DOWN,30.77,34.68,65.45,5.2,N,2026-04,TXN_V2.1,2026-04-10,2026-04-10 11:28:08.695308
22,4,4,181,11296.26,10391.72,3671.96,UTILITIES,-904.5400000000009,119.82309392265194,42.541381215469606,DOWN,3671.96,225.93,3897.89,63.6,N,2026-04,TXN_V2.1,2026-04-10,2026-04-10 11:28:08.695308
23,1,1,41,2521.68,2812.31,94.71,GAS_STATION,290.6300000000001,130.09731707317073,51.22,STABLE,94.71,50.43,145.14,8.4,N,2026-04,TXN_V2.1,2026-04-10,2026-04-10 11:28:08.695308
24,4,3,100,6112.77,11301.08,4949.889999999999,HEALTHCARE,5188.3099999999995,174.1385,36.999900000000004,UP,4949.889999999999,122.26,5072.15,31.6,N,2026-04,TXN_V2.1,2026-04-10,2026-04-10 11:28:08.695308
25,2,1,59,10651.460000000001,2075.12,623.31,GAS_STATION,-8576.34,215.7047457627119,42.37135593220339,DOWN,623.31,213.03,836.3399999999999,59.0,N,2026-04,TXN_V2.1,2026-04-10,2026-04-10 11:28:08.695308
26,3,3,124,8691.83,8243.43,45.68,WIRE_TRANSFER_INTL,-448.39999999999964,136.57467741935486,45.96661290322581,STABLE,45.68,173.84,219.52,49.2,N,2026-04,TXN_V2.1,2026-04-10,2026-04-10 11:28:08.695308
27,3,2,77,4301.78,3084.8599999999997,975.76,TRAVEL,-1216.92,95.9303896103896,50.65194805194806,DOWN,975.76,86.04,1061.8,16.8,N,2026-04,TXN_V2.1,2026-04-10,2026-04-10 11:28:08.695308
28,2,2,85,5863.89,4796.78,2265.27,GAMBLING,-1067.1100000000006,125.41964705882353,44.70552941176471,DOWN,2265.27,117.28,2382.55,30.0,N,2026-04,TXN_V2.1,2026-04-10,2026-04-10 11:28:08.695308
29,3,2,150,16563.870000000003,9488.04,2159.68,RESTAURANT,-7075.830000000002,173.67940000000002,44.66793333333334,DOWN,2159.68,331.28,2490.96,87.0,N,2026-04,TXN_V2.1,2026-04-10,2026-04-10 11:28:08.695308
30,2,2,18,3847.25,149.87,195.71,GROCERY,-3697.38,222.0622222222222,44.44444444444444,DOWN,195.71,76.95,272.66,13.4,N,2026-04,TXN_V2.1,2026-04-10,2026-04-10 11:28:08.695308
31,1,1,72,4513.68,7035.88,497.6,TRAVEL,2522.2,160.41055555555556,36.11000000000001,UP,497.6,90.27,587.87,18.4,N,2026-04,TXN_V2.1,2026-04-10,2026-04-10 11:28:08.695308
32,3,2,159,14101.72,9390.2,2654.83,RETAIL,-4711.519999999999,147.74792452830187,46.54188679245283,DOWN,2654.83,282.03,2936.8599999999997,77.6,N,2026-04,TXN_V2.1,2026-04-10,2026-04-10 11:28:08.695308
33,1,1,44,4369.45,2934.48,1825.6,GAMBLING,-1434.9699999999998,165.9984090909091,43.18,DOWN,1825.6,87.39,1912.99,17.2,N,2026-04,TXN_V2.1,2026-04-10,2026-04-10 11:28:08.695308
34,4,4,141,8595.5,8247.5,1496.46,GAMBLING,-348.0,119.45390070921985,43.26382978723404,STABLE,1496.46,171.91,1668.3700000000001,48.4,N,2026-04,TXN_V2.1,2026-04-10,2026-04-10 11:28:08.695308
35,2,1,42,3704.02,5434.759999999999,20.97,GROCERY,1730.7399999999993,217.58999999999997,26.19190476190476,UP,20.97,74.08,95.05,12.2,N,2026-04,TXN_V2.1,2026-04-10,2026-04-10 11:28:08.695308
36,2,2,76,9500.5,5463.679999999999,578.48,UTILITIES,-4036.8200000000006,196.8971052631579,38.155789473684216,DOWN,578.48,190.01,768.49,53.4,N,2026-04,TXN_V2.1,2026-04-10,2026-04-10 11:28:08.695308
37,2,2,96,6935.51,6194.0,938.68,GROCERY,-741.5100000000002,136.76572916666666,38.540625,DOWN,938.68,138.71,1077.3899999999999,36.8,N,2026-04,TXN_V2.1,2026-04-10,2026-04-10 11:28:08.695308
38,3,3,187,20168.94,9990.6,3792.31,ENTERTAINMENT,-10178.339999999998,161.28096256684492,41.17919786096257,DOWN,3792.31,403.38,4195.69,94.2,N,2026-04,TXN_V2.1,2026-04-10,2026-04-10 11:28:08.695308
39,2,2,106,10567.57,8814.09,1604.53,GAS_STATION,-1753.4799999999996,182.84584905660378,38.684622641509435,DOWN,1604.53,211.35,1815.8799999999999,58.2,N,2026-04,TXN_V2.1,2026-04-10,2026-04-10 11:28:08.695308
40,3,2,79,6412.509999999999,4920.16,377.29,CRYPTO_EXCHANGE,-1492.3499999999995,143.45151898734176,41.77075949367088,DOWN,377.29,128.25,505.54,34.4,N,2026-04,TXN_V2.1,2026-04-10,2026-04-10 11:28:08.695308
41,1,1,75,10137.84,5287.35,551.75,HEALTHCARE,-4850.49,205.66920000000002,42.669999999999995,DOWN,551.75,202.76,754.51,55.8,N,2026-04,TXN_V2.1,2026-04-10,2026-04-10 11:28:08.695308
42,2,2,81,5919.7699999999995,8480.82,2019.8999999999999,UTILITIES,2561.05,177.78506172839505,35.79555555555555,UP,2019.8999999999999,118.4,2138.2999999999997,30.6,N,2026-04,TXN_V2.1,2026-04-10,2026-04-10 11:28:08.695308
43,2,2,107,10607.96,4470.0199999999995,724.55,CRYPTO_EXCHANGE,-6137.94,140.91570093457943,39.2496261682243,DOWN,724.55,212.16,936.7099999999999,58.6,N,2026-04,TXN_V2.1,2026-04-10,2026-04-10 11:28:08.695308
44,3,3,94,4653.71,3980.38,694.79,TRAVEL,-673.3299999999999,91.85202127659575,44.680851063829785,DOWN,694.79,93.07,787.8599999999999,19.8,N,2026-04,TXN_V2.1,2026-04-10,2026-04-10 11:28:08.695308
45,1,1,59,4158.79,6518.57,628.06,RETAIL,2359.7799999999997,180.97220338983053,32.2,UP,628.06,83.18,711.24,15.4,N,2026-04,TXN_V2.1,2026-04-10,2026-04-10 11:28:08.695308
46,4,4,287,21228.34,19679.1,2237.83,GAMBLING,-1549.2400000000016,142.53463414634146,40.76738675958188,DOWN,2237.83,424.57,2662.4,95.0,N,2026-04,TXN_V2.1,2026-04-10,2026-04-10 11:28:08.695308
47,4,4,180,16759.65,10379.54,1710.76,CRYPTO_EXCHANGE,-6380.110000000001,150.7732777777778,45.00427777777778,DOWN,1710.76,335.19,2045.95,87.8,N,2026-04,TXN_V2.1,2026-04-10,2026-04-10 11:28:08.695308
48,3,3,156,23297.35,12466.01,3282.88,UTILITIES,-10831.339999999998,229.2523076923077,38.461923076923085,DOWN,3282.88,465.95,3748.83,96.4,N,2026-04,TXN_V2.1,2026-04-10,2026-04-10 11:28:08.695308
49,2,2,81,4468.4,4501.96,1068.6399999999999,HEALTHCARE,33.5600000000004,110.74518518518519,30.864074074074075,STABLE,1068.6399999999999,89.37,1158.0099999999998,18.0,N,2026-04,TXN_V2.1,2026-04-10,2026-04-10 11:28:08.695308
50,3,3,181,16413.39,19716.46,3696.47,RETAIL,3303.0699999999997,199.6124309392265,34.80486187845304,UP,3696.47,328.27,4024.74,85.6,N,2026-04,TXN_V2.1,2026-04-10,2026-04-10 11:28:08.695308
51,1,1,23,1705.6,1428.05,0.0,HEALTHCARE,-277.54999999999995,136.24565217391302,39.129999999999995,STABLE,0.0,34.11,34.11,5.0,N,2026-04,TXN_V2.1,2026-04-10,2026-04-10 11:28:08.695308
52,2,2,101,7968.46,14492.789999999999,3390.17,UTILITIES,6524.329999999999,222.38861386138615,43.561683168316826,UP,3390.17,159.37,3549.54,44.4,N,2026-04,TXN_V2.1,2026-04-10,2026-04-10 11:28:08.695308
53,4,3,127,16304.350000000002,10673.619999999999,1684.4899999999998,GAMBLING,-5630.730000000003,212.42496062992126,37.79472440944882,DOWN,1684.4899999999998,326.09,2010.5799999999997,85.2,N,2026-04,TXN_V2.1,2026-04-10,2026-04-10 11:28:08.695308
54,2,2,110,11925.33,10656.130000000001,243.40999999999997,TRAVEL,-1269.199999999999,205.286,43.632000000000005,DOWN,243.40999999999997,238.51,481.91999999999996,66.4,N,2026-04,TXN_V2.1,2026-04-10,2026-04-10 11:28:08.695308
55,3,2,86,6257.88,3690.11,269.41,TRAVEL,-2567.77,115.6743023255814,34.88534883720931,DOWN,269.41,125.16,394.57000000000005,32.4,N,2026-04,TXN_V2.1,2026-04-10,2026-04-10 11:28:08.695308
56,3,3,122,14439.0,9790.83,880.04,WIRE_TRANSFER_INTL,-4648.17,198.60516393442623,38.52426229508197,DOWN,880.04,288.78,1168.82,80.4,N,2026-04,TXN_V2.1,2026-04-10,2026-04-10 11:28:08.695308
57,2,2,95,10180.63,3121.16,257.1,RETAIL,-7059.469999999999,140.01884210526316,45.26757894736842,DOWN,257.1,203.61,460.71000000000004,56.2,N,2026-04,TXN_V2.1,2026-04-10,2026-04-10 11:28:08.695308
58,1,1,20,1264.91,985.37,112.88,GAS_STATION,-279.5400000000001,112.51400000000001,35.0,STABLE,112.88,25.3,138.18,3.2,N,2026-04,TXN_V2.1,2026-04-10,2026-04-10 11:28:08.695308
59,2,2,72,10065.95,4061.0,4046.7599999999998,ENTERTAINMENT,-6004.950000000001,196.2076388888889,34.72222222222222,DOWN,4046.7599999999998,201.32,4248.08,55.6,N,2026-04,TXN_V2.1,2026-04-10,2026-04-10 11:28:08.695308
60,2,1,42,1856.12,6173.6,152.01,ENTERTAINMENT,4317.4800000000005,191.18380952380954,45.234285714285704,UP,152.01,37.12,189.13,5.4,N,2026-04,TXN_V2.1,2026-04-10,2026-04-10 11:28:08.695308
61,2,2,65,8722.65,3100.96,1882.06,TRAVEL,-5621.69,181.90169230769231,47.693230769230766,DOWN,1882.06,174.45,2056.5099999999998,49.4,N,2026-04,TXN_V2.1,2026-04-10,2026-04-10 11:28:08.695308
62,2,2,113,7893.349999999999,11322.66,1851.86,ENTERTAINMENT,3429.3100000000004,170.05318584070795,45.13176991150442,UP,1851.86,157.87,2009.73,44.0,N,2026-04,TXN_V2.1,2026-04-10,2026-04-10 11:28:08.695308
63,4,4,168,13810.82,14253.279999999999,1810.26,GAMBLING,442.4599999999991,167.04821428571427,35.71321428571429,STABLE,1810.26,276.22,2086.48,76.2,N,2026-04,TXN_V2.1,2026-04-10,2026-04-10 11:28:08.695308
64,4,3,88,6953.83,3578.88,607.12,TRAVEL,-3374.95,119.68988636363635,44.314772727272725,DOWN,607.12,139.08,746.2,37.2,N,2026-04,TXN_V2.1,2026-04-10,2026-04-10 11:28:08.695308
65,4,4,107,8136.78,7710.48,858.06,GAS_STATION,-426.3000000000002,148.1052336448598,37.385794392523366,STABLE,858.06,162.74,1020.8,45.2,N,2026-04,TXN_V2.1,2026-04-10,2026-04-10 11:28:08.695308
66,1,1,28,4271.95,1554.26,5478.12,ENTERTAINMENT,-2717.6899999999996,208.07892857142858,32.15,DOWN,5478.12,85.44,5563.5599999999995,16.4,N,2026-04,TXN_V2.1,2026-04-10,2026-04-10 11:28:08.695308
67,3,3,144,9076.630000000001,8166.75,3054.15,GROCERY,-909.880000000001,119.74569444444445,40.27819444444445,DOWN,3054.15,181.53,3235.6800000000003,51.8,N,2026-04,TXN_V2.1,2026-04-10,2026-04-10 11:28:08.695308
68,3,2,108,13368.94,5335.49,619.05,RESTAURANT,-8033.450000000001,173.18916666666667,37.96324074074074,DOWN,619.05,267.38,886.43,75.0,N,2026-04,TXN_V2.1,2026-04-10,2026-04-10 11:28:08.695308
69,2,2,120,14470.1,4906.5599999999995,3117.4900000000002,GROCERY,-9563.54,161.47216666666665,44.166,DOWN,3117.4900000000002,289.4,3406.8900000000003,80.6,N,2026-04,TXN_V2.1,2026-04-10,2026-04-10 11:28:08.695308
70,3,3,74,3777.51,3320.56,264.62,GAMBLING,-456.9500000000003,95.91986486486486,37.84,STABLE,264.62,75.55,340.17,12.8,N,2026-04,TXN_V2.1,2026-04-10,2026-04-10 11:28:08.695308
71,3,3,62,6009.71,25398.079999999998,129.3,GAS_STATION,19388.37,506.57725806451606,32.2608064516129,UP,129.3,120.19,249.49,31.0,N,2026-04,TXN_V2.1,2026-04-10,2026-04-10 11:28:08.695308
72,2,2,113,8180.27,8307.54,715.94,TRAVEL,127.27000000000044,145.90982300884957,32.74504424778761,STABLE,715.94,163.61,879.5500000000001,45.8,N,2026-04,TXN_V2.1,2026-04-10,2026-04-10 11:28:08.695308
73,2,2,117,9344.74,10447.35,734.15,CRYPTO_EXCHANGE,1102.6100000000006,169.1631623931624,35.04871794871794,UP,734.15,186.89,921.04,52.4,N,2026-04,TXN_V2.1,2026-04-10,2026-04-10 11:28:08.695308
74,3,3,161,24331.23,9564.02,1632.6699999999998,TRAVEL,-14767.21,210.52950310559007,37.272173913043474,DOWN,1632.6699999999998,486.62,2119.29,97.0,N,2026-04,TXN_V2.1,2026-04-10,2026-04-10 11:28:08.695308
75,2,2,72,4376.7,5960.63,465.76,TRAVEL,1583.9300000000003,143.5740277777778,48.61000000000001,UP,465.76,87.53,553.29,17.4,N,2026-04,TXN_V2.1,2026-04-10,2026-04-10 11:28:08.695308
76,1,1,68,5246.72,1464.55,1552.89,GAS_STATION,-3782.17,98.69514705882354,39.71,DOWN,1552.89,104.93,1657.8200000000002,24.6,N,2026-04,TXN_V2.1,2026-04-10,2026-04-10 11:28:08.695308
77,2,2,117,11130.46,5729.95,826.5999999999999,CRYPTO_EXCHANGE,-5400.509999999999,144.10606837606838,41.88410256410256,DOWN,826.5999999999999,222.61,1049.21,61.6,N,2026-04,TXN_V2.1,2026-04-10,2026-04-10 11:28:08.695308
78,4,4,97,8522.6,3483.1800000000003,668.5699999999999,RESTAURANT,-5039.42,123.77092783505155,40.210309278350515,DOWN,668.5699999999999,170.45,839.02,47.6,N,2026-04,TXN_V2.1,2026-04-10,2026-04-10 11:28:08.695308
79,1,1,18,1387.5,394.53,167.12,TRAVEL,-992.97,99.00166666666667,44.44,DOWN,167.12,27.75,194.87,3.6,N,2026-04,TXN_V2.1,2026-04-10,2026-04-10 11:28:08.695308
80,3,3,115,6193.02,5732.0,1850.99,RESTAURANT,-461.02000000000044,103.69582608695653,39.131913043478264,STABLE,1850.99,123.86,1974.85,32.0,N,2026-04,TXN_V2.1,2026-04-10,2026-04-10 11:28:08.695308
81,1,1,76,4998.62,6104.78,2361.97,GROCERY,1106.1599999999999,146.09736842105264,38.16,UP,2361.97,99.97,2461.9399999999996,22.0,N,2026-04,TXN_V2.1,2026-04-10,2026-04-10 11:28:08.695308
82,3,3,152,19102.78,10714.32,1293.0,UTILITIES,-8388.46,196.16513157894735,46.05736842105263,DOWN,1293.0,382.06,1675.06,92.0,N,2026-04,TXN_V2.1,2026-04-10,2026-04-10 11:28:08.695308
83,3,3,166,13775.82,15809.35,522.03,CRYPTO_EXCHANGE,2033.5300000000007,178.2239156626506,48.79662650602409,UP,522.03,275.52,797.55,76.0,N,2026-04,TXN_V2.1,2026-04-10,2026-04-10 11:28:08.695308
84,3,3,107,7601.0199999999995,8257.25,1584.46,CRYPTO_EXCHANGE,656.2300000000005,148.2081308411215,36.44626168224299,STABLE,1584.46,152.02,1736.48,42.2,N,2026-04,TXN_V2.1,2026-04-10,2026-04-10 11:28:08.695308
85,2,2,111,5941.93,6523.49,1920.67,CRYPTO_EXCHANGE,581.5599999999995,112.30108108108108,37.83846846846847,UP,1920.67,118.84,2039.51,30.8,N,2026-04,TXN_V2.1,2026-04-10,2026-04-10 11:28:08.695308
86,2,2,67,4521.93,3891.97,3341.4500000000003,RESTAURANT,-629.9600000000005,125.58059701492537,43.285223880597016,DOWN,3341.4500000000003,90.44,3431.8900000000003,18.6,N,2026-04,TXN_V2.1,2026-04-10,2026-04-10 11:28:08.695308
87,2,2,60,6513.75,3094.75,1416.47,GAS_STATION,-3419.0,160.14166666666668,45.001666666666665,DOWN,1416.47,130.28,1546.75,34.8,N,2026-04,TXN_V2.1,2026-04-10,2026-04-10 11:28:08.695308
88,3,2,65,4324.6,3680.23,460.63,HEALTHCARE,-644.3700000000003,123.15123076923076,36.92123076923077,DOWN,460.63,86.49,547.12,17.0,N,2026-04,TXN_V2.1,2026-04-10,2026-04-10 11:28:08.695308
89,1,1,12,887.78,1016.09,0.0,GROCERY,128.31000000000006,158.65583333333333,33.34000000000001,STABLE,0.0,17.76,17.76,1.2,N,2026-04,TXN_V2.1,2026-04-10,2026-04-10 11:28:08.695308
90,4,3,172,11742.9,8613.32,3695.56,RETAIL,-3129.58,118.35011627906978,37.78883720930233,DOWN,3695.56,234.86,3930.42,65.8,N,2026-04,TXN_V2.1,2026-04-10,2026-04-10 11:28:08.695308
91,2,1,97,11549.18,3755.86,674.97,GAS_STATION,-7793.32,157.7839175257732,43.29845360824742,DOWN,674.97,230.98,905.95,64.6,N,2026-04,TXN_V2.1,2026-04-10,2026-04-10 11:28:08.695308
92,2,2,89,5832.299999999999,3274.26,528.23,UTILITIES,-2558.039999999999,102.32089887640448,44.947640449438204,DOWN,528.23,116.65,644.88,29.2,N,2026-04,TXN_V2.1,2026-04-10,2026-04-10 11:28:08.695308
93,4,3,163,11443.84,10793.009999999998,3413.9700000000003,RESTAURANT,-650.8300000000017,136.4223926380368,38.040184049079755,STABLE,3413.9700000000003,228.88,3642.8500000000004,64.4,N,2026-04,TXN_V2.1,2026-04-10,2026-04-10 11:28:08.695308
94,1,1,13,1438.74,214.86,0.0,GAMBLING,-1223.88,127.19999999999999,46.15,DOWN,0.0,28.77,28.77,4.0,N,2026-04,TXN_V2.1,2026-04-10,2026-04-10 11:28:08.695308
95,1,1,70,5825.34,4575.96,374.77,HEALTHCARE,-1249.38,148.59,38.57000000000001,DOWN,374.77,116.51,491.28,29.0,N,2026-04,TXN_V2.1,2026-04-10,2026-04-10 11:28:08.695308
96,3,3,181,17305.9,14307.630000000001,1309.88,TRAVEL,-2998.2700000000004,174.66038674033152,32.5985635359116,DOWN,1309.88,346.12,1656.0,89.6,N,2026-04,TXN_V2.1,2026-04-10,2026-04-10 11:28:08.695308
97,2,2,73,3421.08,6083.86,699.11,HEALTHCARE,2662.7799999999997,130.20465753424656,31.50602739726028,UP,699.11,68.42,767.53,11.4,N,2026-04,TXN_V2.1,2026-04-10,2026-04-10 11:28:08.695308
98,2,2,112,6738.09,11218.98,834.8,CRYPTO_EXCHANGE,4480.889999999999,160.33098214285715,41.074821428571425,UP,834.8,134.76,969.56,35.6,N,2026-04,TXN_V2.1,2026-04-10,2026-04-10 11:28:08.695308
99,1,1,8,998.48,436.02,0.0,CRYPTO_EXCHANGE,-562.46,179.3125,25.0,STABLE,0.0,19.97,19.97,2.0,N,2026-04,TXN_V2.1,2026-04-10,2026-04-10 11:28:08.695308
100,1,1,58,4087.96,5792.13,223.1,RESTAURANT,1704.17,170.34637931034484,34.48,UP,223.1,81.76,304.86,14.6,N,2026-04,TXN_V2.1,2026-04-10,2026-04-10 11:28:08.695308
101,2,2,123,10162.76,6287.4400000000005,675.21,WIRE_TRANSFER_INTL,-3875.3199999999997,133.74146341463415,34.14878048780488,DOWN,675.21,203.26,878.47,56.0,N,2026-04,TXN_V2.1,2026-04-10,2026-04-10 11:28:08.695308
102,3,3,90,6322.25,6891.53,635.78,RESTAURANT,569.2799999999997,146.81977777777777,34.43866666666667,STABLE,635.78,126.44,762.22,33.2,N,2026-04,TXN_V2.1,2026-04-10,2026-04-10 11:28:08.695308
103,4,4,184,9607.43,10644.16,6012.8099999999995,GAMBLING,1036.7299999999996,110.06298913043479,33.69510869565217,UP,6012.8099999999995,192.15,6204.959999999999,54.2,N,2026-04,TXN_V2.1,2026-04-10,2026-04-10 11:28:08.695308
104,2,2,78,10736.960000000001,3333.54,248.92,TRAVEL,-7403.420000000001,180.39102564102564,32.048974358974355,DOWN,248.92,214.74,463.65999999999997,60.0,N,2026-04,TXN_V2.1,2026-04-10,2026-04-10 11:28:08.695308
105,3,3,199,42548.479999999996,16538.75,3815.92,ENTERTAINMENT,-26009.729999999996,296.9207537688442,37.68819095477387,DOWN,3815.92,850.97,4666.89,99.6,Y,2026-04,TXN_V2.1,2026-04-10,2026-04-10 11:28:08.695308
106,2,2,55,4536.98,2859.1099999999997,1093.65,GAMBLING,-1677.87,134.47436363636362,32.7290909090909,DOWN,1093.65,90.74,1184.39,18.8,N,2026-04,TXN_V2.1,2026-04-10,2026-04-10 11:28:08.695308
107,2,2,88,16195.42,2720.96,1412.39,RESTAURANT,-13474.46,214.95886363636365,45.4515909090909,DOWN,1412.39,323.91,1736.3000000000002,85.0,N,2026-04,TXN_V2.1,2026-04-10,2026-04-10 11:28:08.695308
108,1,1,70,8587.15,2136.87,674.18,GROCERY,-6450.28,153.2002857142857,42.85,DOWN,674.18,171.74,845.92,48.0,N,2026-04,TXN_V2.1,2026-04-10,2026-04-10 11:28:08.695308
109,2,2,90,6013.78,3926.62,321.46,UTILITIES,-2087.16,110.44888888888889,35.55911111111111,DOWN,321.46,120.28,441.74,31.2,N,2026-04,TXN_V2.1,2026-04-10,2026-04-10 11:28:08.695308
110,3,3,149,16933.95,13973.759999999998,771.4799999999999,GROCERY,-2960.1900000000023,207.43429530201342,42.27852348993289,DOWN,771.4799999999999,338.68,1110.1599999999999,88.8,N,2026-04,TXN_V2.1,2026-04-10,2026-04-10 11:28:08.695308
111,2,2,90,6613.889999999999,7219.26,571.46,RETAIL,605.3700000000008,153.70166666666665,42.221222222222224,STABLE,571.46,132.28,703.74,35.2,N,2026-04,TXN_V2.1,2026-04-10,2026-04-10 11:28:08.695308
112,1,0,10,2247.64,526.53,0.0,RETAIL,-1721.11,277.41700000000003,50.0,DOWN,0.0,44.95,44.95,6.4,N,2026-04,TXN_V2.1,2026-04-10,2026-04-10 11:28:08.695308
113,3,3,117,12751.75,4392.3,1290.7199999999998,CRYPTO_EXCHANGE,-8359.45,146.53034188034187,39.315384615384616,DOWN,1290.7199999999998,255.04,1545.7599999999998,71.0,N,2026-04,TXN_V2.1,2026-04-10,2026-04-10 11:28:08.695308
114,2,2,87,10397.949999999999,12492.779999999999,2204.33,GAMBLING,2094.83,263.11183908045973,43.676896551724134,UP,2204.33,207.96,2412.29,57.2,N,2026-04,TXN_V2.1,2026-04-10,2026-04-10 11:28:08.695308
115,4,4,169,13213.1,10733.98,1458.26,GROCERY,-2479.120000000001,141.69869822485208,40.82792899408284,DOWN,1458.26,264.26,1722.52,73.8,N,2026-04,TXN_V2.1,2026-04-10,2026-04-10 11:28:08.695308
116,2,1,77,7381.58,2844.59,3601.54,HEALTHCARE,-4536.99,132.8074025974026,41.55402597402597,DOWN,3601.54,147.63,3749.17,40.0,N,2026-04,TXN_V2.1,2026-04-10,2026-04-10 11:28:08.695308
117,2,2,94,14416.79,5034.88,1143.3,ENTERTAINMENT,-9381.91,206.93265957446812,35.10489361702128,DOWN,1143.3,288.34,1431.6399999999999,80.0,N,2026-04,TXN_V2.1,2026-04-10,2026-04-10 11:28:08.695308
118,2,1,46,5295.07,2922.22,99.17,GAMBLING,-2372.85,178.63673913043476,45.65217391304348,DOWN,99.17,105.9,205.07,25.0,N,2026-04,TXN_V2.1,2026-04-10,2026-04-10 11:28:08.695308
119,3,3,105,4949.69,3892.42,1090.97,GROCERY,-1057.2699999999995,84.21057142857143,35.234,DOWN,1090.97,98.99,1189.96,21.6,N,2026-04,TXN_V2.1,2026-04-10,2026-04-10 11:28:08.695308
120,2,2,116,6176.99,6124.639999999999,643.26,UTILITIES,-52.350000000000364,106.04853448275861,36.20844827586207,STABLE,643.26,123.54,766.8,31.8,N,2026-04,TXN_V2.1,2026-04-10,2026-04-10 11:28:08.695308
121,2,2,103,4667.8,4236.99,1268.61,RETAIL,-430.8100000000004,86.4542718446602,33.97650485436893,STABLE,1268.61,93.36,1361.9699999999998,20.0,N,2026-04,TXN_V2.1,2026-04-10,2026-04-10 11:28:08.695308
122,2,2,64,7983.379999999999,6308.8,123.89999999999999,GROCERY,-1674.579999999999,223.3153125,46.875,DOWN,123.89999999999999,159.67,283.57,44.8,N,2026-04,TXN_V2.1,2026-04-10,2026-04-10 11:28:08.695308
123,2,2,87,4500.299999999999,6185.71,249.01,CRYPTO_EXCHANGE,1685.4100000000008,122.82770114942527,48.26965517241379,UP,249.01,90.01,339.02,18.2,N,2026-04,TXN_V2.1,2026-04-10,2026-04-10 11:28:08.695308
124,3,3,62,5284.05,3943.3,14.47,HEALTHCARE,-1340.75,148.82822580645163,43.550483870967746,DOWN,14.47,105.68,120.15,24.8,N,2026-04,TXN_V2.1,2026-04-10,2026-04-10 11:28:08.695308
125,2,2,116,10422.77,9890.05,627.97,RETAIL,-532.7200000000012,175.1105172413793,34.48913793103448,STABLE,627.97,208.46,836.4300000000001,57.4,N,2026-04,TXN_V2.1,2026-04-10,2026-04-10 11:28:08.695308
126,4,2,144,12760.04,12935.640000000001,1379.29,HEALTHCARE,175.60000000000036,178.44222222222223,41.666805555555555,STABLE,1379.29,255.2,1634.49,71.2,N,2026-04,TXN_V2.1,2026-04-10,2026-04-10 11:28:08.695308
127,2,2,54,3180.0299999999997,4942.22,13.86,WIRE_TRANSFER_INTL,1762.1900000000005,150.41203703703704,42.5937037037037,UP,13.86,63.6,77.46000000000001,10.2,N,2026-04,TXN_V2.1,2026-04-10,2026-04-10 11:28:08.695308
128,3,3,124,9865.869999999999,4370.06,695.49,HEALTHCARE,-5495.809999999999,114.8058870967742,43.549193548387095,DOWN,695.49,197.32,892.81,55.0,N,2026-04,TXN_V2.1,2026-04-10,2026-04-10 11:28:08.695308
129,3,2,123,12338.12,9643.01,492.54,GAMBLING,-2695.1100000000006,178.70837398373985,31.702113821138212,DOWN,492.54,246.76,739.3,69.2,N,2026-04,TXN_V2.1,2026-04-10,2026-04-10 11:28:08.695308
130,2,1,36,3213.59,1090.31,645.94,GAMBLING,-2123.28,119.55277777777776,47.21916666666666,DOWN,645.94,64.27,710.21,10.4,N,2026-04,TXN_V2.1,2026-04-10,2026-04-10 11:28:08.695308
131,3,3,121,10710.35,6142.38,608.41,RETAIL,-4567.97,139.2787603305785,42.15471074380165,DOWN,608.41,214.21,822.62,59.8,N,2026-04,TXN_V2.1,2026-04-10,2026-04-10 11:28:08.695308
132,3,3,107,6649.96,3578.24,2137.6,ENTERTAINMENT,-3071.7200000000003,95.59065420560748,33.642897196261686,DOWN,2137.6,133.0,2270.6,35.4,N,2026-04,TXN_V2.1,2026-04-10,2026-04-10 11:28:08.695308
133,3,2,86,10624.79,5964.34,678.85,HEALTHCARE,-4660.450000000001,192.8968604651163,43.0239534883721,DOWN,678.85,212.5,891.35,58.8,N,2026-04,TXN_V2.1,2026-04-10,2026-04-10 11:28:08.695308
134,4,4,192,19187.59,10282.8,1964.43,GROCERY,-8904.79,153.49161458333333,38.54052083333333,DOWN,1964.43,383.75,2348.1800000000003,92.4,N,2026-04,TXN_V2.1,2026-04-10,2026-04-10 11:28:08.695308
135,4,3,115,7786.139999999999,6460.99,969.62,CRYPTO_EXCHANGE,-1325.1499999999996,123.88808695652173,34.78156521739131,DOWN,969.62,155.72,1125.34,43.2,N,2026-04,TXN_V2.1,2026-04-10,2026-04-10 11:28:08.695308
136,4,3,174,9231.26,12480.84,3264.59,UTILITIES,3249.58,124.78218390804597,31.610747126436785,UP,3264.59,184.63,3449.2200000000003,52.2,N,2026-04,TXN_V2.1,2026-04-10,2026-04-10 11:28:08.695308
137,4,3,191,18216.15,9116.77,3476.14,WIRE_TRANSFER_INTL,-9099.380000000001,143.1042931937173,41.88403141361257,DOWN,3476.14,364.32,3840.46,91.0,N,2026-04,TXN_V2.1,2026-04-10,2026-04-10 11:28:08.695308
138,2,2,137,10852.04,9607.48,838.38,WIRE_TRANSFER_INTL,-1244.5600000000013,149.3395620437956,35.767445255474456,DOWN,838.38,217.04,1055.42,60.6,N,2026-04,TXN_V2.1,2026-04-10,2026-04-10 11:28:08.695308
139,4,4,207,18834.15,16049.229999999998,1681.1599999999999,CRYPTO_EXCHANGE,-2784.9200000000037,168.51874396135264,40.095314009661834,DOWN,1681.1599999999999,376.68,2057.8399999999997,91.6,N,2026-04,TXN_V2.1,2026-04-10,2026-04-10 11:28:08.695308
140,1,1,26,5001.59,780.58,849.39,HEALTHCARE,-4221.01,222.39115384615386,30.769999999999996,DOWN,849.39,100.03,949.42,22.2,N,2026-04,TXN_V2.1,2026-04-10,2026-04-10 11:28:08.695308
141,3,2,136,8945.76,18425.58,1017.49,GAS_STATION,9479.820000000002,201.2598529411765,41.90764705882353,UP,1017.49,178.92,1196.41,51.6,N,2026-04,TXN_V2.1,2026-04-10,2026-04-10 11:28:08.695308
142,2,2,96,8733.900000000001,8615.79,1054.02,GROCERY,-118.11000000000058,180.72593750000001,42.70791666666667,STABLE,1054.02,174.68,1228.7,49.6,N,2026-04,TXN_V2.1,2026-04-10,2026-04-10 11:28:08.695308
143,2,2,78,5137.16,7500.4800000000005,18.54,UTILITIES,2363.3200000000006,162.02102564102563,41.0224358974359,UP,18.54,102.74,121.28,23.6,N,2026-04,TXN_V2.1,2026-04-10,2026-04-10 11:28:08.695308
144,1,1,55,2319.99,3214.29,75.53,GAMBLING,894.3000000000002,100.62327272727272,41.81999999999999,UP,75.53,46.4,121.93,6.8,N,2026-04,TXN_V2.1,2026-04-10,2026-04-10 11:28:08.695308
145,4,4,226,13933.48,10479.7,2743.99,RETAIL,-3453.779999999999,108.0229203539823,38.05632743362832,DOWN,2743.99,278.67,3022.66,77.0,N,2026-04,TXN_V2.1,2026-04-10,2026-04-10 11:28:08.695308
146,2,2,133,17566.24,7407.75,632.72,ENTERTAINMENT,-10158.490000000002,187.77436090225564,47.36556390977444,DOWN,632.72,351.32,984.04,90.2,N,2026-04,TXN_V2.1,2026-04-10,2026-04-10 11:28:08.695308
147,2,2,126,12355.52,6261.87,912.38,GROCERY,-6093.650000000001,147.75706349206348,38.885714285714286,DOWN,912.38,247.11,1159.49,69.4,N,2026-04,TXN_V2.1,2026-04-10,2026-04-10 11:28:08.695308
148,2,2,143,14862.41,9406.01,790.59,GAMBLING,-5456.4,169.70923076923074,37.761818181818185,DOWN,790.59,297.25,1087.8400000000001,81.6,N,2026-04,TXN_V2.1,2026-04-10,2026-04-10 11:28:08.695308
149,3,3,100,29469.91,9843.29,807.51,CRYPTO_EXCHANGE,-19626.62,393.13199999999995,39.002300000000005,DOWN,807.51,589.4,1396.9099999999999,99.0,N,2026-04,TXN_V2.1,2026-04-10,2026-04-10 11:28:08.695308
150,1,1,47,3733.78,2794.23,476.1,CRYPTO_EXCHANGE,-939.5500000000002,138.89382978723404,36.17,DOWN,476.1,74.68,550.78,12.6,N,2026-04,TXN_V2.1,2026-04-10,2026-04-10 11:28:08.695308
151,2,2,121,10564.960000000001,10533.2,263.78,GAS_STATION,-31.76000000000022,174.364958677686,42.151157024793385,STABLE,263.78,211.3,475.08,58.0,N,2026-04,TXN_V2.1,2026-04-10,2026-04-10 11:28:08.695308
152,2,2,125,13873.15,6739.05,5265.01,ENTERTAINMENT,-7134.099999999999,164.8976,43.99736,DOWN,5265.01,277.46,5542.47,76.8,N,2026-04,TXN_V2.1,2026-04-10,2026-04-10 11:28:08.695308
153,3,3,148,16098.440000000002,6380.07,562.37,UTILITIES,-9718.370000000003,151.88182432432433,37.83756756756757,DOWN,562.37,321.97,884.34,84.8,N,2026-04,TXN_V2.1,2026-04-10,2026-04-10 11:28:08.695308
154,3,3,134,7839.62,6637.5199999999995,1650.51,GAMBLING,-1202.1000000000004,108.03835820895522,44.032462686567165,DOWN,1650.51,156.79,1807.3,43.6,N,2026-04,TXN_V2.1,2026-04-10,2026-04-10 11:28:08.695308
155,2,2,67,8690.83,5294.610000000001,18.08,UTILITIES,-3396.2199999999993,208.7379104477612,47.75522388059702,DOWN,18.08,173.82,191.89999999999998,49.0,N,2026-04,TXN_V2.1,2026-04-10,2026-04-10 11:28:08.695308
156,2,2,148,12639.36,5542.73,1909.7799999999997,UTILITIES,-7096.630000000001,122.85195945945947,39.8629054054054,DOWN,1909.7799999999997,252.79,2162.5699999999997,70.4,N,2026-04,TXN_V2.1,2026-04-10,2026-04-10 11:28:08.695308
157,1,1,52,4202.7,3024.09,199.16,CRYPTO_EXCHANGE,-1178.6099999999997,138.97673076923076,28.850000000000005,DOWN,199.16,84.05,283.21,15.6,N,2026-04,TXN_V2.1,2026-04-10,2026-04-10 11:28:08.695308
158,1,1,8,1877.7,394.59,248.93,WIRE_TRANSFER_INTL,-1483.1100000000001,284.03625,37.5,DOWN,248.93,37.55,286.48,5.6,N,2026-04,TXN_V2.1,2026-04-10,2026-04-10 11:28:08.695308
159,3,3,127,10330.28,22068.31,1492.77,GAMBLING,11738.03,255.10700787401578,34.646220472440945,UP,1492.77,206.61,1699.38,56.8,N,2026-04,TXN_V2.1,2026-04-10,2026-04-10 11:28:08.695308
160,2,2,38,1253.19,3205.51,647.06,CRYPTO_EXCHANGE,1952.3200000000002,117.33421052631581,42.10947368421052,UP,647.06,25.06,672.1199999999999,3.0,N,2026-04,TXN_V2.1,2026-04-10,2026-04-10 11:28:08.695308
161,1,1,41,5086.73,2396.82,217.21,GROCERY,-2689.9099999999994,182.52560975609754,39.02,DOWN,217.21,101.73,318.94,23.4,N,2026-04,TXN_V2.1,2026-04-10,2026-04-10 11:28:08.695308
162,1,1,74,7192.06,4965.48,471.74,GAS_STATION,-2226.580000000001,164.2910810810811,41.89,DOWN,471.74,143.84,615.58,38.8,N,2026-04,TXN_V2.1,2026-04-10,2026-04-10 11:28:08.695308
163,2,2,89,4250.16,5750.47,463.16999999999996,GROCERY,1500.3100000000004,112.36662921348315,51.68696629213484,UP,463.16999999999996,85.0,548.17,16.0,N,2026-04,TXN_V2.1,2026-04-10,2026-04-10 11:28:08.695308
164,2,2,93,8164.64,4642.639999999999,589.25,GAS_STATION,-3522.000000000001,137.712688172043,36.56064516129033,DOWN,589.25,163.29,752.54,45.4,N,2026-04,TXN_V2.1,2026-04-10,2026-04-10 11:28:08.695308
165,3,3,120,12963.489999999998,7445.300000000001,2373.3399999999997,TRAVEL,-5518.189999999997,170.07325,40.837,DOWN,2373.3399999999997,259.27,2632.6099999999997,72.4,N,2026-04,TXN_V2.1,2026-04-10,2026-04-10 11:28:08.695308
166,3,3,55,5070.84,1963.09,515.47,GAS_STATION,-3107.75,127.88963636363637,32.72654545454546,DOWN,515.47,101.42,616.89,23.2,N,2026-04,TXN_V2.1,2026-04-10,2026-04-10 11:28:08.695308
167,3,3,84,4643.95,6878.76,968.07,GAMBLING,2234.8100000000004,137.17511904761903,33.333571428571425,UP,968.07,92.88,1060.95,19.4,N,2026-04,TXN_V2.1,2026-04-10,2026-04-10 11:28:08.695308
168,4,4,180,23438.79,6529.02,4449.77,UTILITIES,-16909.77,166.48783333333333,37.778111111111116,DOWN,4449.77,468.78,4918.55,96.6,N,2026-04,TXN_V2.1,2026-04-10,2026-04-10 11:28:08.695308
169,3,3,143,14175.32,10322.029999999999,2305.01,UTILITIES,-3853.290000000001,171.31013986013986,37.76643356643356,DOWN,2305.01,283.51,2588.5200000000004,78.2,N,2026-04,TXN_V2.1,2026-04-10,2026-04-10 11:28:08.695308
170,2,2,87,4948.5,3347.8100000000004,142.33,HEALTHCARE,-1600.6899999999996,95.35988505747127,43.68,DOWN,142.33,98.97,241.3,21.4,N,2026-04,TXN_V2.1,2026-04-10,2026-04-10 11:28:08.695308
171,3,3,142,12225.64,7257.28,1743.37,HEALTHCARE,-4968.36,137.20366197183097,43.664014084507045,DOWN,1743.37,244.51,1987.8799999999999,68.6,N,2026-04,TXN_V2.1,2026-04-10,2026-04-10 11:28:08.695308
172,3,2,67,7185.969999999999,2857.0,1691.26,RETAIL,-4328.969999999999,149.89507462686566,37.311194029850746,DOWN,1691.26,143.72,1834.98,38.6,N,2026-04,TXN_V2.1,2026-04-10,2026-04-10 11:28:08.695308
173,3,2,98,8221.9,4924.49,520.45,WIRE_TRANSFER_INTL,-3297.41,134.14683673469386,40.81397959183673,DOWN,520.45,164.44,684.8900000000001,46.4,N,2026-04,TXN_V2.1,2026-04-10,2026-04-10 11:28:08.695308
174,2,2,103,8198.7,5338.3,1436.43,GAMBLING,-2860.4000000000005,131.4271844660194,35.92233009708738,DOWN,1436.43,163.97,1600.4,46.2,N,2026-04,TXN_V2.1,2026-04-10,2026-04-10 11:28:08.695308
175,2,2,148,11241.92,8184.049999999999,1243.96,WIRE_TRANSFER_INTL,-3057.870000000001,131.25655405405405,32.43013513513514,DOWN,1243.96,224.84,1468.8,62.8,N,2026-04,TXN_V2.1,2026-04-10,2026-04-10 11:28:08.695308
176,2,2,121,12850.689999999999,6167.9,2009.0099999999998,CRYPTO_EXCHANGE,-6682.789999999999,157.17842975206608,43.80413223140496,DOWN,2009.0099999999998,257.01,2266.0199999999995,71.8,N,2026-04,TXN_V2.1,2026-04-10,2026-04-10 11:28:08.695308
177,4,4,239,18899.05,12940.44,2832.77,GROCERY,-5958.609999999999,133.21962343096234,41.4220920502092,DOWN,2832.77,377.98,3210.75,91.8,N,2026-04,TXN_V2.1,2026-04-10,2026-04-10 11:28:08.695308
178,2,2,105,6989.2,4844.92,765.28,WIRE_TRANSFER_INTL,-2144.2799999999997,112.70590476190475,39.04714285714285,DOWN,765.28,139.78,905.06,37.4,N,2026-04,TXN_V2.1,2026-04-10,2026-04-10 11:28:08.695308
179,2,2,37,4575.03,987.71,58.65,GAMBLING,-3587.3199999999997,150.3443243243243,32.436216216216216,DOWN,58.65,91.5,150.15,19.2,N,2026-04,TXN_V2.1,2026-04-10,2026-04-10 11:28:08.695308
180,2,1,56,4815.29,1830.17,91.47,GROCERY,-2985.12,118.66892857142857,39.279999999999994,DOWN,91.47,96.31,187.78,20.6,N,2026-04,TXN_V2.1,2026-04-10,2026-04-10 11:28:08.695308
181,3,3,83,8051.48,10285.74,71.37,GAMBLING,2234.26,220.93036144578315,31.325903614457832,UP,71.37,161.03,232.4,45.0,N,2026-04,TXN_V2.1,2026-04-10,2026-04-10 11:28:08.695308
182,2,2,90,8416.17,6574.08,418.07,RESTAURANT,-1842.0900000000001,166.55833333333334,43.334999999999994,DOWN,418.07,168.32,586.39,47.0,N,2026-04,TXN_V2.1,2026-04-10,2026-04-10 11:28:08.695308
183,2,2,126,9700.07,8044.21,795.51,GROCERY,-1655.8599999999997,140.82761904761904,44.44333333333333,DOWN,795.51,194.0,989.51,54.6,N,2026-04,TXN_V2.1,2026-04-10,2026-04-10 11:28:08.695308
184,4,3,147,12209.27,6111.37,205.27999999999997,TRAVEL,-6097.900000000001,124.63020408163266,36.0556462585034,DOWN,205.27999999999997,244.19,449.46999999999997,68.4,N,2026-04,TXN_V2.1,2026-04-10,2026-04-10 11:28:08.695308
185,3,3,64,2794.01,3460.2400000000002,377.88000000000005,RETAIL,666.23,97.72265625,39.0653125,UP,377.88000000000005,55.88,433.76000000000005,9.0,N,2026-04,TXN_V2.1,2026-04-10,2026-04-10 11:28:08.695308
186,3,3,71,5005.48,3101.24,116.35,WIRE_TRANSFER_INTL,-1904.2399999999998,114.17915492957745,40.84422535211268,DOWN,116.35,100.11,216.45999999999998,22.4,N,2026-04,TXN_V2.1,2026-04-10,2026-04-10 11:28:08.695308
187,4,4,169,14438.32,24712.92,2147.1,RESTAURANT,10274.599999999999,231.66414201183431,38.45994082840237,UP,2147.1,288.77,2435.87,80.2,N,2026-04,TXN_V2.1,2026-04-10,2026-04-10 11:28:08.695308
188,1,1,64,5363.05,5103.17,881.27,CRYPTO_EXCHANGE,-259.8800000000001,163.53468750000002,48.440000000000005,STABLE,881.27,107.26,988.53,25.6,N,2026-04,TXN_V2.1,2026-04-10,2026-04-10 11:28:08.695308
189,2,2,30,2914.28,2440.68,1241.41,CRYPTO_EXCHANGE,-473.60000000000036,178.49866666666668,43.332,STABLE,1241.41,58.29,1299.7,9.4,N,2026-04,TXN_V2.1,2026-04-10,2026-04-10 11:28:08.695308
190,3,3,116,10665.970000000001,7193.610000000001,1072.6000000000001,GAS_STATION,-3472.3600000000006,153.96189655172415,40.51905172413793,DOWN,1072.6000000000001,213.32,1285.92,59.4,N,2026-04,TXN_V2.1,2026-04-10,2026-04-10 11:28:08.695308
191,2,2,84,12008.15,2494.55,2708.04,GROCERY,-9513.599999999999,172.6511904761905,45.24190476190476,DOWN,2708.04,240.16,2948.2,67.2,N,2026-04,TXN_V2.1,2026-04-10,2026-04-10 11:28:08.695308
192,2,2,56,3627.5,6156.78,1453.21,RESTAURANT,2529.2799999999997,174.7192857142857,33.92678571428572,UP,1453.21,72.55,1525.76,12.0,N,2026-04,TXN_V2.1,2026-04-10,2026-04-10 11:28:08.695308
193,2,2,92,4652.52,6027.030000000001,1814.08,ENTERTAINMENT,1374.5100000000002,116.08206521739132,44.563804347826085,UP,1814.08,93.05,1907.1299999999999,19.6,N,2026-04,TXN_V2.1,2026-04-10,2026-04-10 11:28:08.695308
194,4,4,78,7404.33,5805.11,1206.88,ENTERTAINMENT,-1599.2200000000003,169.35179487179485,29.487051282051286,DOWN,1206.88,148.09,1354.97,40.6,N,2026-04,TXN_V2.1,2026-04-10,2026-04-10 11:28:08.695308
195,2,2,90,8528.81,2833.9,419.86,WIRE_TRANSFER_INTL,-5694.91,126.25233333333333,35.55211111111112,DOWN,419.86,170.58,590.44,47.8,N,2026-04,TXN_V2.1,2026-04-10,2026-04-10 11:28:08.695308
196,1,0,17,996.3,206.01,76.63,ENTERTAINMENT,-790.29,70.72411764705882,47.059999999999995,DOWN,76.63,19.93,96.56,1.8,N,2026-04,TXN_V2.1,2026-04-10,2026-04-10 11:28:08.695308
197,3,3,149,15212.26,10296.74,1516.1100000000001,UTILITIES,-4915.52,171.2013422818792,32.886912751677855,DOWN,1516.1100000000001,304.25,1820.3600000000001,82.6,N,2026-04,TXN_V2.1,2026-04-10,2026-04-10 11:28:08.695308
198,3,3,131,19603.83,6739.34,1264.71,CRYPTO_EXCHANGE,-12864.490000000002,201.09290076335878,46.56824427480915,DOWN,1264.71,392.08,1656.79,93.0,N,2026-04,TXN_V2.1,2026-04-10,2026-04-10 11:28:08.695308
199,2,1,71,4691.52,3266.0899999999997,569.6,RESTAURANT,-1425.4300000000007,112.07901408450705,39.43718309859155,DOWN,569.6,93.83,663.4300000000001,20.2,N,2026-04,TXN_V2.1,2026-04-10,2026-04-10 11:28:08.695308
200,4,4,268,26313.65,20027.44,3029.58,HEALTHCARE,-6286.210000000003,172.9145149253731,36.19526119402985,DOWN,3029.58,526.27,3555.85,98.0,N,2026-04,TXN_V2.1,2026-04-10,2026-04-10 11:28:08.695308
201,1,1,49,2938.48,2541.6,876.27,WIRE_TRANSFER_INTL,-396.8800000000001,111.83836734693877,44.90000000000001,STABLE,876.27,58.77,935.04,9.8,N,2026-04,TXN_V2.1,2026-04-10,2026-04-10 11:28:08.695308
202,3,3,111,8170.43,8431.68,2297.21,RESTAURANT,261.25,149.56855855855855,32.438918918918915,STABLE,2297.21,163.41,2460.62,45.6,N,2026-04,TXN_V2.1,2026-04-10,2026-04-10 11:28:08.695308
203,3,3,153,9547.76,13690.27,1265.4799999999998,UTILITIES,4142.51,151.88254901960784,36.603529411764704,UP,1265.4799999999998,190.96,1456.4399999999998,53.6,N,2026-04,TXN_V2.1,2026-04-10,2026-04-10 11:28:08.695308
204,2,2,123,11684.699999999999,8526.29,1991.27,ENTERTAINMENT,-3158.409999999998,164.3169918699187,47.14837398373983,DOWN,1991.27,233.69,2224.96,65.4,N,2026-04,TXN_V2.1,2026-04-10,2026-04-10 11:28:08.695308
205,2,2,39,5491.25,1579.3700000000001,84.64,GROCERY,-3911.88,181.2979487179487,48.71564102564102,DOWN,84.64,109.82,194.45999999999998,26.8,N,2026-04,TXN_V2.1,2026-04-10,2026-04-10 11:28:08.695308
206,3,3,145,19431.940000000002,9412.2,935.1300000000001,RESTAURANT,-10019.740000000002,198.92510344827588,40.685793103448276,DOWN,935.1300000000001,388.64,1323.77,92.8,N,2026-04,TXN_V2.1,2026-04-10,2026-04-10 11:28:08.695308
207,2,2,104,71265.95,4167.57,307.83,RESTAURANT,-67098.38,725.3223076923076,45.18778846153847,DOWN,307.83,1425.32,1733.1499999999999,99.8,Y,2026-04,TXN_V2.1,2026-04-10,2026-04-10 11:28:08.695308
208,1,1,27,2299.78,1920.43,103.09,GROCERY,-379.35000000000014,156.30407407407407,18.52,STABLE,103.09,46.0,149.09,6.6,N,2026-04,TXN_V2.1,2026-04-10,2026-04-10 11:28:08.695308
209,4,3,186,16428.78,12769.79,1459.8600000000001,RETAIL,-3658.989999999998,156.98155913978493,41.395591397849465,DOWN,1459.8600000000001,328.58,1788.44,86.0,N,2026-04,TXN_V2.1,2026-04-10,2026-04-10 11:28:08.695308
210,1,1,18,4251.6,182.34,17.17,TRAVEL,-4069.26,246.33000000000004,44.44,DOWN,17.17,85.03,102.2,16.2,N,2026-04,TXN_V2.1,2026-04-10,2026-04-10 11:28:08.695308
211,4,4,190,14737.04,34694.57000000001,938.11,CRYPTO_EXCHANGE,19957.530000000006,260.16636842105265,36.84378947368421,UP,938.11,294.74,1232.85,81.2,N,2026-04,TXN_V2.1,2026-04-10,2026-04-10 11:28:08.695308
212,3,2,93,5842.870000000001,6292.08,430.20000000000005,RETAIL,449.2099999999991,130.48333333333335,36.55623655913978,STABLE,430.20000000000005,116.86,547.0600000000001,29.4,N,2026-04,TXN_V2.1,2026-04-10,2026-04-10 11:28:08.695308
213,2,2,77,5916.67,3841.8900000000003,269.52,RESTAURANT,-2074.7799999999997,126.73454545454547,33.762857142857136,DOWN,269.52,118.33,387.84999999999997,30.4,N,2026-04,TXN_V2.1,2026-04-10,2026-04-10 11:28:08.695308
214,4,3,95,9898.36,2781.57,507.43,GROCERY,-7116.790000000001,133.47294736842105,48.41536842105263,DOWN,507.43,197.97,705.4,55.4,N,2026-04,TXN_V2.1,2026-04-10,2026-04-10 11:28:08.695308
215,2,2,52,4545.8,4553.16,205.29999999999998,GAS_STATION,7.359999999999673,174.98,36.53134615384615,STABLE,205.29999999999998,90.92,296.21999999999997,19.0,N,2026-04,TXN_V2.1,2026-04-10,2026-04-10 11:28:08.695308
216,4,4,154,11343.95,12470.86,1285.1399999999999,RETAIL,1126.9099999999999,154.6416233766234,40.91012987012987,UP,1285.1399999999999,226.88,1512.02,63.8,N,2026-04,TXN_V2.1,2026-04-10,2026-04-10 11:28:08.695308
217,3,3,122,15380.06,6914.5199999999995,1125.3000000000002,UTILITIES,-8465.54,182.74245901639344,35.24204918032787,DOWN,1125.3000000000002,307.6,1432.9,83.0,N,2026-04,TXN_V2.1,2026-04-10,2026-04-10 11:28:08.695308
218,4,3,149,14408.64,10095.08,726.0699999999999,UTILITIES,-4313.5599999999995,164.45449664429532,33.563221476510066,DOWN,726.0699999999999,288.17,1014.24,79.8,N,2026-04,TXN_V2.1,2026-04-10,2026-04-10 11:28:08.695308
219,2,1,45,2429.36,3385.7,75.42,TRAVEL,956.3399999999997,129.22355555555555,42.22311111111111,UP,75.42,48.59,124.01,7.8,N,2026-04,TXN_V2.1,2026-04-10,2026-04-10 11:28:08.695308
220,2,2,126,15540.15,10578.75,729.2700000000001,GAS_STATION,-4961.4,207.29285714285714,36.504603174603176,DOWN,729.2700000000001,310.8,1040.0700000000002,83.8,N,2026-04,TXN_V2.1,2026-04-10,2026-04-10 11:28:08.695308
221,4,4,143,12405.630000000001,7742.51,648.1700000000001,TRAVEL,-4663.120000000001,140.8960839160839,41.25951048951049,DOWN,648.1700000000001,248.11,896.2800000000001,69.6,N,2026-04,TXN_V2.1,2026-04-10,2026-04-10 11:28:08.695308
222,1,1,59,3350.62,11647.01,1751.39,TRAVEL,8296.39,254.1971186440678,40.67,UP,1751.39,67.01,1818.4,10.6,N,2026-04,TXN_V2.1,2026-04-10,2026-04-10 11:28:08.695308
223,3,2,106,12905.91,7869.540000000001,739.62,GROCERY,-5036.369999999999,195.99481132075474,33.01754716981132,DOWN,739.62,258.12,997.74,72.2,N,2026-04,TXN_V2.1,2026-04-10,2026-04-10 11:28:08.695308
224,2,2,114,6819.14,11237.54,621.04,GAS_STATION,4418.400000000001,158.3919298245614,45.614999999999995,UP,621.04,136.38,757.42,36.2,N,2026-04,TXN_V2.1,2026-04-10,2026-04-10 11:28:08.695308
225,1,1,69,2576.15,3594.21,1057.61,CRYPTO_EXCHANGE,1018.06,89.42550724637682,33.33,UP,1057.61,51.52,1109.1299999999999,8.6,N,2026-04,TXN_V2.1,2026-04-10,2026-04-10 11:28:08.695308
226,4,4,229,23923.11,20090.58,2310.63,GAMBLING,-3832.529999999999,192.19951965065502,35.36886462882096,DOWN,2310.63,478.46,2789.09,96.8,N,2026-04,TXN_V2.1,2026-04-10,2026-04-10 11:28:08.695308
227,2,2,130,10680.57,6053.1,913.66,GAS_STATION,-4627.469999999999,128.72053846153844,37.69184615384615,DOWN,913.66,213.61,1127.27,59.6,N,2026-04,TXN_V2.1,2026-04-10,2026-04-10 11:28:08.695308
228,2,2,100,8756.27,5592.9,1694.53,HEALTHCARE,-3163.370000000001,143.4917,40.0044,DOWN,1694.53,175.13,1869.6599999999999,50.0,N,2026-04,TXN_V2.1,2026-04-10,2026-04-10 11:28:08.695308
229,2,2,97,7227.59,11351.51,2438.43,WIRE_TRANSFER_INTL,4123.92,191.53711340206183,46.39536082474227,UP,2438.43,144.55,2582.98,39.2,N,2026-04,TXN_V2.1,2026-04-10,2026-04-10 11:28:08.695308
230,2,2,54,5347.540000000001,4191.1,1588.59,TRAVEL,-1156.4400000000005,176.6414814814815,40.735925925925926,DOWN,1588.59,106.95,1695.54,25.2,N,2026-04,TXN_V2.1,2026-04-10,2026-04-10 11:28:08.695308
231,1,1,76,13750.49,3458.16,1693.38,RESTAURANT,-10292.33,226.42960526315792,36.84,DOWN,1693.38,275.01,1968.39,75.8,N,2026-04,TXN_V2.1,2026-04-10,2026-04-10 11:28:08.695308
232,3,3,212,21336.46,10342.43,2830.74,CRYPTO_EXCHANGE,-10994.029999999999,149.42872641509433,34.43405660377359,DOWN,2830.74,426.73,3257.47,95.4,N,2026-04,TXN_V2.1,2026-04-10,2026-04-10 11:28:08.695308
233,4,3,170,15982.97,6096.98,1401.0300000000002,GAS_STATION,-9885.99,129.8820588235294,35.88617647058823,DOWN,1401.0300000000002,319.66,1720.6900000000003,84.4,N,2026-04,TXN_V2.1,2026-04-10,2026-04-10 11:28:08.695308
234,2,2,93,11162.9,3464.2999999999997,240.31,HEALTHCARE,-7698.6,157.28172043010753,45.15806451612903,DOWN,240.31,223.26,463.57,62.2,N,2026-04,TXN_V2.1,2026-04-10,2026-04-10 11:28:08.695308
235,4,4,185,11588.83,14760.55,1164.0300000000002,GAMBLING,3171.7199999999993,142.42908108108108,42.16345945945946,UP,1164.0300000000002,231.78,1395.8100000000002,64.8,N,2026-04,TXN_V2.1,2026-04-10,2026-04-10 11:28:08.695308
236,2,2,101,6866.02,5737.129999999999,2758.0,TRAVEL,-1128.8900000000012,124.78366336633663,38.613663366336645,DOWN,2758.0,137.32,2895.32,36.4,N,2026-04,TXN_V2.1,2026-04-10,2026-04-10 11:28:08.695308
237,3,3,105,12328.1,8428.279999999999,778.05,HEALTHCARE,-3899.8200000000015,197.6798095238095,39.04704761904762,DOWN,778.05,246.56,1024.61,69.0,N,2026-04,TXN_V2.1,2026-04-10,2026-04-10 11:28:08.695308
238,3,2,45,2411.17,1180.76,10188.12,GAS_STATION,-1230.41,79.82066666666667,44.44622222222222,DOWN,10188.12,48.22,10236.34,7.6,N,2026-04,TXN_V2.1,2026-04-10,2026-04-10 11:28:08.695308
239,4,3,60,5554.7,1044.48,2263.0099999999998,WIRE_TRANSFER_INTL,-4510.219999999999,109.98633333333333,38.3335,DOWN,2263.0099999999998,111.09,2374.1,27.4,N,2026-04,TXN_V2.1,2026-04-10,2026-04-10 11:28:08.695308
240,3,3,140,12152.71,5187.23,427.8,ENTERTAINMENT,-6965.48,123.85671428571428,32.85671428571429,DOWN,427.8,243.05,670.85,68.0,N,2026-04,TXN_V2.1,2026-04-10,2026-04-10 11:28:08.695308
241,3,3,110,16085.039999999999,20875.34,1664.6200000000001,GAMBLING,4790.300000000001,336.00345454545453,52.727636363636364,UP,1664.6200000000001,321.7,1986.3200000000002,84.6,N,2026-04,TXN_V2.1,2026-04-10,2026-04-10 11:28:08.695308
242,4,4,223,20951.81,16043.85,1602.7699999999998,GROCERY,-4907.960000000001,165.8998206278027,39.91035874439462,DOWN,1602.7699999999998,419.04,2021.8099999999997,94.8,N,2026-04,TXN_V2.1,2026-04-10,2026-04-10 11:28:08.695308
243,4,4,223,12266.330000000002,16982.36,9380.75,ENTERTAINMENT,4716.029999999999,131.16004484304935,44.394977578475334,UP,9380.75,245.33,9626.08,68.8,N,2026-04,TXN_V2.1,2026-04-10,2026-04-10 11:28:08.695308
244,1,1,75,11686.45,2898.18,518.96,TRAVEL,-8788.27,194.46173333333334,40.0,DOWN,518.96,233.73,752.69,65.6,N,2026-04,TXN_V2.1,2026-04-10,2026-04-10 11:28:08.695308
245,3,3,216,17399.989999999998,6070.3,208.27,CRYPTO_EXCHANGE,-11329.689999999999,108.65874999999998,40.73875,DOWN,208.27,348.0,556.27,89.8,N,2026-04,TXN_V2.1,2026-04-10,2026-04-10 11:28:08.695308
246,2,2,62,7034.29,3636.93,260.75,RETAIL,-3397.36,172.1164516129032,43.54725806451613,DOWN,260.75,140.69,401.44,37.8,N,2026-04,TXN_V2.1,2026-04-10,2026-04-10 11:28:08.695308
247,2,2,121,7564.99,7190.43,1285.3,WIRE_TRANSFER_INTL,-374.5599999999995,121.94561983471074,42.14859504132231,STABLE,1285.3,151.3,1436.6,41.8,N,2026-04,TXN_V2.1,2026-04-10,2026-04-10 11:28:08.695308
248,2,2,80,5718.540000000001,4136.41,198.43,RESTAURANT,-1582.130000000001,123.18687500000001,36.246375,DOWN,198.43,114.37,312.8,28.0,N,2026-04,TXN_V2.1,2026-04-10,2026-04-10 11:28:08.695308
249,3,3,103,9391.14,4229.08,1510.6699999999998,GAS_STATION,-5162.0599999999995,132.23514563106795,43.69019417475729,DOWN,1510.6699999999998,187.82,1698.4899999999998,53.0,N,2026-04,TXN_V2.1,2026-04-10,2026-04-10 11:28:08.695308
250,4,3,195,18691.05,10519.22,4522.87,RETAIL,-8171.83,149.7962564102564,31.793333333333333,DOWN,4522.87,373.82,4896.69,91.4,N,2026-04,TXN_V2.1,2026-04-10,2026-04-10 11:28:08.695308
251,1,1,30,2792.47,7513.04,84.97,ENTERTAINMENT,4720.57,343.517,43.33,UP,84.97,55.85,140.82,8.8,N,2026-04,TXN_V2.1,2026-04-10,2026-04-10 11:28:08.695308
252,3,3,135,12487.75,9503.4,1946.65,HEALTHCARE,-2984.3500000000004,162.89740740740743,39.99688888888889,DOWN,1946.65,249.76,2196.41,69.8,N,2026-04,TXN_V2.1,2026-04-10,2026-04-10 11:28:08.695308
253,2,1,67,5696.4,1929.11,147.62,RETAIL,-3767.29,113.81358208955223,37.31149253731343,DOWN,147.62,113.93,261.55,27.8,N,2026-04,TXN_V2.1,2026-04-10,2026-04-10 11:28:08.695308
254,2,1,26,4961.97,395.21,149.41,WIRE_TRANSFER_INTL,-4566.76,206.04538461538462,42.308461538461536,DOWN,149.41,99.24,248.64999999999998,21.8,N,2026-04,TXN_V2.1,2026-04-10,2026-04-10 11:28:08.695308
255,2,2,98,6900.360000000001,3155.79,822.39,WIRE_TRANSFER_INTL,-3744.5700000000006,102.61377551020409,41.83857142857143,DOWN,822.39,138.01,960.4,36.6,N,2026-04,TXN_V2.1,2026-04-10,2026-04-10 11:28:08.695308
256,3,3,107,11947.92,12644.720000000001,1286.41,GROCERY,696.8000000000011,229.83775700934578,40.184672897196265,STABLE,1286.41,238.96,1525.3700000000001,66.6,N,2026-04,TXN_V2.1,2026-04-10,2026-04-10 11:28:08.695308
257,1,1,48,3964.84,6280.54,68.81,CRYPTO_EXCHANGE,2315.7,213.4454166666667,43.75,UP,68.81,79.3,148.11,14.2,N,2026-04,TXN_V2.1,2026-04-10,2026-04-10 11:28:08.695308
258,2,2,95,8837.880000000001,7667.9,726.57,GAS_STATION,-1169.9800000000014,173.74505263157894,42.11126315789474,DOWN,726.57,176.76,903.33,50.8,N,2026-04,TXN_V2.1,2026-04-10,2026-04-10 11:28:08.695308
259,1,0,45,3853.68,2652.08,1513.57,TRAVEL,-1201.6,144.57244444444444,28.89,DOWN,1513.57,77.07,1590.6399999999999,13.6,N,2026-04,TXN_V2.1,2026-04-10,2026-04-10 11:28:08.695308
260,2,2,66,8798.24,2579.88,723.54,TRAVEL,-6218.36,172.39575757575756,36.36515151515151,DOWN,723.54,175.96,899.5,50.4,N,2026-04,TXN_V2.1,2026-04-10,2026-04-10 11:28:08.695308
261,2,2,56,2932.64,2584.93,2626.31,GROCERY,-347.71000000000004,98.5280357142857,37.50214285714285,STABLE,2626.31,58.65,2684.96,9.6,N,2026-04,TXN_V2.1,2026-04-10,2026-04-10 11:28:08.695308
262,2,2,131,7852.01,10785.01,3011.7599999999998,CRYPTO_EXCHANGE,2933.0,142.2673282442748,40.451908396946564,UP,3011.7599999999998,157.04,3168.7999999999997,43.8,N,2026-04,TXN_V2.1,2026-04-10,2026-04-10 11:28:08.695308
263,2,2,103,7669.049999999999,6696.17,663.9200000000001,UTILITIES,-972.8799999999992,139.46815533980583,38.83378640776699,DOWN,663.9200000000001,153.38,817.3000000000001,42.6,N,2026-04,TXN_V2.1,2026-04-10,2026-04-10 11:28:08.695308
264,4,4,113,11143.349999999999,8011.95,1043.5,GAMBLING,-3131.3999999999987,169.51592920353983,44.24548672566372,DOWN,1043.5,222.87,1266.37,61.8,N,2026-04,TXN_V2.1,2026-04-10,2026-04-10 11:28:08.695308
265,2,2,86,6370.52,4433.75,423.78999999999996,UTILITIES,-1936.7700000000004,125.63104651162791,37.21279069767442,DOWN,423.78999999999996,127.41,551.1999999999999,33.8,N,2026-04,TXN_V2.1,2026-04-10,2026-04-10 11:28:08.695308
266,2,1,43,2005.8500000000001,1349.97,316.77,GAMBLING,-655.8800000000001,78.04232558139535,34.88720930232558,DOWN,316.77,40.12,356.89,6.0,N,2026-04,TXN_V2.1,2026-04-10,2026-04-10 11:28:08.695308
267,4,3,112,11182.599999999999,4915.969999999999,835.95,RESTAURANT,-6266.629999999999,143.73723214285712,44.64035714285714,DOWN,835.95,223.65,1059.6000000000001,62.4,N,2026-04,TXN_V2.1,2026-04-10,2026-04-10 11:28:08.695308
268,3,3,167,18043.5,11021.89,2336.83,UTILITIES,-7021.610000000001,174.04425149700597,35.931377245508976,DOWN,2336.83,360.87,2697.7,90.6,N,2026-04,TXN_V2.1,2026-04-10,2026-04-10 11:28:08.695308
269,2,2,99,7834.65,4183.42,667.63,CRYPTO_EXCHANGE,-3651.2299999999996,121.39464646464646,39.39030303030303,DOWN,667.63,156.69,824.3199999999999,43.4,N,2026-04,TXN_V2.1,2026-04-10,2026-04-10 11:28:08.695308
270,1,1,37,2338.3,3043.15,34.83,TRAVEL,704.8499999999999,145.4445945945946,43.24,STABLE,34.83,46.77,81.6,7.0,N,2026-04,TXN_V2.1,2026-04-10,2026-04-10 11:28:08.695308
271,3,3,130,29464.899999999998,6724.57,2323.1899999999996,ENTERTAINMENT,-22740.329999999998,278.3805384615385,42.31353846153846,DOWN,2323.1899999999996,589.3,2912.49,98.8,N,2026-04,TXN_V2.1,2026-04-10,2026-04-10 11:28:08.695308
272,4,4,227,16656.53,12801.64,2140.92,RETAIL,-3854.8899999999994,129.77167400881058,36.564933920704846,DOWN,2140.92,333.13,2474.05,87.2,N,2026-04,TXN_V2.1,2026-04-10,2026-04-10 11:28:08.695308
273,2,2,50,5064.19,3039.0600000000004,45.7,RESTAURANT,-2025.1299999999992,162.065,40.0008,DOWN,45.7,101.28,146.98000000000002,23.0,N,2026-04,TXN_V2.1,2026-04-10,2026-04-10 11:28:08.695308
274,4,2,158,29319.489999999998,9220.810000000001,1347.04,UTILITIES,-20098.679999999997,243.92594936708863,37.97341772151899,DOWN,1347.04,586.39,1933.4299999999998,98.6,N,2026-04,TXN_V2.1,2026-04-10,2026-04-10 11:28:08.695308
275,1,1,67,7298.96,12345.95,1619.52,GROCERY,5046.990000000001,293.2076119402985,44.78,UP,1619.52,145.98,1765.5,39.6,N,2026-04,TXN_V2.1,2026-04-10,2026-04-10 11:28:08.695308
276,3,3,87,5733.57,9026.71,472.99,GAMBLING,3293.1399999999994,169.6583908045977,34.48540229885057,UP,472.99,114.67,587.66,28.2,N,2026-04,TXN_V2.1,2026-04-10,2026-04-10 11:28:08.695308
277,1,1,14,565.41,490.46,90.55,GROCERY,-74.94999999999999,75.4192857142857,14.279999999999998,STABLE,90.55,11.31,101.86,0.4,N,2026-04,TXN_V2.1,2026-04-10,2026-04-10 11:28:08.695308
278,4,2,154,9713.98,4635.99,648.54,GAS_STATION,-5077.99,93.18162337662338,39.61292207792208,DOWN,648.54,194.28,842.8199999999999,54.8,N,2026-04,TXN_V2.1,2026-04-10,2026-04-10 11:28:08.695308
279,2,2,95,7614.3099999999995,8585.55,472.74,RETAIL,971.2399999999998,170.52484210526313,51.58052631578948,UP,472.74,152.29,625.03,42.4,N,2026-04,TXN_V2.1,2026-04-10,2026-04-10 11:28:08.695308
280,3,3,175,19818.100000000002,95487.56,334.39,WIRE_TRANSFER_INTL,75669.45999999999,658.8894857142857,35.432457142857146,UP,334.39,396.36,730.75,93.4,N,2026-04,TXN_V2.1,2026-04-10,2026-04-10 11:28:08.695308
281,2,2,78,6744.889999999999,7161.799999999999,192.21,RETAIL,416.90999999999985,178.29089743589742,38.46230769230769,STABLE,192.21,134.9,327.11,35.8,N,2026-04,TXN_V2.1,2026-04-10,2026-04-10 11:28:08.695308
282,3,3,141,10990.8,9245.68,1133.45,UTILITIES,-1745.119999999999,143.52113475177305,48.228156028368794,DOWN,1133.45,219.82,1353.27,61.2,N,2026-04,TXN_V2.1,2026-04-10,2026-04-10 11:28:08.695308
283,2,2,128,10658.83,6191.73,1112.4,HEALTHCARE,-4467.1,131.64499999999998,38.28453125,DOWN,1112.4,213.18,1325.5800000000002,59.2,N,2026-04,TXN_V2.1,2026-04-10,2026-04-10 11:28:08.695308
284,3,3,125,7421.98,5005.08,858.0,HEALTHCARE,-2416.8999999999996,99.41647999999999,44.80336,DOWN,858.0,148.44,1006.44,40.8,N,2026-04,TXN_V2.1,2026-04-10,2026-04-10 11:28:08.695308
285,4,3,181,19810.73,7995.18,7337.91,RETAIL,-11815.55,153.62381215469614,35.35795580110497,DOWN,7337.91,396.21,7734.12,93.2,N,2026-04,TXN_V2.1,2026-04-10,2026-04-10 11:28:08.695308
286,4,4,146,10371.57,10419.56,526.35,WIRE_TRANSFER_INTL,47.98999999999978,142.40499999999997,39.72541095890411,STABLE,526.35,207.43,733.78,57.0,N,2026-04,TXN_V2.1,2026-04-10,2026-04-10 11:28:08.695308
287,2,1,80,4116.96,2126.1,698.22,RETAIL,-1990.8600000000001,78.03824999999999,44.99399999999999,DOWN,698.22,82.34,780.5600000000001,14.8,N,2026-04,TXN_V2.1,2026-04-10,2026-04-10 11:28:08.695308
288,2,1,19,1979.96,440.90000000000003,0.0,RETAIL,-1539.06,127.41368421052633,10.525789473684211,DOWN,0.0,39.6,39.6,5.8,N,2026-04,TXN_V2.1,2026-04-10,2026-04-10 11:28:08.695308
289,3,2,61,5884.93,3850.4700000000003,1789.5500000000002,HEALTHCARE,-2034.46,159.59672131147542,39.343770491803284,DOWN,1789.5500000000002,117.7,1907.2500000000002,30.2,N,2026-04,TXN_V2.1,2026-04-10,2026-04-10 11:28:08.695308
290,3,2,90,7381.96,7181.7,278.47,GAMBLING,-200.26000000000022,161.81844444444445,52.218444444444444,STABLE,278.47,147.64,426.11,40.2,N,2026-04,TXN_V2.1,2026-04-10,2026-04-10 11:28:08.695308
291,3,3,200,21825.34,7851.31,783.44,GAMBLING,-13974.029999999999,148.38325,41.0047,DOWN,783.44,436.51,1219.95,95.6,N,2026-04,TXN_V2.1,2026-04-10,2026-04-10 11:28:08.695308
292,4,4,251,31801.870000000003,19709.62,918.26,WIRE_TRANSFER_INTL,-12092.250000000004,205.22505976095619,41.432709163346615,DOWN,918.26,636.04,1554.3,99.2,N,2026-04,TXN_V2.1,2026-04-10,2026-04-10 11:28:08.695308
293,3,3,152,15397.810000000001,19232.98,1188.15,ENTERTAINMENT,3835.1699999999983,227.83414473684212,38.15901315789474,UP,1188.15,307.96,1496.1100000000001,83.2,N,2026-04,TXN_V2.1,2026-04-10,2026-04-10 11:28:08.695308
294,4,3,184,16417.83,7453.51,1450.82,HEALTHCARE,-8964.320000000002,129.7355434782609,35.326195652173915,DOWN,1450.82,328.36,1779.1799999999998,85.8,N,2026-04,TXN_V2.1,2026-04-10,2026-04-10 11:28:08.695308
295,4,4,190,16984.64,16738.04,1514.94,WIRE_TRANSFER_INTL,-246.59999999999854,177.48778947368422,40.52647368421053,STABLE,1514.94,339.69,1854.63,89.0,N,2026-04,TXN_V2.1,2026-04-10,2026-04-10 11:28:08.695308
296,2,1,83,13677.89,4480.8099999999995,1381.1999999999998,GAMBLING,-9197.08,218.7795180722891,44.57289156626506,DOWN,1381.1999999999998,273.56,1654.7599999999998,75.6,N,2026-04,TXN_V2.1,2026-04-10,2026-04-10 11:28:08.695308
297,4,4,199,16328.71,19477.86,3156.17,GAS_STATION,3149.1500000000015,179.93251256281408,46.23201005025125,UP,3156.17,326.57,3482.7400000000002,85.4,N,2026-04,TXN_V2.1,2026-04-10,2026-04-10 11:28:08.695308
298,3,1,135,11246.33,16500.29,1498.6999999999998,TRAVEL,5253.960000000001,205.53051851851853,37.77511111111111,UP,1498.6999999999998,224.93,1723.6299999999999,63.0,N,2026-04,TXN_V2.1,2026-04-10,2026-04-10 11:28:08.695308
299,4,3,147,19418.59,4868.04,1636.89,HEALTHCARE,-14550.55,165.21517006802722,31.976394557823127,DOWN,1636.89,388.37,2025.2600000000002,92.6,N,2026-04,TXN_V2.1,2026-04-10,2026-04-10 11:28:08.695308
300,3,2,101,8306.64,6897.360000000001,1303.77,UTILITIES,-1409.2799999999988,150.53465346534654,41.58792079207921,DOWN,1303.77,166.13,1469.9,46.6,N,2026-04,TXN_V2.1,2026-04-10,2026-04-10 11:28:08.695308
301,2,2,91,11287.289999999999,2767.12,1380.3200000000002,RESTAURANT,-8520.169999999998,154.44406593406595,39.56098901098901,DOWN,1380.3200000000002,225.75,1606.0700000000002,63.4,N,2026-04,TXN_V2.1,2026-04-10,2026-04-10 11:28:08.695308
302,1,1,70,12967.5,3400.58,124.9,ENTERTAINMENT,-9566.92,233.8297142857143,42.86,DOWN,124.9,259.35,384.25,72.6,N,2026-04,TXN_V2.1,2026-04-10,2026-04-10 11:28:08.695308
303,3,3,125,14021.369999999999,6280.69,1650.54,GAMBLING,-7740.679999999999,162.41647999999998,34.40216,DOWN,1650.54,280.43,1930.97,77.2,N,2026-04,TXN_V2.1,2026-04-10,2026-04-10 11:28:08.695308
304,2,2,124,15501.84,5662.7,786.76,WIRE_TRANSFER_INTL,-9839.14,170.6817741935484,45.96774193548387,DOWN,786.76,310.04,1096.8,83.4,N,2026-04,TXN_V2.1,2026-04-10,2026-04-10 11:28:08.695308
305,2,2,64,3796.71,5508.51,203.5,WIRE_TRANSFER_INTL,1711.8000000000002,145.39406250000002,34.379375,UP,203.5,75.93,279.43,13.0,N,2026-04,TXN_V2.1,2026-04-10,2026-04-10 11:28:08.695308
306,2,2,78,4117.67,6701.96,471.96999999999997,GAS_STATION,2584.29,138.71320512820515,28.207692307692312,UP,471.96999999999997,82.35,554.3199999999999,15.0,N,2026-04,TXN_V2.1,2026-04-10,2026-04-10 11:28:08.695308
307,3,3,175,12034.04,7729.06,1055.37,RESTAURANT,-4304.9800000000005,112.93200000000002,42.2832,DOWN,1055.37,240.68,1296.05,67.4,N,2026-04,TXN_V2.1,2026-04-10,2026-04-10 11:28:08.695308
308,2,2,135,10792.11,5986.5,682.5699999999999,GAMBLING,-4805.610000000001,124.286,39.99474074074074,DOWN,682.5699999999999,215.84,898.41,60.2,N,2026-04,TXN_V2.1,2026-04-10,2026-04-10 11:28:08.695308
309,2,2,99,6283.1,5678.33,589.36,UTILITIES,-604.7700000000004,120.82252525252525,40.39939393939394,DOWN,589.36,125.66,715.02,32.8,N,2026-04,TXN_V2.1,2026-04-10,2026-04-10 11:28:08.695308
310,2,2,120,16491.46,10399.779999999999,2718.91,RESTAURANT,-6091.68,224.09366666666665,51.66583333333333,DOWN,2718.91,329.83,3048.74,86.2,N,2026-04,TXN_V2.1,2026-04-10,2026-04-10 11:28:08.695308
311,2,2,92,11602.810000000001,4765.7,783.4,GROCERY,-6837.1100000000015,177.91858695652175,45.65315217391305,DOWN,783.4,232.06,1015.46,65.0,N,2026-04,TXN_V2.1,2026-04-10,2026-04-10 11:28:08.695308
312,2,2,58,2371.8,3451.2599999999998,51.96,TRAVEL,1079.4599999999996,100.39758620689655,41.37965517241379,UP,51.96,47.44,99.4,7.2,N,2026-04,TXN_V2.1,2026-04-10,2026-04-10 11:28:08.695308
313,2,2,85,7154.43,5892.9,567.0799999999999,UTILITIES,-1261.5300000000007,153.498,37.652470588235296,DOWN,567.0799999999999,143.09,710.17,38.4,N,2026-04,TXN_V2.1,2026-04-10,2026-04-10 11:28:08.695308
314,2,2,86,6275.41,3765.48,901.19,UTILITIES,-2509.93,116.75453488372092,46.51906976744187,DOWN,901.19,125.51,1026.7,32.6,N,2026-04,TXN_V2.1,2026-04-10,2026-04-10 11:28:08.695308
315,1,1,66,5844.43,2760.72,2191.89,ENTERTAINMENT,-3083.7100000000005,130.3810606060606,54.54,DOWN,2191.89,116.89,2308.7799999999997,29.6,N,2026-04,TXN_V2.1,2026-04-10,2026-04-10 11:28:08.695308
316,4,3,172,13127.43,11958.259999999998,2234.58,UTILITIES,-1169.170000000002,145.8470348837209,37.7906976744186,DOWN,2234.58,262.55,2497.13,73.6,N,2026-04,TXN_V2.1,2026-04-10,2026-04-10 11:28:08.695308
317,1,1,27,719.04,7026.08,23.85,RESTAURANT,6307.04,286.8562962962963,29.630000000000003,UP,23.85,14.38,38.230000000000004,0.8,N,2026-04,TXN_V2.1,2026-04-10,2026-04-10 11:28:08.695308
318,3,3,200,14120.96,10677.59,2143.25,GROCERY,-3443.369999999999,123.99275,40.50279999999999,DOWN,2143.25,282.42,2425.67,77.8,N,2026-04,TXN_V2.1,2026-04-10,2026-04-10 11:28:08.695308
319,1,1,18,1637.43,1448.78,1260.27,RESTAURANT,-188.6500000000001,171.4561111111111,44.44,STABLE,1260.27,32.75,1293.02,4.6,N,2026-04,TXN_V2.1,2026-04-10,2026-04-10 11:28:08.695308
320,4,4,186,13865.32,12957.259999999998,933.32,WIRE_TRANSFER_INTL,-908.0600000000013,144.2074193548387,40.324677419354835,DOWN,933.32,277.31,1210.63,76.6,N,2026-04,TXN_V2.1,2026-04-10,2026-04-10 11:28:08.695308
321,2,2,70,7574.3099999999995,3160.42,312.63,RESTAURANT,-4413.889999999999,153.3532857142857,41.43,DOWN,312.63,151.49,464.12,42.0,N,2026-04,TXN_V2.1,2026-04-10,2026-04-10 11:28:08.695308
322,3,3,155,16559.06,7364.8099999999995,1058.69,GAMBLING,-9194.250000000002,154.3475483870968,36.7761935483871,DOWN,1058.69,331.18,1389.8700000000001,86.8,N,2026-04,TXN_V2.1,2026-04-10,2026-04-10 11:28:08.695308
323,3,3,107,8860.3,6373.6,2343.84,GAMBLING,-2486.699999999999,142.37289719626168,40.19065420560748,DOWN,2343.84,177.21,2521.05,51.0,N,2026-04,TXN_V2.1,2026-04-10,2026-04-10 11:28:08.695308
324,2,2,55,5689.990000000001,4062.88,606.87,TRAVEL,-1627.1100000000006,177.3249090909091,38.184000000000005,DOWN,606.87,113.8,720.67,27.6,N,2026-04,TXN_V2.1,2026-04-10,2026-04-10 11:28:08.695308
325,3,2,101,7949.209999999999,13223.990000000002,759.3100000000001,GROCERY,5274.7800000000025,209.63564356435646,35.64455445544555,UP,759.3100000000001,158.98,918.2900000000001,44.2,N,2026-04,TXN_V2.1,2026-04-10,2026-04-10 11:28:08.695308
326,1,1,76,15331.0,6220.43,1657.57,GAMBLING,-9110.57,283.57144736842105,39.480000000000004,DOWN,1657.57,306.62,1964.19,82.8,N,2026-04,TXN_V2.1,2026-04-10,2026-04-10 11:28:08.695308
327,1,1,73,5169.75,3851.44,35.79,GAS_STATION,-1318.31,123.57794520547947,50.690000000000005,DOWN,35.79,103.4,139.19,24.0,N,2026-04,TXN_V2.1,2026-04-10,2026-04-10 11:28:08.695308
328,2,2,59,4800.56,2886.1099999999997,426.94,TRAVEL,-1914.4500000000007,130.28254237288135,32.207796610169495,DOWN,426.94,96.01,522.95,20.4,N,2026-04,TXN_V2.1,2026-04-10,2026-04-10 11:28:08.695308
329,2,2,120,11819.2,4942.34,1748.87,RESTAURANT,-6876.860000000001,139.67950000000002,40.8355,DOWN,1748.87,236.38,1985.25,66.0,N,2026-04,TXN_V2.1,2026-04-10,2026-04-10 11:28:08.695308
330,4,4,148,12611.19,13565.31,1335.1100000000001,RESTAURANT,954.119999999999,176.86824324324326,41.21486486486487,UP,1335.1100000000001,252.22,1587.3300000000002,70.0,N,2026-04,TXN_V2.1,2026-04-10,2026-04-10 11:28:08.695308
331,2,2,85,5393.82,6814.070000000001,2325.54,HEALTHCARE,1420.250000000001,143.62223529411764,45.8789411764706,UP,2325.54,107.88,2433.42,25.8,N,2026-04,TXN_V2.1,2026-04-10,2026-04-10 11:28:08.695308
332,3,3,196,20753.92,7820.29,3221.78,UTILITIES,-12933.629999999997,145.7867857142857,38.777551020408154,DOWN,3221.78,415.08,3636.86,94.4,N,2026-04,TXN_V2.1,2026-04-10,2026-04-10 11:28:08.695308
333,4,4,209,115678.59000000001,11630.88,1909.7799999999997,RESTAURANT,-104047.71,609.1362200956938,43.065933014354066,DOWN,1909.7799999999997,2313.57,4223.35,100.0,Y,2026-04,TXN_V2.1,2026-04-10,2026-04-10 11:28:08.695308
334,4,4,102,5155.29,6131.95,153.16,RESTAURANT,976.6599999999999,110.65921568627451,30.393725490196083,UP,153.16,103.11,256.27,23.8,N,2026-04,TXN_V2.1,2026-04-10,2026-04-10 11:28:08.695308
335,4,4,97,12659.3,3262.63,610.3100000000001,RETAIL,-9396.669999999998,164.1436082474227,44.33144329896907,DOWN,610.3100000000001,253.19,863.5,70.6,N,2026-04,TXN_V2.1,2026-04-10,2026-04-10 11:28:08.695308
336,2,2,72,5759.62,7265.67,447.12,RESTAURANT,1506.0500000000002,180.90680555555556,36.11375,UP,447.12,115.19,562.31,28.6,N,2026-04,TXN_V2.1,2026-04-10,2026-04-10 11:28:08.695308
337,2,2,79,5395.23,2733.19,664.9100000000001,RESTAURANT,-2662.0399999999995,102.89139240506329,44.298607594936705,DOWN,664.9100000000001,107.9,772.8100000000001,26.0,N,2026-04,TXN_V2.1,2026-04-10,2026-04-10 11:28:08.695308
338,1,0,17,1131.82,394.98,93.88,RETAIL,-736.8399999999999,89.81176470588235,47.059999999999995,DOWN,93.88,22.64,116.52,2.4,N,2026-04,TXN_V2.1,2026-04-10,2026-04-10 11:28:08.695308
339,3,3,168,12621.869999999999,13641.73,2739.69,CRYPTO_EXCHANGE,1019.8600000000006,156.33095238095237,31.54416666666667,UP,2739.69,252.44,2992.13,70.2,N,2026-04,TXN_V2.1,2026-04-10,2026-04-10 11:28:08.695308
340,2,2,134,14366.45,3653.4300000000003,1096.3799999999999,CRYPTO_EXCHANGE,-10713.02,134.47671641791047,40.30089552238806,DOWN,1096.3799999999999,287.33,1383.7099999999998,79.2,N,2026-04,TXN_V2.1,2026-04-10,2026-04-10 11:28:08.695308
341,4,3,165,16492.06,9596.35,684.4300000000001,WIRE_TRANSFER_INTL,-6895.710000000001,158.1115757575758,33.941878787878785,DOWN,684.4300000000001,329.84,1014.27,86.4,N,2026-04,TXN_V2.1,2026-04-10,2026-04-10 11:28:08.695308
342,4,4,225,23013.93,10476.4,1704.05,UTILITIES,-12537.53,148.84591111111112,41.33231111111111,DOWN,1704.05,460.28,2164.33,96.2,N,2026-04,TXN_V2.1,2026-04-10,2026-04-10 11:28:08.695308
343,2,2,94,5782.24,8044.4,1241.83,GROCERY,2262.16,147.091914893617,42.55085106382979,UP,1241.83,115.64,1357.47,28.8,N,2026-04,TXN_V2.1,2026-04-10,2026-04-10 11:28:08.695308
344,3,3,175,26057.84,12086.36,1583.62,ENTERTAINMENT,-13971.48,217.96685714285712,35.99988571428571,DOWN,1583.62,521.16,2104.7799999999997,97.6,N,2026-04,TXN_V2.1,2026-04-10,2026-04-10 11:28:08.695308
345,4,4,146,13228.76,5341.2,1781.3300000000002,TRAVEL,-7887.56,127.19150684931506,32.87623287671233,DOWN,1781.3300000000002,264.58,2045.91,74.0,N,2026-04,TXN_V2.1,2026-04-10,2026-04-10 11:28:08.695308
346,1,1,28,1125.44,2396.68,3.34,HEALTHCARE,1271.2399999999998,125.78999999999999,32.14,UP,3.34,22.51,25.85,2.2,N,2026-04,TXN_V2.1,2026-04-10,2026-04-10 11:28:08.695308
347,3,3,116,7116.91,4921.12,1357.55,GAS_STATION,-2195.79,103.77612068965516,43.96741379310345,DOWN,1357.55,142.34,1499.8899999999999,38.2,N,2026-04,TXN_V2.1,2026-04-10,2026-04-10 11:28:08.695308
348,1,0,11,671.03,227.78,15.35,RESTAURANT,-443.25,81.71,27.27,DOWN,15.35,13.42,28.77,0.6,N,2026-04,TXN_V2.1,2026-04-10,2026-04-10 11:28:08.695308
349,1,1,78,8806.4,2746.78,1302.92,RETAIL,-6059.619999999999,148.11769230769232,37.18,DOWN,1302.92,176.13,1479.0500000000002,50.6,N,2026-04,TXN_V2.1,2026-04-10,2026-04-10 11:28:08.695308
350,2,2,83,10569.22,7247.73,127.61,CRYPTO_EXCHANGE,-3321.49,214.66204819277104,36.146024096385545,DOWN,127.61,211.38,338.99,58.4,N,2026-04,TXN_V2.1,2026-04-10,2026-04-10 11:28:08.695308
351,2,2,77,4883.0,6080.3099999999995,1742.99,GROCERY,1197.3099999999995,142.38064935064935,36.36545454545455,UP,1742.99,97.66,1840.65,21.0,N,2026-04,TXN_V2.1,2026-04-10,2026-04-10 11:28:08.695308
352,2,2,130,8613.1,9628.04,2117.16,CRYPTO_EXCHANGE,1014.9400000000005,140.31646153846154,41.54538461538462,UP,2117.16,172.26,2289.42,48.6,N,2026-04,TXN_V2.1,2026-04-10,2026-04-10 11:28:08.695308
353,3,3,145,15521.12,7109.95,310.18,HEALTHCARE,-8411.170000000002,156.0763448275862,46.89875862068966,DOWN,310.18,310.42,620.6,83.6,N,2026-04,TXN_V2.1,2026-04-10,2026-04-10 11:28:08.695308
354,4,3,157,14681.04,12829.22,546.9200000000001,HEALTHCARE,-1851.8200000000015,175.22458598726115,39.49038216560509,DOWN,546.9200000000001,293.62,840.5400000000001,81.0,N,2026-04,TXN_V2.1,2026-04-10,2026-04-10 11:28:08.695308
355,1,1,50,3404.4,4720.07,91.26,GAMBLING,1315.6699999999996,162.4894,48.0,UP,91.26,68.09,159.35000000000002,11.0,N,2026-04,TXN_V2.1,2026-04-10,2026-04-10 11:28:08.695308
356,1,1,80,4205.62,6192.73,1201.14,RESTAURANT,1987.1099999999997,129.97937499999998,38.75,UP,1201.14,84.11,1285.25,15.8,N,2026-04,TXN_V2.1,2026-04-10,2026-04-10 11:28:08.695308
357,3,3,141,10491.47,14125.74,624.6700000000001,CRYPTO_EXCHANGE,3634.2700000000004,174.59014184397162,39.005319148936174,UP,624.6700000000001,209.83,834.5000000000001,57.8,N,2026-04,TXN_V2.1,2026-04-10,2026-04-10 11:28:08.695308
358,2,2,114,13365.96,4210.68,944.73,GROCERY,-9155.279999999999,154.18105263157895,35.08684210526315,DOWN,944.73,267.32,1212.05,74.8,N,2026-04,TXN_V2.1,2026-04-10,2026-04-10 11:28:08.695308
359,2,2,51,3904.24,4058.41,1287.36,RETAIL,154.17000000000007,156.13039215686274,35.29588235294117,STABLE,1287.36,78.08,1365.4399999999998,14.0,N,2026-04,TXN_V2.1,2026-04-10,2026-04-10 11:28:08.695308
360,2,2,63,4299.51,1779.38,353.94,ENTERTAINMENT,-2520.13,96.49031746031747,33.33111111111111,DOWN,353.94,85.99,439.93,16.6,N,2026-04,TXN_V2.1,2026-04-10,2026-04-10 11:28:08.695308
361,4,4,149,16917.86,13289.04,2022.1999999999998,WIRE_TRANSFER_INTL,-3628.8199999999997,202.73087248322148,38.254295302013425,DOWN,2022.1999999999998,338.36,2360.56,88.4,N,2026-04,TXN_V2.1,2026-04-10,2026-04-10 11:28:08.695308
362,2,2,104,15035.84,9072.75,764.04,GAS_STATION,-5963.09,231.8133653846154,42.308269230769234,DOWN,764.04,300.72,1064.76,81.8,N,2026-04,TXN_V2.1,2026-04-10,2026-04-10 11:28:08.695308
363,2,2,115,8753.73,5348.15,225.62,GAS_STATION,-3405.58,122.62504347826086,37.38921739130435,DOWN,225.62,175.07,400.69,49.8,N,2026-04,TXN_V2.1,2026-04-10,2026-04-10 11:28:08.695308
364,3,3,105,10927.009999999998,6863.9,605.07,RESTAURANT,-4063.1099999999988,169.43723809523806,41.90571428571428,DOWN,605.07,218.54,823.61,61.0,N,2026-04,TXN_V2.1,2026-04-10,2026-04-10 11:28:08.695308
365,2,2,78,9390.39,9520.63,258.26,ENTERTAINMENT,130.23999999999978,242.4489743589743,43.58666666666667,STABLE,258.26,187.81,446.07,52.8,N,2026-04,TXN_V2.1,2026-04-10,2026-04-10 11:28:08.695308
366,3,3,167,14394.54,9845.14,2672.26,GROCERY,-4549.4000000000015,145.14778443113772,38.32532934131736,DOWN,2672.26,287.89,2960.15,79.4,N,2026-04,TXN_V2.1,2026-04-10,2026-04-10 11:28:08.695308
367,3,3,105,10203.06,4397.27,1139.05,RETAIL,-5805.789999999999,139.0507619047619,38.087714285714284,DOWN,1139.05,204.06,1343.11,56.4,N,2026-04,TXN_V2.1,2026-04-10,2026-04-10 11:28:08.695308
368,3,3,184,9682.67,14676.279999999999,1863.02,TRAVEL,4993.609999999999,132.38559782608695,36.416739130434784,UP,1863.02,193.65,2056.67,54.4,N,2026-04,TXN_V2.1,2026-04-10,2026-04-10 11:28:08.695308
369,3,3,136,11147.23,5608.66,907.5,ENTERTAINMENT,-5538.57,123.20507352941176,44.85713235294118,DOWN,907.5,222.94,1130.44,62.0,N,2026-04,TXN_V2.1,2026-04-10,2026-04-10 11:28:08.695308
370,4,4,137,7486.96,9894.57,545.0899999999999,WIRE_TRANSFER_INTL,2407.6099999999997,126.87248175182481,34.31072992700731,UP,545.0899999999999,149.74,694.8299999999999,41.2,N,2026-04,TXN_V2.1,2026-04-10,2026-04-10 11:28:08.695308
371,3,3,161,18152.49,15943.189999999999,569.15,GROCERY,-2209.300000000003,211.7744099378882,36.650869565217384,DOWN,569.15,363.05,932.2,90.8,N,2026-04,TXN_V2.1,2026-04-10,2026-04-10 11:28:08.695308
372,4,4,211,21317.83,11458.45,859.46,TRAVEL,-9859.380000000001,155.33781990521325,45.499146919431276,DOWN,859.46,426.36,1285.8200000000002,95.2,N,2026-04,TXN_V2.1,2026-04-10,2026-04-10 11:28:08.695308
373,2,2,104,14215.41,10942.689999999999,776.49,GAMBLING,-3272.720000000001,241.90480769230768,36.54125,DOWN,776.49,284.31,1060.8,78.4,N,2026-04,TXN_V2.1,2026-04-10,2026-04-10 11:28:08.695308
374,2,2,110,9879.67,10290.289999999999,944.75,HEALTHCARE,410.619999999999,183.36327272727272,40.0,STABLE,944.75,197.59,1142.34,55.2,N,2026-04,TXN_V2.1,2026-04-10,2026-04-10 11:28:08.695308
375,1,1,75,12006.35,3508.58,334.49,HEALTHCARE,-8497.77,206.86573333333334,50.66,DOWN,334.49,240.13,574.62,67.0,N,2026-04,TXN_V2.1,2026-04-10,2026-04-10 11:28:08.695308
376,3,3,180,16763.18,14765.23,2350.25,ENTERTAINMENT,-1997.9500000000007,175.15783333333334,33.888555555555556,DOWN,2350.25,335.26,2685.51,88.0,N,2026-04,TXN_V2.1,2026-04-10,2026-04-10 11:28:08.695308
377,1,1,50,2517.65,2222.83,456.25,GROCERY,-294.82000000000016,94.80959999999999,44.0,STABLE,456.25,50.35,506.6,8.2,N,2026-04,TXN_V2.1,2026-04-10,2026-04-10 11:28:08.695308
378,1,1,71,6349.85,6343.37,217.72,GAS_STATION,-6.480000000000473,178.77774647887327,35.209999999999994,STABLE,217.72,127.0,344.72,33.6,N,2026-04,TXN_V2.1,2026-04-10,2026-04-10 11:28:08.695308
379,3,3,155,14326.279999999999,6312.68,1518.97,CRYPTO_EXCHANGE,-8013.5999999999985,133.15458064516127,34.190387096774195,DOWN,1518.97,286.53,1805.5,78.8,N,2026-04,TXN_V2.1,2026-04-10,2026-04-10 11:28:08.695308
380,2,2,75,5360.360000000001,3893.44,2057.35,UTILITIES,-1466.9200000000005,123.38400000000001,38.66146666666667,DOWN,2057.35,107.21,2164.56,25.4,N,2026-04,TXN_V2.1,2026-04-10,2026-04-10 11:28:08.695308
381,4,4,159,11869.21,6691.4800000000005,971.9,GROCERY,-5177.729999999999,116.73389937106917,41.511194968553454,DOWN,971.9,237.38,1209.28,66.2,N,2026-04,TXN_V2.1,2026-04-10,2026-04-10 11:28:08.695308
382,3,3,138,9596.08,8384.33,2314.05,ENTERTAINMENT,-1211.75,130.29282608695652,42.75217391304348,DOWN,2314.05,191.92,2505.9700000000003,54.0,N,2026-04,TXN_V2.1,2026-04-10,2026-04-10 11:28:08.695308
383,2,2,119,7435.860000000001,11227.29,933.75,HEALTHCARE,3791.4300000000003,156.83319327731093,42.855294117647055,UP,933.75,148.72,1082.47,41.0,N,2026-04,TXN_V2.1,2026-04-10,2026-04-10 11:28:08.695308
384,3,3,160,11653.560000000001,13111.73,1297.72,TRAVEL,1458.1699999999983,154.7830625,41.2513125,UP,1297.72,233.07,1530.79,65.2,N,2026-04,TXN_V2.1,2026-04-10,2026-04-10 11:28:08.695308
385,4,4,169,13275.580000000002,10872.77,735.71,RETAIL,-2402.8100000000013,142.88964497041422,47.33597633136095,DOWN,735.71,265.51,1001.22,74.6,N,2026-04,TXN_V2.1,2026-04-10,2026-04-10 11:28:08.695308
386,1,1,41,4825.96,2599.88,390.67,TRAVEL,-2226.08,181.1180487804878,53.66,DOWN,390.67,96.52,487.19,20.8,N,2026-04,TXN_V2.1,2026-04-10,2026-04-10 11:28:08.695308
387,1,1,57,5397.03,4059.37,95.77,GAMBLING,-1337.6599999999999,165.9017543859649,40.349999999999994,DOWN,95.77,107.94,203.70999999999998,26.2,N,2026-04,TXN_V2.1,2026-04-10,2026-04-10 11:28:08.695308
388,2,2,122,6298.9,12303.21,2921.9,HEALTHCARE,6004.3099999999995,152.47631147540983,38.526803278688526,UP,2921.9,125.98,3047.88,33.0,N,2026-04,TXN_V2.1,2026-04-10,2026-04-10 11:28:08.695308
389,3,2,104,7055.43,3579.9700000000003,1307.0,TRAVEL,-3475.46,102.26346153846156,45.19499999999999,DOWN,1307.0,141.11,1448.1100000000001,38.0,N,2026-04,TXN_V2.1,2026-04-10,2026-04-10 11:28:08.695308
390,2,2,98,10799.3,9332.21,800.44,RESTAURANT,-1467.0900000000001,205.42357142857142,44.9,DOWN,800.44,215.99,1016.4300000000001,60.4,N,2026-04,TXN_V2.1,2026-04-10,2026-04-10 11:28:08.695308
391,4,4,255,26289.28,18129.07,1880.58,WIRE_TRANSFER_INTL,-8160.209999999999,174.18960784313725,41.17847058823529,DOWN,1880.58,525.79,2406.37,97.8,N,2026-04,TXN_V2.1,2026-04-10,2026-04-10 11:28:08.695308
392,4,4,155,22950.87,8541.09,2056.7,GAS_STATION,-14409.779999999999,203.17393548387096,42.582,DOWN,2056.7,459.02,2515.72,96.0,N,2026-04,TXN_V2.1,2026-04-10,2026-04-10 11:28:08.695308
393,2,2,88,11443.68,6675.21,279.59000000000003,RETAIL,-4768.47,205.89647727272725,35.22727272727273,DOWN,279.59000000000003,228.87,508.46000000000004,64.2,N,2026-04,TXN_V2.1,2026-04-10,2026-04-10 11:28:08.695308
394,2,2,51,8624.65,4126.39,457.05,CRYPTO_EXCHANGE,-4498.259999999999,250.02039215686275,41.17686274509805,DOWN,457.05,172.49,629.54,48.8,N,2026-04,TXN_V2.1,2026-04-10,2026-04-10 11:28:08.695308
395,2,2,86,8916.89,4693.37,677.9499999999999,ENTERTAINMENT,-4223.5199999999995,158.2588372093023,39.53488372093023,DOWN,677.9499999999999,178.34,856.29,51.2,N,2026-04,TXN_V2.1,2026-04-10,2026-04-10 11:28:08.695308
396,3,3,102,10481.83,4631.41,245.38,GROCERY,-5850.42,148.16901960784313,44.11607843137254,DOWN,245.38,209.64,455.02,57.6,N,2026-04,TXN_V2.1,2026-04-10,2026-04-10 11:28:08.695308
397,1,1,14,214.47,448.67,278.99,WIRE_TRANSFER_INTL,234.20000000000002,47.36714285714286,42.86,STABLE,278.99,4.29,283.28000000000003,0.2,N,2026-04,TXN_V2.1,2026-04-10,2026-04-10 11:28:08.695308
398,4,4,118,7207.39,9576.69,509.77000000000004,WIRE_TRANSFER_INTL,2369.3,142.23796610169492,36.43745762711865,UP,509.77000000000004,144.15,653.9200000000001,39.0,N,2026-04,TXN_V2.1,2026-04-10,2026-04-10 11:28:08.695308
399,3,3,144,25475.9,11999.02,306.7,RETAIL,-13476.880000000001,260.2425,38.19479166666667,DOWN,306.7,509.52,816.22,97.2,N,2026-04,TXN_V2.1,2026-04-10,2026-04-10 11:28:08.695308
400,1,1,71,12850.76,4404.6,275.44,ENTERTAINMENT,-8446.16,243.03323943661974,40.849999999999994,DOWN,275.44,257.02,532.46,72.0,N,2026-04,TXN_V2.1,2026-04-10,2026-04-10 11:28:08.695308
401,2,1,55,3404.5099999999998,2726.95,457.28,RETAIL,-677.56,111.4810909090909,29.090000000000003,DOWN,457.28,68.09,525.37,11.2,N,2026-04,TXN_V2.1,2026-04-10,2026-04-10 11:28:08.695308
402,1,1,68,4385.23,4053.2,346.16,GAS_STATION,-332.02999999999975,124.09455882352941,39.709999999999994,STABLE,346.16,87.7,433.86,17.6,N,2026-04,TXN_V2.1,2026-04-10,2026-04-10 11:28:08.695308
403,2,2,63,3904.02,4250.92,267.87,RESTAURANT,346.9000000000001,129.44349206349207,30.15714285714286,STABLE,267.87,78.08,345.95,13.8,N,2026-04,TXN_V2.1,2026-04-10,2026-04-10 11:28:08.695308
404,3,2,112,6050.42,5737.63,618.41,GAS_STATION,-312.78999999999996,105.25044642857142,47.32223214285715,STABLE,618.41,121.01,739.42,31.4,N,2026-04,TXN_V2.1,2026-04-10,2026-04-10 11:28:08.695308
405,3,3,147,15101.300000000001,7595.83,2223.0099999999998,GROCERY,-7505.470000000001,154.40224489795918,45.57687074829933,DOWN,2223.0099999999998,302.03,2525.04,82.0,N,2026-04,TXN_V2.1,2026-04-10,2026-04-10 11:28:08.695308
406,2,2,98,8930.34,5329.9,1002.01,ENTERTAINMENT,-3600.4400000000005,145.51265306122448,35.71591836734693,DOWN,1002.01,178.61,1180.62,51.4,N,2026-04,TXN_V2.1,2026-04-10,2026-04-10 11:28:08.695308
407,3,3,132,13088.670000000002,11293.0,1501.61,GAMBLING,-1795.670000000002,184.70962121212122,43.17590909090909,DOWN,1501.61,261.77,1763.3799999999999,73.0,N,2026-04,TXN_V2.1,2026-04-10,2026-04-10 11:28:08.695308
408,4,4,199,15726.52,11221.619999999999,1541.7,RESTAURANT,-4504.9000000000015,135.4177889447236,33.67005025125628,DOWN,1541.7,314.53,1856.23,84.0,N,2026-04,TXN_V2.1,2026-04-10,2026-04-10 11:28:08.695308
409,2,1,49,3393.7200000000003,2066.41,60.089999999999996,GAS_STATION,-1327.3100000000004,111.43122448979592,24.489183673469388,DOWN,60.089999999999996,67.87,127.96000000000001,10.8,N,2026-04,TXN_V2.1,2026-04-10,2026-04-10 11:28:08.695308
410,2,2,64,3482.32,3344.21,490.03,TRAVEL,-138.11000000000013,106.66453125000001,45.31125,STABLE,490.03,69.65,559.68,11.6,N,2026-04,TXN_V2.1,2026-04-10,2026-04-10 11:28:08.695308
411,1,1,79,7487.84,4012.39,418.84,GAS_STATION,-3475.4500000000003,145.57253164556963,41.76999999999999,DOWN,418.84,149.76,568.5999999999999,41.4,N,2026-04,TXN_V2.1,2026-04-10,2026-04-10 11:28:08.695308
412,3,2,115,13111.96,8321.09,1372.3000000000002,UTILITIES,-4790.869999999999,186.37434782608696,38.26269565217391,DOWN,1372.3000000000002,262.24,1634.5400000000002,73.4,N,2026-04,TXN_V2.1,2026-04-10,2026-04-10 11:28:08.695308
413,2,2,92,7563.34,4683.4,789.71,TRAVEL,-2879.9400000000005,133.11673913043478,45.64695652173913,DOWN,789.71,151.27,940.98,41.6,N,2026-04,TXN_V2.1,2026-04-10,2026-04-10 11:28:08.695308
414,2,2,107,8594.130000000001,6346.71,1501.91,CRYPTO_EXCHANGE,-2247.420000000001,139.63401869158878,40.18710280373832,DOWN,1501.91,171.88,1673.79,48.2,N,2026-04,TXN_V2.1,2026-04-10,2026-04-10 11:28:08.695308
415,2,1,57,5188.969999999999,4899.41,1258.02,TRAVEL,-289.5599999999995,176.98912280701754,35.08561403508772,STABLE,1258.02,103.78,1361.8,24.2,N,2026-04,TXN_V2.1,2026-04-10,2026-04-10 11:28:08.695308
416,3,2,108,6420.85,3618.4900000000002,2156.67,GAMBLING,-2802.36,92.95685185185185,42.59009259259259,DOWN,2156.67,128.42,2285.09,34.6,N,2026-04,TXN_V2.1,2026-04-10,2026-04-10 11:28:08.695308
417,2,1,27,5740.13,473.05,84.39,WIRE_TRANSFER_INTL,-5267.08,230.11777777777777,51.85407407407408,DOWN,84.39,114.8,199.19,28.4,N,2026-04,TXN_V2.1,2026-04-10,2026-04-10 11:28:08.695308
418,3,3,147,11252.12,9111.71,416.94,GROCERY,-2140.4100000000017,138.52945578231294,40.812517006802715,DOWN,416.94,225.04,641.98,63.2,N,2026-04,TXN_V2.1,2026-04-10,2026-04-10 11:28:08.695308
419,1,1,20,974.26,10441.95,53.59,RETAIL,9467.69,570.8105,60.0,UP,53.59,19.49,73.08,1.6,N,2026-04,TXN_V2.1,2026-04-10,2026-04-10 11:28:08.695308
420,3,3,165,18445.67,9323.5,463.17,GROCERY,-9122.169999999998,168.298,40.60636363636364,DOWN,463.17,368.91,832.08,91.2,N,2026-04,TXN_V2.1,2026-04-10,2026-04-10 11:28:08.695308
421,3,3,118,8521.1,5364.870000000001,1877.95,RETAIL,-3156.2299999999996,117.67771186440679,45.76677966101694,DOWN,1877.95,170.42,2048.37,47.4,N,2026-04,TXN_V2.1,2026-04-10,2026-04-10 11:28:08.695308
422,3,3,169,16692.7,11085.59,748.24,ENTERTAINMENT,-5607.110000000001,164.3685798816568,40.826449704142014,DOWN,748.24,333.85,1082.0900000000001,87.4,N,2026-04,TXN_V2.1,2026-04-10,2026-04-10 11:28:08.695308
423,2,1,50,6407.37,3064.2,29.16,HEALTHCARE,-3343.17,189.4314,31.996999999999996,DOWN,29.16,128.15,157.31,34.2,N,2026-04,TXN_V2.1,2026-04-10,2026-04-10 11:28:08.695308
424,2,2,48,1654.8000000000002,2403.0099999999998,707.44,UTILITIES,748.2099999999996,84.53770833333333,37.5,UP,707.44,33.1,740.5400000000001,4.8,N,2026-04,TXN_V2.1,2026-04-10,2026-04-10 11:28:08.695308
425,2,1,63,13377.199999999999,5226.56,247.5,GROCERY,-8150.6399999999985,295.29777777777775,41.26587301587301,DOWN,247.5,267.54,515.04,75.2,N,2026-04,TXN_V2.1,2026-04-10,2026-04-10 11:28:08.695308
426,3,3,91,9433.08,16156.32,513.52,TRAVEL,6723.24,281.2021978021978,29.669010989010985,UP,513.52,188.66,702.18,53.2,N,2026-04,TXN_V2.1,2026-04-10,2026-04-10 11:28:08.695308
427,1,1,20,1351.26,795.85,1959.97,RESTAURANT,-555.41,107.3555,40.0,DOWN,1959.97,27.03,1987.0,3.4,N,2026-04,TXN_V2.1,2026-04-10,2026-04-10 11:28:08.695308
428,2,2,88,5423.27,5533.219999999999,639.4599999999999,HEALTHCARE,109.94999999999891,124.50556818181818,37.501250000000006,STABLE,639.4599999999999,108.47,747.93,26.6,N,2026-04,TXN_V2.1,2026-04-10,2026-04-10 11:28:08.695308
429,3,3,97,6937.200000000001,4513.01,1132.34,GAS_STATION,-2424.1900000000005,118.04340206185567,42.268865979381445,DOWN,1132.34,138.74,1271.08,37.0,N,2026-04,TXN_V2.1,2026-04-10,2026-04-10 11:28:08.695308
430,1,1,31,1146.01,1509.12,597.24,RETAIL,363.1099999999999,85.64935483870968,38.709999999999994,STABLE,597.24,22.92,620.16,2.6,N,2026-04,TXN_V2.1,2026-04-10,2026-04-10 11:28:08.695308
431,3,3,153,9117.33,9496.82,2292.24,GAS_STATION,379.4899999999998,121.66111111111113,40.521241830065364,STABLE,2292.24,182.35,2474.5899999999997,52.0,N,2026-04,TXN_V2.1,2026-04-10,2026-04-10 11:28:08.695308
432,3,3,145,11202.19,9234.0,996.47,CRYPTO_EXCHANGE,-1968.1900000000005,140.93924137931037,34.480137931034484,DOWN,996.47,224.04,1220.51,62.6,N,2026-04,TXN_V2.1,2026-04-10,2026-04-10 11:28:08.695308
433,1,1,77,12702.85,4861.88,246.69,UTILITIES,-7840.97,228.1133766233766,38.959999999999994,DOWN,246.69,254.06,500.75,70.8,N,2026-04,TXN_V2.1,2026-04-10,2026-04-10 11:28:08.695308
434,2,2,73,6786.6,3770.01,76.44999999999999,GAS_STATION,-3016.59,144.61109589041098,36.98150684931507,DOWN,76.44999999999999,135.73,212.17999999999998,36.0,N,2026-04,TXN_V2.1,2026-04-10,2026-04-10 11:28:08.695308
435,2,2,110,7254.4,6426.860000000001,580.11,RETAIL,-827.539999999999,124.37509090909091,45.45399999999999,DOWN,580.11,145.09,725.2,39.4,N,2026-04,TXN_V2.1,2026-04-10,2026-04-10 11:28:08.695308
436,3,2,94,8786.23,7408.379999999999,244.31,GAS_STATION,-1377.8500000000004,172.28308510638297,39.36446808510639,DOWN,244.31,175.72,420.03,50.2,N,2026-04,TXN_V2.1,2026-04-10,2026-04-10 11:28:08.695308
437,2,2,91,6346.16,8253.25,182.83,RETAIL,1907.0900000000001,160.43307692307692,48.35098901098902,UP,182.83,126.92,309.75,33.4,N,2026-04,TXN_V2.1,2026-04-10,2026-04-10 11:28:08.695308
438,3,3,145,12067.470000000001,9972.62,1749.5,HEALTHCARE,-2094.8500000000004,152.0006206896552,41.37696551724138,DOWN,1749.5,241.35,1990.85,67.6,N,2026-04,TXN_V2.1,2026-04-10,2026-04-10 11:28:08.695308
439,1,1,16,922.8,840.3,197.73,HEALTHCARE,-82.5,110.19375,43.75,STABLE,197.73,18.46,216.19,1.4,N,2026-04,TXN_V2.1,2026-04-10,2026-04-10 11:28:08.695308
440,4,4,254,25736.46,16609.15,2919.64,RESTAURANT,-9127.309999999998,166.715,40.944566929133856,DOWN,2919.64,514.73,3434.37,97.4,N,2026-04,TXN_V2.1,2026-04-10,2026-04-10 11:28:08.695308
441,4,3,80,3732.9700000000003,5430.950000000001,771.26,RESTAURANT,1697.9800000000005,114.54900000000002,41.251125,UP,771.26,74.66,845.92,12.4,N,2026-04,TXN_V2.1,2026-04-10,2026-04-10 11:28:08.695308
442,4,4,184,12189.68,15919.810000000001,7660.01,GROCERY,3730.130000000001,152.76896739130436,38.583858695652175,UP,7660.01,243.79,7903.8,68.2,N,2026-04,TXN_V2.1,2026-04-10,2026-04-10 11:28:08.695308
443,2,2,122,14808.3,5729.07,682.68,WIRE_TRANSFER_INTL,-9079.23,168.33909836065573,39.338852459016394,DOWN,682.68,296.17,978.8499999999999,81.4,N,2026-04,TXN_V2.1,2026-04-10,2026-04-10 11:28:08.695308
444,3,3,179,14051.35,9277.99,1264.71,RETAIL,-4773.360000000001,130.33150837988828,39.66815642458101,DOWN,1264.71,281.03,1545.74,77.4,N,2026-04,TXN_V2.1,2026-04-10,2026-04-10 11:28:08.695308
445,3,3,134,28207.73,5886.21,493.95000000000005,HEALTHCARE,-22321.52,254.4323880597015,37.31171641791045,DOWN,493.95000000000005,564.15,1058.1,98.4,N,2026-04,TXN_V2.1,2026-04-10,2026-04-10 11:28:08.695308
446,3,3,158,20094.670000000002,6294.94,716.6500000000001,GAS_STATION,-13799.730000000003,167.02284810126582,36.072848101265826,DOWN,716.6500000000001,401.89,1118.54,93.8,N,2026-04,TXN_V2.1,2026-04-10,2026-04-10 11:28:08.695308
447,2,2,59,5023.57,3217.99,103.53,CRYPTO_EXCHANGE,-1805.58,139.68745762711865,40.679491525423735,DOWN,103.53,100.47,204.0,22.6,N,2026-04,TXN_V2.1,2026-04-10,2026-04-10 11:28:08.695308
448,2,2,72,4075.41,2103.68,571.34,CRYPTO_EXCHANGE,-1971.73,85.82069444444444,33.33555555555555,DOWN,571.34,81.51,652.85,14.4,N,2026-04,TXN_V2.1,2026-04-10,2026-04-10 11:28:08.695308
449,1,1,38,3062.32,1801.69,562.21,CRYPTO_EXCHANGE,-1260.63,128.00026315789475,44.74,DOWN,562.21,61.25,623.46,10.0,N,2026-04,TXN_V2.1,2026-04-10,2026-04-10 11:28:08.695308
450,4,3,137,14156.81,10162.05,687.01,WIRE_TRANSFER_INTL,-3994.76,177.50992700729927,45.25270072992701,DOWN,687.01,283.14,970.15,78.0,N,2026-04,TXN_V2.1,2026-04-10,2026-04-10 11:28:08.695308
451,2,2,64,5849.91,2844.78,65.47,TRAVEL,-3005.1299999999997,135.85453125,35.93296875000001,DOWN,65.47,117.0,182.47,29.8,N,2026-04,TXN_V2.1,2026-04-10,2026-04-10 11:28:08.695308
452,2,1,62,5526.35,3655.06,669.7,RETAIL,-1871.2900000000004,148.08725806451613,41.934999999999995,DOWN,669.7,110.53,780.23,27.2,N,2026-04,TXN_V2.1,2026-04-10,2026-04-10 11:28:08.695308
453,2,2,89,8490.55,3683.58,2007.79,RETAIL,-4806.969999999999,136.78797752808987,35.95191011235955,DOWN,2007.79,169.81,2177.6,47.2,N,2026-04,TXN_V2.1,2026-04-10,2026-04-10 11:28:08.695308
454,3,3,135,14483.3,10601.26,419.58000000000004,ENTERTAINMENT,-3882.039999999999,185.81155555555554,37.04088888888889,DOWN,419.58000000000004,289.67,709.25,80.8,N,2026-04,TXN_V2.1,2026-04-10,2026-04-10 11:28:08.695308
455,2,2,104,20798.83,7123.799999999999,176.17000000000002,ENTERTAINMENT,-13675.030000000002,268.48682692307693,41.34134615384616,DOWN,176.17000000000002,415.98,592.1500000000001,94.6,N,2026-04,TXN_V2.1,2026-04-10,2026-04-10 11:28:08.695308
456,2,2,124,5508.76,11784.59,774.74,GROCERY,6275.83,139.46249999999998,42.74241935483871,UP,774.74,110.18,884.9200000000001,27.0,N,2026-04,TXN_V2.1,2026-04-10,2026-04-10 11:28:08.695308
457,4,3,187,20159.37,11594.39,319.02,RETAIL,-8564.98,169.80620320855613,41.711069518716585,DOWN,319.02,403.19,722.21,94.0,N,2026-04,TXN_V2.1,2026-04-10,2026-04-10 11:28:08.695308
458,4,4,197,11021.47,8846.13,1961.23,WIRE_TRANSFER_INTL,-2175.34,100.85076142131979,38.07020304568528,DOWN,1961.23,220.43,2181.66,61.4,N,2026-04,TXN_V2.1,2026-04-10,2026-04-10 11:28:08.695308
459,3,3,150,17064.559999999998,9460.11,474.45000000000005,CRYPTO_EXCHANGE,-7604.449999999997,176.83113333333333,34.00033333333333,DOWN,474.45000000000005,341.29,815.74,89.2,N,2026-04,TXN_V2.1,2026-04-10,2026-04-10 11:28:08.695308
460,2,2,60,6528.42,2784.19,105.34,CRYPTO_EXCHANGE,-3744.23,155.21016666666668,46.665333333333336,DOWN,105.34,130.57,235.91,35.0,N,2026-04,TXN_V2.1,2026-04-10,2026-04-10 11:28:08.695308
461,2,2,84,5202.55,6505.219999999999,2676.66,CRYPTO_EXCHANGE,1302.6699999999992,139.37821428571428,32.13761904761905,UP,2676.66,104.05,2780.71,24.4,N,2026-04,TXN_V2.1,2026-04-10,2026-04-10 11:28:08.695308
462,2,2,76,7981.0,3692.63,443.55,GROCERY,-4288.37,153.6003947368421,44.73842105263158,DOWN,443.55,159.62,603.1700000000001,44.6,N,2026-04,TXN_V2.1,2026-04-10,2026-04-10 11:28:08.695308
463,4,4,151,13096.890000000001,5654.07,299.63,CRYPTO_EXCHANGE,-7442.8200000000015,124.1785430463576,40.397284768211925,DOWN,299.63,261.94,561.5699999999999,73.2,N,2026-04,TXN_V2.1,2026-04-10,2026-04-10 11:28:08.695308
464,2,2,45,7001.65,770.96,779.24,GAMBLING,-6230.69,172.72466666666665,44.448,DOWN,779.24,140.03,919.27,37.6,N,2026-04,TXN_V2.1,2026-04-10,2026-04-10 11:28:08.695308
465,2,2,77,4899.0,5018.17,1004.23,HEALTHCARE,119.17000000000007,128.7944155844156,44.15298701298701,STABLE,1004.23,97.98,1102.21,21.2,N,2026-04,TXN_V2.1,2026-04-10,2026-04-10 11:28:08.695308
466,3,3,94,10892.34,4732.969999999999,8795.33,ENTERTAINMENT,-6159.370000000001,166.22670212765956,43.61446808510638,DOWN,8795.33,217.85,9013.18,60.8,N,2026-04,TXN_V2.1,2026-04-10,2026-04-10 11:28:08.695308
467,2,2,145,16698.35,8126.7300000000005,1461.3500000000001,GROCERY,-8571.619999999999,171.20744827586205,40.69034482758621,DOWN,1461.3500000000001,333.97,1795.3200000000002,87.6,N,2026-04,TXN_V2.1,2026-04-10,2026-04-10 11:28:08.695308
468,2,2,131,13235.329999999998,8832.11,867.03,UTILITIES,-4403.2199999999975,168.45374045801526,41.22083969465649,DOWN,867.03,264.71,1131.74,74.2,N,2026-04,TXN_V2.1,2026-04-10,2026-04-10 11:28:08.695308
469,3,3,151,11990.06,8278.02,1924.43,CRYPTO_EXCHANGE,-3712.039999999999,134.22569536423842,38.41019867549669,DOWN,1924.43,239.8,2164.23,66.8,N,2026-04,TXN_V2.1,2026-04-10,2026-04-10 11:28:08.695308
470,4,4,216,16534.39,12489.970000000001,2420.3900000000003,GROCERY,-4044.4199999999983,134.37203703703705,37.964490740740736,DOWN,2420.3900000000003,330.69,2751.0800000000004,86.6,N,2026-04,TXN_V2.1,2026-04-10,2026-04-10 11:28:08.695308
471,3,3,177,13272.74,15581.33,3265.4100000000003,ENTERTAINMENT,2308.59,163.01734463276836,46.328700564971754,UP,3265.4100000000003,265.45,3530.86,74.4,N,2026-04,TXN_V2.1,2026-04-10,2026-04-10 11:28:08.695308
472,2,2,99,8197.23,6840.37,1746.8,GROCERY,-1356.8599999999997,151.8949494949495,41.41,DOWN,1746.8,163.94,1910.74,46.0,N,2026-04,TXN_V2.1,2026-04-10,2026-04-10 11:28:08.695308
473,4,3,119,13005.429999999998,9549.21,436.92,GAS_STATION,-3456.2199999999993,189.53478991596637,43.7,DOWN,436.92,260.11,697.03,72.8,N,2026-04,TXN_V2.1,2026-04-10,2026-04-10 11:28:08.695308
474,3,2,90,4418.38,4217.99,1693.92,TRAVEL,-200.39000000000033,95.95966666666665,45.55511111111111,STABLE,1693.92,88.37,1782.29,17.8,N,2026-04,TXN_V2.1,2026-04-10,2026-04-10 11:28:08.695308
475,2,2,67,5051.24,14328.94,289.67,UTILITIES,9277.7,289.25641791044774,40.2965671641791,UP,289.67,101.02,390.69,22.8,N,2026-04,TXN_V2.1,2026-04-10,2026-04-10 11:28:08.695308
476,4,4,182,26653.21,16304.050000000001,1477.48,WIRE_TRANSFER_INTL,-10349.159999999998,236.02890109890112,40.65686813186813,DOWN,1477.48,533.06,2010.54,98.2,N,2026-04,TXN_V2.1,2026-04-10,2026-04-10 11:28:08.695308
477,3,3,145,14359.62,7710.540000000001,406.45000000000005,CRYPTO_EXCHANGE,-6649.08,152.20800000000003,37.23910344827587,DOWN,406.45000000000005,287.19,693.6400000000001,79.0,N,2026-04,TXN_V2.1,2026-04-10,2026-04-10 11:28:08.695308
478,4,4,152,12108.55,8852.49,2311.91,GAS_STATION,-3256.0599999999995,137.90157894736842,42.10342105263158,DOWN,2311.91,242.17,2554.08,67.8,N,2026-04,TXN_V2.1,2026-04-10,2026-04-10 11:28:08.695308
479,3,3,170,13530.66,6138.43,2866.3,UTILITIES,-7392.23,115.7005294117647,34.70647058823529,DOWN,2866.3,270.61,3136.9100000000003,75.4,N,2026-04,TXN_V2.1,2026-04-10,2026-04-10 11:28:08.695308
480,3,3,210,17930.86,11053.84,1922.3799999999999,GAMBLING,-6877.02,138.02238095238096,37.141333333333336,DOWN,1922.3799999999999,358.62,2281.0,90.4,N,2026-04,TXN_V2.1,2026-04-10,2026-04-10 11:28:08.695308
481,3,3,129,8335.18,4426.45,4962.13,UTILITIES,-3908.7300000000005,98.92736434108528,43.40821705426357,DOWN,4962.13,166.7,5128.83,46.8,N,2026-04,TXN_V2.1,2026-04-10,2026-04-10 11:28:08.695308
482,2,2,70,7753.55,4564.5599999999995,966.9,UTILITIES,-3188.9900000000007,175.973,35.71314285714286,DOWN,966.9,155.07,1121.97,43.0,N,2026-04,TXN_V2.1,2026-04-10,2026-04-10 11:28:08.695308
483,4,3,143,15941.99,7083.28,500.68999999999994,UTILITIES,-8858.71,161.01587412587412,37.76692307692308,DOWN,500.68999999999994,318.84,819.53,84.2,N,2026-04,TXN_V2.1,2026-04-10,2026-04-10 11:28:08.695308
484,2,1,54,1467.48,2437.08,465.83,RESTAURANT,969.5999999999999,72.30666666666667,33.33333333333333,UP,465.83,29.35,495.18,4.2,N,2026-04,TXN_V2.1,2026-04-10,2026-04-10 11:28:08.695308
485,3,3,125,14407.16,4369.32,2173.56,GROCERY,-10037.84,150.21184,39.99976,DOWN,2173.56,288.14,2461.7,79.6,N,2026-04,TXN_V2.1,2026-04-10,2026-04-10 11:28:08.695308
486,2,2,62,6200.41,7946.3,237.02,CRYPTO_EXCHANGE,1745.8900000000003,228.17274193548386,32.25999999999999,UP,237.02,124.01,361.03000000000003,32.2,N,2026-04,TXN_V2.1,2026-04-10,2026-04-10 11:28:08.695308
487,3,1,81,10246.27,3502.8199999999997,267.59000000000003,ENTERTAINMENT,-6743.450000000001,169.74185185185186,35.79888888888889,DOWN,267.59000000000003,204.93,472.52000000000004,56.6,N,2026-04,TXN_V2.1,2026-04-10,2026-04-10 11:28:08.695308
488,4,4,232,34859.4,11705.23,577.44,CRYPTO_EXCHANGE,-23154.170000000002,200.70961206896553,33.62060344827586,DOWN,577.44,697.19,1274.63,99.4,Y,2026-04,TXN_V2.1,2026-04-10,2026-04-10 11:28:08.695308
489,3,3,111,14317.76,3614.02,191.85,GAMBLING,-10703.74,161.54756756756757,41.43891891891892,DOWN,191.85,286.36,478.21000000000004,78.6,N,2026-04,TXN_V2.1,2026-04-10,2026-04-10 11:28:08.695308
490,2,2,55,2052.02,3243.32,2098.99,GAMBLING,1191.3000000000002,96.2789090909091,43.63963636363636,UP,2098.99,41.04,2140.0299999999997,6.2,N,2026-04,TXN_V2.1,2026-04-10,2026-04-10 11:28:08.695308
491,2,2,138,15151.380000000001,7495.93,863.8800000000001,GAMBLING,-7655.450000000001,164.1109420289855,42.75739130434783,DOWN,863.8800000000001,303.03,1166.91,82.4,N,2026-04,TXN_V2.1,2026-04-10,2026-04-10 11:28:08.695308
492,3,3,144,17282.08,5479.24,1795.96,UTILITIES,-11802.840000000002,158.06472222222223,43.055902777777774,DOWN,1795.96,345.64,2141.6,89.4,N,2026-04,TXN_V2.1,2026-04-10,2026-04-10 11:28:08.695308
493,4,3,162,12783.970000000001,8047.17,630.21,RETAIL,-4736.800000000001,128.5872839506173,45.67962962962963,DOWN,630.21,255.68,885.8900000000001,71.4,N,2026-04,TXN_V2.1,2026-04-10,2026-04-10 11:28:08.695308
494,4,4,211,15108.09,10340.1,2106.05,GAMBLING,-4767.99,120.60753554502371,38.85962085308057,DOWN,2106.05,302.16,2408.21,82.2,N,2026-04,TXN_V2.1,2026-04-10,2026-04-10 11:28:08.695308
495,1,1,13,1487.65,1461.64,0.0,GAMBLING,-26.00999999999999,226.86846153846153,38.46000000000001,STABLE,0.0,29.75,29.75,4.4,N,2026-04,TXN_V2.1,2026-04-10,2026-04-10 11:28:08.695308
496,2,2,139,11412.900000000001,6553.9400000000005,1211.09,RETAIL,-4858.960000000001,129.25784172661872,40.2868345323741,DOWN,1211.09,228.26,1439.35,64.0,N,2026-04,TXN_V2.1,2026-04-10,2026-04-10 11:28:08.695308
497,2,2,49,2905.71,945.8000000000001,358.89,RESTAURANT,-1959.9099999999999,78.60224489795918,34.69632653061225,DOWN,358.89,58.11,417.0,9.2,N,2026-04,TXN_V2.1,2026-04-10,2026-04-10 11:28:08.695308
498,3,2,118,7675.01,11603.92,1235.48,WIRE_TRANSFER_INTL,3928.91,163.3807627118644,33.05372881355932,UP,1235.48,153.5,1388.98,42.8,N,2026-04,TXN_V2.1,2026-04-10,2026-04-10 11:28:08.695308
499,2,1,60,3812.15,8774.85,357.15999999999997,GAS_STATION,4962.700000000001,209.78333333333333,50.002,UP,357.15999999999997,76.24,433.4,13.2,N,2026-04,TXN_V2.1,2026-04-10,2026-04-10 11:28:08.695308
500,2,2,142,9378.76,7391.48,2360.48,GAS_STATION,-1987.2800000000007,118.10028169014083,38.73211267605634,DOWN,2360.48,187.58,2548.06,52.6,N,2026-04,TXN_V2.1,2026-04-10,2026-04-10 11:28:08.695308
