address_id,customer_id,address_type,address_line_1,address_line_2,city,state_code,zip_code,country_code,is_primary,effective_date,expiration_date,created_ts,updated_ts
1,1,HOME,04478 Hamilton Spur,,West Wendy,NM,47588,US,Y,2024-12-28,,2026-06-29 19:43:08.417501,2026-06-29 19:43:08.417501
2,2,HOME,0332 Jessica Radial,,North Michael,SD,05398,US,Y,2022-09-28,,2026-06-29 19:43:08.417501,2026-06-29 19:43:08.417501
3,2,MAIL,909 Ebony Shoal Apt. 016,Apt 58,Jamesside,KS,62681,US,N,2024-09-13,,2026-06-29 19:43:08.417501,2026-06-29 19:43:08.417501
4,3,HOME,046 Elaine Groves,,South Maria,CT,67555,US,Y,2024-10-20,,2026-06-29 19:43:08.417501,2026-06-29 19:43:08.417501
5,3,MAIL,1173 Kimberly Village,Apt 217,West Jade,LA,21521,US,N,2020-09-22,,2026-06-29 19:43:08.417501,2026-06-29 19:43:08.417501
6,4,HOME,75300 Rebecca Village Suite 218,,Lake Jenniferview,SD,30799,US,Y,2023-03-26,,2026-06-29 19:43:08.417501,2026-06-29 19:43:08.417501
7,5,HOME,7012 Melissa Lake Suite 611,,North Melissaburgh,MA,47362,US,Y,2025-11-09,,2026-06-29 19:43:08.417501,2026-06-29 19:43:08.417501
8,5,MAIL,155 Daniel Locks Suite 467,Apt 143,Banksburgh,DE,17869,US,N,2024-09-01,,2026-06-29 19:43:08.417501,2026-06-29 19:43:08.417501
9,6,HOME,16979 White Light,,Cherylberg,NJ,64480,US,Y,2021-03-02,,2026-06-29 19:43:08.417501,2026-06-29 19:43:08.417501
10,7,HOME,0145 Janet Springs Apt. 588,,South Dorothybury,NJ,45819,US,Y,2024-06-21,,2026-06-29 19:43:08.417501,2026-06-29 19:43:08.417501
11,8,HOME,89002 Christian Ways Apt. 175,,West Tara,AR,66945,US,Y,2021-10-29,,2026-06-29 19:43:08.417501,2026-06-29 19:43:08.417501
12,8,MAIL,3177 Miller Parks Suite 517,Apt 367,North Richardton,OH,72472,US,N,2020-06-28,,2026-06-29 19:43:08.417501,2026-06-29 19:43:08.417501
13,9,HOME,948 Diamond Motorway,,Michaelton,GU,29719,US,Y,2025-07-22,,2026-06-29 19:43:08.417501,2026-06-29 19:43:08.417501
14,9,MAIL,997 Baldwin Crescent Apt. 305,Apt 158,Mariaport,OH,68918,US,N,2022-09-25,,2026-06-29 19:43:08.417501,2026-06-29 19:43:08.417501
15,10,HOME,27261 Carr Field,,Port Philipmouth,GU,25480,US,Y,2024-10-16,,2026-06-29 19:43:08.417501,2026-06-29 19:43:08.417501
16,10,MAIL,0917 Barrett Parkways,Apt 311,South Adam,WA,06867,US,N,2023-10-23,,2026-06-29 19:43:08.417501,2026-06-29 19:43:08.417501
17,11,HOME,782 Jessica Crossroad Apt. 699,,Williamfurt,MT,80323,US,Y,2025-12-26,,2026-06-29 19:43:08.417501,2026-06-29 19:43:08.417501
18,11,MAIL,6547 Devon Rapids,Apt 379,Meganside,VI,41645,US,N,2024-10-05,,2026-06-29 19:43:08.417501,2026-06-29 19:43:08.417501
19,12,HOME,39452 William Square,,Jenniferstad,OH,63464,US,Y,2023-12-27,,2026-06-29 19:43:08.417501,2026-06-29 19:43:08.417501
20,13,HOME,846 Alexandra Burg Suite 200,,West Karen,GA,38068,US,Y,2024-08-03,,2026-06-29 19:43:08.417501,2026-06-29 19:43:08.417501
21,14,HOME,43805 Garcia Ways,,Lake Deborah,MS,31643,US,Y,2023-07-22,,2026-06-29 19:43:08.417501,2026-06-29 19:43:08.417501
22,15,HOME,066 Frye Spur Suite 800,,Jamesmouth,MP,30064,US,Y,2025-12-16,,2026-06-29 19:43:08.417501,2026-06-29 19:43:08.417501
23,16,HOME,893 Kelly Fall Apt. 228,,South Billyview,OH,35135,US,Y,2021-04-09,,2026-06-29 19:43:08.417501,2026-06-29 19:43:08.417501
24,16,MAIL,57202 Carlson Trail Suite 798,Apt 283,Charlesmouth,NC,29331,US,N,2026-03-26,,2026-06-29 19:43:08.417501,2026-06-29 19:43:08.417501
25,17,HOME,268 Davis Forges,,Lake Martin,MN,38980,US,Y,2021-10-19,,2026-06-29 19:43:08.417501,2026-06-29 19:43:08.417501
26,17,MAIL,015 Allen Row Apt. 056,Apt 328,South Jonathanport,AK,68247,US,N,2025-06-04,,2026-06-29 19:43:08.417501,2026-06-29 19:43:08.417501
27,18,HOME,877 Kenneth Run Apt. 581,,East Teresaside,ND,01461,US,Y,2024-04-02,,2026-06-29 19:43:08.417501,2026-06-29 19:43:08.417501
28,19,HOME,361 Amanda Squares,,Lucasland,WA,90422,US,Y,2021-05-31,,2026-06-29 19:43:08.417501,2026-06-29 19:43:08.417501
29,19,MAIL,501 Brian Underpass Suite 819,Apt 351,West Rickey,NV,83104,US,N,2022-12-01,,2026-06-29 19:43:08.417501,2026-06-29 19:43:08.417501
30,20,HOME,61809 Katelyn Prairie Apt. 158,,West Kristinport,PA,11839,US,Y,2022-03-07,,2026-06-29 19:43:08.417501,2026-06-29 19:43:08.417501
31,20,MAIL,6072 Derek Lock Suite 245,Apt 122,New Nancyberg,DE,05976,US,N,2020-07-09,,2026-06-29 19:43:08.417501,2026-06-29 19:43:08.417501
32,21,HOME,814 Kaitlin Stream Suite 368,,East Jack,RI,33628,US,Y,2021-08-27,,2026-06-29 19:43:08.417501,2026-06-29 19:43:08.417501
33,22,HOME,908 Newman Cliffs,,Emilyview,CT,26376,US,Y,2024-11-04,,2026-06-29 19:43:08.417501,2026-06-29 19:43:08.417501
34,22,MAIL,5231 Harvey Fields Suite 775,Apt 202,Heatherberg,OK,74800,US,N,2022-09-04,,2026-06-29 19:43:08.417501,2026-06-29 19:43:08.417501
35,23,HOME,2053 Jennifer Row Suite 452,,Nataliemouth,NV,47521,US,Y,2025-02-20,,2026-06-29 19:43:08.417501,2026-06-29 19:43:08.417501
36,24,HOME,129 Meagan Walks Apt. 834,,Lake Charlestown,PR,66977,US,Y,2024-04-12,,2026-06-29 19:43:08.417501,2026-06-29 19:43:08.417501
37,25,HOME,308 Stephens Plains Suite 256,,Port Brittany,PR,38642,US,Y,2021-04-17,,2026-06-29 19:43:08.417501,2026-06-29 19:43:08.417501
38,25,MAIL,5803 Katherine Dam,Apt 388,Mooreshire,OK,86931,US,N,2025-09-21,,2026-06-29 19:43:08.417501,2026-06-29 19:43:08.417501
39,26,HOME,750 Kathleen Fort,,West Miketon,TN,27603,US,Y,2023-08-07,,2026-06-29 19:43:08.417501,2026-06-29 19:43:08.417501
40,26,MAIL,7700 Garcia Pike Suite 498,Apt 108,South Desiree,MN,77529,US,N,2024-05-30,,2026-06-29 19:43:08.417501,2026-06-29 19:43:08.417501
41,27,HOME,463 Gomez Ways,,Tommyfort,FM,79696,US,Y,2020-07-12,,2026-06-29 19:43:08.417501,2026-06-29 19:43:08.417501
42,28,HOME,2318 Lewis Ferry,,West Carolyn,GU,16010,US,Y,2024-06-16,,2026-06-29 19:43:08.417501,2026-06-29 19:43:08.417501
43,28,MAIL,1777 Brittany Rue Suite 030,Apt 225,New Brittany,DC,83016,US,N,2023-07-26,,2026-06-29 19:43:08.417501,2026-06-29 19:43:08.417501
44,29,HOME,24286 Natalie Stream,,Staceyborough,NV,79999,US,Y,2026-06-13,,2026-06-29 19:43:08.417501,2026-06-29 19:43:08.417501
45,30,HOME,36929 Cindy Pass Suite 257,,East Nicholasberg,CT,02671,US,Y,2021-09-14,,2026-06-29 19:43:08.417501,2026-06-29 19:43:08.417501
46,31,HOME,91279 Natalie Place Apt. 172,,Port Erikachester,NC,55640,US,Y,2022-09-17,,2026-06-29 19:43:08.417501,2026-06-29 19:43:08.417501
47,32,HOME,863 Clarke Light,,Briannashire,CT,56270,US,Y,2021-04-17,,2026-06-29 19:43:08.417501,2026-06-29 19:43:08.417501
48,33,HOME,14986 Lopez Station Apt. 981,,South Diamondmouth,MT,47984,US,Y,2021-02-16,,2026-06-29 19:43:08.417501,2026-06-29 19:43:08.417501
49,33,MAIL,944 Cunningham Ridge Suite 636,Apt 42,Whiteside,OH,63908,US,N,2022-01-05,,2026-06-29 19:43:08.417501,2026-06-29 19:43:08.417501
50,34,HOME,562 Julie Mission Apt. 138,,Hartmanside,RI,91865,US,Y,2024-08-06,,2026-06-29 19:43:08.417501,2026-06-29 19:43:08.417501
51,35,HOME,60127 Davis Greens,,West Christopher,AZ,95461,US,Y,2022-10-18,,2026-06-29 19:43:08.417501,2026-06-29 19:43:08.417501
52,36,HOME,849 Sonya Viaduct Apt. 770,,Port Diane,AS,68416,US,Y,2022-03-16,,2026-06-29 19:43:08.417501,2026-06-29 19:43:08.417501
53,37,HOME,883 Emily Lake,,Lake Aaron,GA,11883,US,Y,2026-06-22,,2026-06-29 19:43:08.417501,2026-06-29 19:43:08.417501
54,38,HOME,6693 Jillian Cliff Apt. 848,,Michaelview,IN,79978,US,Y,2026-04-09,,2026-06-29 19:43:08.417501,2026-06-29 19:43:08.417501
55,39,HOME,9042 Hunter Points Apt. 845,,Port Williamview,FM,71005,US,Y,2025-05-15,,2026-06-29 19:43:08.417501,2026-06-29 19:43:08.417501
56,40,HOME,769 Carrillo Throughway Suite 779,,South Darrenland,MS,83556,US,Y,2025-03-22,,2026-06-29 19:43:08.417501,2026-06-29 19:43:08.417501
57,41,HOME,356 Black Branch,,Johnland,MO,88803,US,Y,2024-12-25,,2026-06-29 19:43:08.417501,2026-06-29 19:43:08.417501
58,42,HOME,82755 Patricia Grove Apt. 373,,Lake John,KS,27603,US,Y,2021-11-12,,2026-06-29 19:43:08.417501,2026-06-29 19:43:08.417501
59,43,HOME,521 Samantha Springs,,Austinside,AZ,63715,US,Y,2022-09-19,,2026-06-29 19:43:08.417501,2026-06-29 19:43:08.417501
60,44,HOME,9472 Sanders Terrace Apt. 086,,Ayerston,NY,46020,US,Y,2022-11-08,,2026-06-29 19:43:08.417501,2026-06-29 19:43:08.417501
61,45,HOME,1875 Alexander Fords,,Carpentermouth,MN,80819,US,Y,2025-08-30,,2026-06-29 19:43:08.417501,2026-06-29 19:43:08.417501
62,45,MAIL,434 Mullen Junctions,Apt 309,Ivanchester,IL,55432,US,N,2024-09-10,,2026-06-29 19:43:08.417501,2026-06-29 19:43:08.417501
63,46,HOME,6472 Tiffany Spur Apt. 143,,Chaseborough,FL,97303,US,Y,2021-05-21,,2026-06-29 19:43:08.417501,2026-06-29 19:43:08.417501
64,47,HOME,67288 Floyd Hills,,Annashire,AR,52720,US,Y,2021-01-30,,2026-06-29 19:43:08.417501,2026-06-29 19:43:08.417501
65,48,HOME,34717 Green Lake,,Mauricechester,DE,46519,US,Y,2025-09-11,,2026-06-29 19:43:08.417501,2026-06-29 19:43:08.417501
66,48,MAIL,982 Kelly Spring,Apt 356,Hamptonmouth,FM,10778,US,N,2022-10-11,,2026-06-29 19:43:08.417501,2026-06-29 19:43:08.417501
67,49,HOME,2256 Sweeney Cliffs Apt. 253,,Loganport,VT,35559,US,Y,2024-02-15,,2026-06-29 19:43:08.417501,2026-06-29 19:43:08.417501
68,49,MAIL,7598 Gutierrez Ferry Apt. 234,Apt 27,East Garrettville,CT,08862,US,N,2026-02-10,,2026-06-29 19:43:08.417501,2026-06-29 19:43:08.417501
69,50,HOME,006 Dalton River Apt. 164,,East Joan,NV,82615,US,Y,2021-04-01,,2026-06-29 19:43:08.417501,2026-06-29 19:43:08.417501
70,51,HOME,05577 Dunn Dale,,New Carla,SC,98662,US,Y,2024-04-21,,2026-06-29 19:43:08.417501,2026-06-29 19:43:08.417501
71,51,MAIL,845 Fernandez Valley Apt. 745,Apt 228,Greenport,AL,00513,US,N,2023-08-19,,2026-06-29 19:43:08.417501,2026-06-29 19:43:08.417501
72,52,HOME,4780 Arroyo Neck,,Albertchester,AS,38894,US,Y,2024-01-27,,2026-06-29 19:43:08.417501,2026-06-29 19:43:08.417501
73,53,HOME,536 Foster Estates,,Claytonbury,KS,10883,US,Y,2023-01-09,,2026-06-29 19:43:08.417501,2026-06-29 19:43:08.417501
74,53,MAIL,944 Gutierrez Walk,Apt 206,East Derrickville,SC,60183,US,N,2024-03-13,,2026-06-29 19:43:08.417501,2026-06-29 19:43:08.417501
75,54,HOME,973 Smith Causeway Apt. 214,,Davidmouth,VA,01576,US,Y,2021-11-20,,2026-06-29 19:43:08.417501,2026-06-29 19:43:08.417501
76,54,MAIL,73564 Bolton Mountain,Apt 157,West Christopherberg,AR,35432,US,N,2025-02-22,,2026-06-29 19:43:08.417501,2026-06-29 19:43:08.417501
77,55,HOME,723 Roth Village,,North Theresabury,MS,58560,US,Y,2021-12-21,,2026-06-29 19:43:08.417501,2026-06-29 19:43:08.417501
78,55,MAIL,71837 Maldonado Inlet,Apt 43,Ericton,WA,72535,US,N,2023-08-13,,2026-06-29 19:43:08.417501,2026-06-29 19:43:08.417501
79,56,HOME,4350 Teresa Freeway Suite 502,,Brendafurt,WY,32363,US,Y,2020-07-17,,2026-06-29 19:43:08.417501,2026-06-29 19:43:08.417501
80,56,MAIL,792 Townsend Gateway,Apt 128,South Christopher,RI,44858,US,N,2026-01-28,,2026-06-29 19:43:08.417501,2026-06-29 19:43:08.417501
81,57,HOME,52812 Hall Point,,Lindamouth,VA,25793,US,Y,2020-08-13,,2026-06-29 19:43:08.417501,2026-06-29 19:43:08.417501
82,58,HOME,2407 Hansen Plains Suite 392,,Mariomouth,KY,78971,US,Y,2025-12-23,,2026-06-29 19:43:08.417501,2026-06-29 19:43:08.417501
83,59,HOME,82744 Gibson Trail,,Grosstown,RI,48221,US,Y,2025-02-23,,2026-06-29 19:43:08.417501,2026-06-29 19:43:08.417501
84,60,HOME,1863 Cannon Drives,,Marcusmouth,DE,13117,US,Y,2023-08-18,,2026-06-29 19:43:08.417501,2026-06-29 19:43:08.417501
85,61,HOME,22031 Lee Bypass,,Barretthaven,RI,92423,US,Y,2024-01-12,,2026-06-29 19:43:08.417501,2026-06-29 19:43:08.417501
86,62,HOME,3910 Diana Village,,South Laurieton,MN,73641,US,Y,2024-12-13,,2026-06-29 19:43:08.417501,2026-06-29 19:43:08.417501
87,63,HOME,0948 Jessica Village Suite 138,,North Jessicaside,MS,25333,US,Y,2021-08-25,,2026-06-29 19:43:08.417501,2026-06-29 19:43:08.417501
88,64,HOME,288 Reese Trafficway,,Emilychester,FM,14145,US,Y,2021-06-28,,2026-06-29 19:43:08.417501,2026-06-29 19:43:08.417501
89,64,MAIL,685 Amanda Rapid,Apt 245,Mahoneymouth,OH,43054,US,N,2025-07-23,,2026-06-29 19:43:08.417501,2026-06-29 19:43:08.417501
90,65,HOME,659 Anna Forest Suite 845,,Westfurt,AL,95700,US,Y,2020-09-11,,2026-06-29 19:43:08.417501,2026-06-29 19:43:08.417501
91,66,HOME,082 Smith Forges Apt. 504,,North Benjamin,MI,20962,US,Y,2021-04-27,,2026-06-29 19:43:08.417501,2026-06-29 19:43:08.417501
92,66,MAIL,334 Davis Locks Apt. 157,Apt 89,South Margaret,UT,92624,US,N,2023-12-13,,2026-06-29 19:43:08.417501,2026-06-29 19:43:08.417501
93,67,HOME,409 Miller Centers,,Michaelchester,MT,16300,US,Y,2025-09-16,,2026-06-29 19:43:08.417501,2026-06-29 19:43:08.417501
94,68,HOME,906 Kevin Canyon,,Amberberg,MD,66351,US,Y,2024-09-04,,2026-06-29 19:43:08.417501,2026-06-29 19:43:08.417501
95,69,HOME,67998 Jeffrey Highway,,Hernandezmouth,CO,62872,US,Y,2023-12-02,,2026-06-29 19:43:08.417501,2026-06-29 19:43:08.417501
96,70,HOME,641 Shaw Trail,,Port Dennis,OH,26467,US,Y,2023-06-02,,2026-06-29 19:43:08.417501,2026-06-29 19:43:08.417501
97,70,MAIL,983 Charles Trail,Apt 213,Morrisshire,CO,15250,US,N,2024-07-09,,2026-06-29 19:43:08.417501,2026-06-29 19:43:08.417501
98,71,HOME,5355 Kayla Extension Suite 979,,South Brady,GU,31104,US,Y,2021-09-08,,2026-06-29 19:43:08.417501,2026-06-29 19:43:08.417501
99,71,MAIL,11039 Misty Viaduct Suite 051,Apt 202,Shannontown,MA,27896,US,N,2024-12-06,,2026-06-29 19:43:08.417501,2026-06-29 19:43:08.417501
100,72,HOME,88487 Heather Skyway,,South Brandyhaven,AZ,33984,US,Y,2021-07-06,,2026-06-29 19:43:08.417501,2026-06-29 19:43:08.417501
101,73,HOME,94070 Paul Groves Suite 104,,Hallfurt,NY,93521,US,Y,2021-02-01,,2026-06-29 19:43:08.417501,2026-06-29 19:43:08.417501
102,74,HOME,9812 Vincent Mount Apt. 038,,Matthewfurt,WA,21079,US,Y,2020-08-07,,2026-06-29 19:43:08.417501,2026-06-29 19:43:08.417501
103,75,HOME,4384 Connie Wells Suite 084,,East Matthew,MO,86606,US,Y,2021-04-24,,2026-06-29 19:43:08.417501,2026-06-29 19:43:08.417501
104,75,MAIL,936 Ashley Meadow Suite 957,Apt 12,East Denise,OR,71457,US,N,2024-08-05,,2026-06-29 19:43:08.417501,2026-06-29 19:43:08.417501
105,76,HOME,48262 Lonnie Point,,East Lonnieberg,VA,04365,US,Y,2025-01-30,,2026-06-29 19:43:08.417501,2026-06-29 19:43:08.417501
106,77,HOME,4742 Daniel Ferry Apt. 994,,New Jesse,TX,03919,US,Y,2022-08-24,,2026-06-29 19:43:08.417501,2026-06-29 19:43:08.417501
107,78,HOME,89752 Henry Dam Apt. 330,,Durantown,KY,54639,US,Y,2021-10-28,,2026-06-29 19:43:08.417501,2026-06-29 19:43:08.417501
108,79,HOME,12797 Delacruz Gateway,,Sullivanton,PA,96882,US,Y,2025-06-08,,2026-06-29 19:43:08.417501,2026-06-29 19:43:08.417501
109,80,HOME,9998 Abigail Mission Suite 038,,Terrellton,OH,51278,US,Y,2023-08-03,,2026-06-29 19:43:08.417501,2026-06-29 19:43:08.417501
110,81,HOME,47644 Jackson Hill,,Lake Zacharyberg,NH,85186,US,Y,2023-03-15,,2026-06-29 19:43:08.417501,2026-06-29 19:43:08.417501
111,81,MAIL,98266 Hayes Fall,Apt 360,Garzaborough,FM,60097,US,N,2021-01-11,,2026-06-29 19:43:08.417501,2026-06-29 19:43:08.417501
112,82,HOME,211 Jasmin Roads Suite 186,,South Andrea,AZ,22899,US,Y,2025-12-18,,2026-06-29 19:43:08.417501,2026-06-29 19:43:08.417501
113,83,HOME,22064 Cross Mission,,Courtneyville,MH,17746,US,Y,2026-04-03,,2026-06-29 19:43:08.417501,2026-06-29 19:43:08.417501
114,83,MAIL,407 Foley Plains,Apt 317,New Nicolebury,IL,77684,US,N,2024-06-12,,2026-06-29 19:43:08.417501,2026-06-29 19:43:08.417501
115,84,HOME,7199 John Plaza Suite 983,,East Eddiestad,AZ,19555,US,Y,2025-08-12,,2026-06-29 19:43:08.417501,2026-06-29 19:43:08.417501
116,85,HOME,1016 Evan Haven Apt. 795,,North Kaylamouth,MN,50169,US,Y,2025-05-31,,2026-06-29 19:43:08.417501,2026-06-29 19:43:08.417501
117,85,MAIL,147 David Wall Suite 586,Apt 46,Lake Jason,AR,14827,US,N,2023-12-02,,2026-06-29 19:43:08.417501,2026-06-29 19:43:08.417501
118,86,HOME,9469 Green Ports,,Sarashire,NM,68619,US,Y,2024-11-12,,2026-06-29 19:43:08.417501,2026-06-29 19:43:08.417501
119,87,HOME,2934 Aaron Burg Suite 139,,Gutierrezmouth,MI,73955,US,Y,2025-04-29,,2026-06-29 19:43:08.417501,2026-06-29 19:43:08.417501
120,87,MAIL,34414 Hunter Islands,Apt 291,North Ginamouth,MO,95449,US,N,2023-11-27,,2026-06-29 19:43:08.417501,2026-06-29 19:43:08.417501
121,88,HOME,35577 Debbie Orchard,,Lake Steven,VI,70882,US,Y,2025-11-12,,2026-06-29 19:43:08.417501,2026-06-29 19:43:08.417501
122,88,MAIL,0849 Peters Brook Apt. 955,Apt 368,East Juantown,MA,49684,US,N,2024-04-01,,2026-06-29 19:43:08.417501,2026-06-29 19:43:08.417501
123,89,HOME,962 Michelle Terrace,,Janetmouth,VT,04646,US,Y,2022-02-13,,2026-06-29 19:43:08.417501,2026-06-29 19:43:08.417501
124,90,HOME,3574 Alicia Extensions,,West Kristenborough,PW,12638,US,Y,2023-02-25,,2026-06-29 19:43:08.417501,2026-06-29 19:43:08.417501
125,91,HOME,8235 Oconnor Pine,,Kimberlyberg,WI,13379,US,Y,2025-06-04,,2026-06-29 19:43:08.417501,2026-06-29 19:43:08.417501
126,92,HOME,07681 Larry Cape,,West Steventon,CT,68734,US,Y,2025-02-01,,2026-06-29 19:43:08.417501,2026-06-29 19:43:08.417501
127,93,HOME,94353 Justin Place Suite 714,,East Joshua,AL,82151,US,Y,2023-11-06,,2026-06-29 19:43:08.417501,2026-06-29 19:43:08.417501
128,94,HOME,85854 Sherry Unions,,Audreyburgh,CA,41313,US,Y,2024-03-03,,2026-06-29 19:43:08.417501,2026-06-29 19:43:08.417501
129,94,MAIL,702 Thomas Spring Apt. 160,Apt 105,South Philipshire,SC,90957,US,N,2024-09-08,,2026-06-29 19:43:08.417501,2026-06-29 19:43:08.417501
130,95,HOME,5381 Bradley Course Suite 174,,Ruizbury,FL,81364,US,Y,2022-01-14,,2026-06-29 19:43:08.417501,2026-06-29 19:43:08.417501
131,95,MAIL,2557 Johnson Mountains Apt. 577,Apt 137,West Katrina,PA,75825,US,N,2021-04-03,,2026-06-29 19:43:08.417501,2026-06-29 19:43:08.417501
132,96,HOME,1581 Patel Locks,,Allenbury,OH,21344,US,Y,2026-05-02,,2026-06-29 19:43:08.417501,2026-06-29 19:43:08.417501
133,96,MAIL,53966 Stephens Freeway Apt. 197,Apt 254,New Caitlinmouth,OH,13300,US,N,2025-06-03,,2026-06-29 19:43:08.417501,2026-06-29 19:43:08.417501
134,97,HOME,6191 Murphy Rue,,North Jeffberg,FM,76623,US,Y,2025-11-28,,2026-06-29 19:43:08.417501,2026-06-29 19:43:08.417501
135,97,MAIL,27846 Gonzalez Springs,Apt 221,Kevinport,PW,57481,US,N,2024-10-18,,2026-06-29 19:43:08.417501,2026-06-29 19:43:08.417501
136,98,HOME,90986 Melissa Circle Suite 800,,Danielport,VI,04588,US,Y,2021-11-25,,2026-06-29 19:43:08.417501,2026-06-29 19:43:08.417501
137,99,HOME,566 Graham Forest Apt. 723,,Bridgesstad,MP,55188,US,Y,2021-06-01,,2026-06-29 19:43:08.417501,2026-06-29 19:43:08.417501
138,100,HOME,01027 Proctor Dale,,East Dawnchester,VI,60273,US,Y,2025-11-07,,2026-06-29 19:43:08.417501,2026-06-29 19:43:08.417501
139,101,HOME,278 Arnold Mission Suite 532,,Jacobsshire,NM,96303,US,Y,2021-11-28,,2026-06-29 19:43:08.417501,2026-06-29 19:43:08.417501
140,101,MAIL,8950 Ashley Squares Suite 197,Apt 347,East Jessicahaven,PR,98881,US,N,2025-03-01,,2026-06-29 19:43:08.417501,2026-06-29 19:43:08.417501
141,102,HOME,189 John Roads Apt. 894,,West Amandatown,NJ,60012,US,Y,2023-07-26,,2026-06-29 19:43:08.417501,2026-06-29 19:43:08.417501
142,102,MAIL,565 Roberts Camp Suite 940,Apt 93,Laneshire,AR,86526,US,N,2026-06-07,,2026-06-29 19:43:08.417501,2026-06-29 19:43:08.417501
143,103,HOME,7128 Melissa Harbors,,Davidview,KY,34180,US,Y,2020-07-29,,2026-06-29 19:43:08.417501,2026-06-29 19:43:08.417501
144,104,HOME,292 Wood Extensions,,Kimberlybury,NM,24200,US,Y,2025-04-15,,2026-06-29 19:43:08.417501,2026-06-29 19:43:08.417501
145,104,MAIL,1292 Mullins Loop,Apt 149,Youngmouth,VA,84069,US,N,2021-06-29,,2026-06-29 19:43:08.417501,2026-06-29 19:43:08.417501
146,105,HOME,41027 Alvarez Mountains Apt. 667,,Dustinchester,AL,38353,US,Y,2026-01-20,,2026-06-29 19:43:08.417501,2026-06-29 19:43:08.417501
147,106,HOME,5801 Blanchard Meadows Suite 544,,West Destinyfurt,NH,89012,US,Y,2024-12-26,,2026-06-29 19:43:08.417501,2026-06-29 19:43:08.417501
148,106,MAIL,525 Emily Village,Apt 231,North Roberthaven,CT,90350,US,N,2023-03-02,,2026-06-29 19:43:08.417501,2026-06-29 19:43:08.417501
149,107,HOME,443 Andrew Course,,New Dianeborough,PA,84135,US,Y,2021-03-21,,2026-06-29 19:43:08.417501,2026-06-29 19:43:08.417501
150,108,HOME,92692 Heather Glen,,Stevenland,SC,59934,US,Y,2026-01-10,,2026-06-29 19:43:08.417501,2026-06-29 19:43:08.417501
151,108,MAIL,5421 Waters Light Suite 504,Apt 351,Gregoryland,NM,26803,US,N,2024-02-25,,2026-06-29 19:43:08.417501,2026-06-29 19:43:08.417501
152,109,HOME,712 Robinson Row,,South Jenniferville,AZ,10058,US,Y,2020-11-29,,2026-06-29 19:43:08.417501,2026-06-29 19:43:08.417501
153,110,HOME,0720 Elizabeth Grove Apt. 569,,New Jasminefort,NJ,57655,US,Y,2022-11-30,,2026-06-29 19:43:08.417501,2026-06-29 19:43:08.417501
154,110,MAIL,306 Martinez Plain,Apt 241,Mathewport,MO,07735,US,N,2024-04-13,,2026-06-29 19:43:08.417501,2026-06-29 19:43:08.417501
155,111,HOME,8517 Holland Fall,,South Donnaport,UT,51632,US,Y,2025-11-14,,2026-06-29 19:43:08.417501,2026-06-29 19:43:08.417501
156,111,MAIL,1732 James Stravenue Apt. 761,Apt 166,Victormouth,AK,05356,US,N,2022-07-11,,2026-06-29 19:43:08.417501,2026-06-29 19:43:08.417501
157,112,HOME,061 Lindsay Shores Suite 829,,North Benjamin,FL,64581,US,Y,2024-05-31,,2026-06-29 19:43:08.417501,2026-06-29 19:43:08.417501
158,113,HOME,032 Gerald Causeway Suite 179,,Port Brittany,GU,14438,US,Y,2021-03-05,,2026-06-29 19:43:08.417501,2026-06-29 19:43:08.417501
159,113,MAIL,36565 Theresa Ports,Apt 109,West Mary,WY,28449,US,N,2025-01-28,,2026-06-29 19:43:08.417501,2026-06-29 19:43:08.417501
160,114,HOME,1142 Jackson Land,,South John,OR,05835,US,Y,2021-04-16,,2026-06-29 19:43:08.417501,2026-06-29 19:43:08.417501
161,115,HOME,07100 Sara Squares Suite 672,,East Danielle,NC,59538,US,Y,2022-12-18,,2026-06-29 19:43:08.417501,2026-06-29 19:43:08.417501
162,116,HOME,092 Salazar Corners,,Michaeltown,OH,31386,US,Y,2021-08-22,,2026-06-29 19:43:08.417501,2026-06-29 19:43:08.417501
163,117,HOME,588 Steven Road,,West Brian,DE,20059,US,Y,2024-08-08,,2026-06-29 19:43:08.417501,2026-06-29 19:43:08.417501
164,117,MAIL,2200 Mitchell Mews Suite 597,Apt 49,North Joyside,HI,21216,US,N,2025-03-15,,2026-06-29 19:43:08.417501,2026-06-29 19:43:08.417501
165,118,HOME,113 Watkins Islands Suite 353,,West Jeremybury,WA,54580,US,Y,2025-09-16,,2026-06-29 19:43:08.417501,2026-06-29 19:43:08.417501
166,119,HOME,17970 Thomas Ridge Suite 265,,South Jennifer,SC,47502,US,Y,2026-05-06,,2026-06-29 19:43:08.417501,2026-06-29 19:43:08.417501
167,119,MAIL,2090 Taylor Walk,Apt 121,Ellisburgh,WV,45534,US,N,2021-10-22,,2026-06-29 19:43:08.417501,2026-06-29 19:43:08.417501
168,120,HOME,292 Christopher Walks Suite 397,,Ramirezchester,WA,32830,US,Y,2021-12-23,,2026-06-29 19:43:08.417501,2026-06-29 19:43:08.417501
169,121,HOME,392 Robert Cape Apt. 780,,Schmidtfort,AS,91812,US,Y,2025-06-02,,2026-06-29 19:43:08.417501,2026-06-29 19:43:08.417501
170,121,MAIL,3180 Dodson Curve Suite 431,Apt 311,South Elizabethburgh,VT,60700,US,N,2025-08-21,,2026-06-29 19:43:08.417501,2026-06-29 19:43:08.417501
171,122,HOME,7262 Sims Squares,,Port Courtneyfurt,MH,91039,US,Y,2022-06-27,,2026-06-29 19:43:08.417501,2026-06-29 19:43:08.417501
172,123,HOME,6498 Kristin Common,,Jillton,NY,88929,US,Y,2022-09-03,,2026-06-29 19:43:08.417501,2026-06-29 19:43:08.417501
173,124,HOME,65790 Richardson Rue,,New Jennaborough,DC,44400,US,Y,2021-12-03,,2026-06-29 19:43:08.417501,2026-06-29 19:43:08.417501
174,125,HOME,793 Luke Grove,,Ramirezland,MN,45750,US,Y,2023-03-16,,2026-06-29 19:43:08.417501,2026-06-29 19:43:08.417501
175,126,HOME,8847 Marsh Square,,East Patriciamouth,CO,11009,US,Y,2022-11-01,,2026-06-29 19:43:08.417501,2026-06-29 19:43:08.417501
176,126,MAIL,1124 Heidi Parks,Apt 130,Port James,SC,03475,US,N,2022-04-01,,2026-06-29 19:43:08.417501,2026-06-29 19:43:08.417501
177,127,HOME,5670 Lopez Brooks,,Port Stacey,SD,44525,US,Y,2022-12-17,,2026-06-29 19:43:08.417501,2026-06-29 19:43:08.417501
178,128,HOME,579 Ellis Port Apt. 424,,South Nathan,LA,06703,US,Y,2021-05-19,,2026-06-29 19:43:08.417501,2026-06-29 19:43:08.417501
179,128,MAIL,2928 White Extensions Apt. 231,Apt 203,West Autumnmouth,KS,48954,US,N,2021-08-06,,2026-06-29 19:43:08.417501,2026-06-29 19:43:08.417501
180,129,HOME,552 West Estates,,Davidtown,MO,65960,US,Y,2025-02-06,,2026-06-29 19:43:08.417501,2026-06-29 19:43:08.417501
181,130,HOME,2088 Holland Hill Suite 492,,Morganville,VA,63282,US,Y,2025-11-22,,2026-06-29 19:43:08.417501,2026-06-29 19:43:08.417501
182,130,MAIL,814 Richard Ville,Apt 287,South Michael,MD,07714,US,N,2024-02-21,,2026-06-29 19:43:08.417501,2026-06-29 19:43:08.417501
183,131,HOME,834 Andrew Plain,,Rhodesland,NY,52198,US,Y,2021-08-28,,2026-06-29 19:43:08.417501,2026-06-29 19:43:08.417501
184,131,MAIL,980 Sanders Stravenue Suite 565,Apt 92,West Michaelport,NV,74036,US,N,2021-01-06,,2026-06-29 19:43:08.417501,2026-06-29 19:43:08.417501
185,132,HOME,674 Linda Manors Suite 299,,East Jaredfort,VI,69353,US,Y,2026-05-30,,2026-06-29 19:43:08.417501,2026-06-29 19:43:08.417501
186,132,MAIL,610 Fowler Groves,Apt 258,Thompsonmouth,VT,74938,US,N,2025-01-08,,2026-06-29 19:43:08.417501,2026-06-29 19:43:08.417501
187,133,HOME,26487 Mackenzie Hollow,,Troymouth,IN,04018,US,Y,2025-03-28,,2026-06-29 19:43:08.417501,2026-06-29 19:43:08.417501
188,134,HOME,4714 White Spurs,,North David,KY,65126,US,Y,2026-06-16,,2026-06-29 19:43:08.417501,2026-06-29 19:43:08.417501
189,134,MAIL,597 Oneill Road,Apt 240,Mccannville,MN,67678,US,N,2024-11-20,,2026-06-29 19:43:08.417501,2026-06-29 19:43:08.417501
190,135,HOME,2902 Murray Square,,West Frank,KY,47839,US,Y,2023-01-03,,2026-06-29 19:43:08.417501,2026-06-29 19:43:08.417501
191,135,MAIL,44818 Katie Falls Apt. 928,Apt 163,Moniqueport,KY,90343,US,N,2024-09-04,,2026-06-29 19:43:08.417501,2026-06-29 19:43:08.417501
192,136,HOME,89520 April Landing Suite 652,,East Ericbury,MP,25197,US,Y,2025-04-05,,2026-06-29 19:43:08.417501,2026-06-29 19:43:08.417501
193,137,HOME,7112 Timothy Inlet,,Donmouth,FM,78836,US,Y,2023-08-18,,2026-06-29 19:43:08.417501,2026-06-29 19:43:08.417501
194,138,HOME,40132 Hailey Inlet Apt. 321,,Vazquezville,CA,02965,US,Y,2025-02-20,,2026-06-29 19:43:08.417501,2026-06-29 19:43:08.417501
195,138,MAIL,31089 Taylor Glen Apt. 140,Apt 161,Port Davidborough,OR,26718,US,N,2021-08-07,,2026-06-29 19:43:08.417501,2026-06-29 19:43:08.417501
196,139,HOME,12495 Martin Parkway Apt. 891,,Port Belindatown,NC,28943,US,Y,2024-10-14,,2026-06-29 19:43:08.417501,2026-06-29 19:43:08.417501
197,139,MAIL,80138 Richardson Radial Apt. 712,Apt 66,Tinachester,IL,67904,US,N,2021-11-08,,2026-06-29 19:43:08.417501,2026-06-29 19:43:08.417501
198,140,HOME,1718 Tyler Lake,,Angelaton,CO,43507,US,Y,2023-06-15,,2026-06-29 19:43:08.417501,2026-06-29 19:43:08.417501
199,141,HOME,7947 Angela Highway Suite 317,,Harryfort,TX,14286,US,Y,2022-11-13,,2026-06-29 19:43:08.417501,2026-06-29 19:43:08.417501
200,142,HOME,26691 Calvin Flat,,Jamesfurt,DE,31023,US,Y,2025-07-09,,2026-06-29 19:43:08.417501,2026-06-29 19:43:08.417501
201,142,MAIL,9946 Alvarez Rapids Suite 784,Apt 185,Port Shawn,DE,33359,US,N,2023-06-05,,2026-06-29 19:43:08.417501,2026-06-29 19:43:08.417501
202,143,HOME,201 Maria Parks,,East Patrickmouth,FL,40183,US,Y,2024-03-22,,2026-06-29 19:43:08.417501,2026-06-29 19:43:08.417501
203,144,HOME,87734 Henry Green,,Lisaside,ND,02817,US,Y,2026-03-17,,2026-06-29 19:43:08.417501,2026-06-29 19:43:08.417501
204,144,MAIL,1675 Ramos Camp,Apt 135,East Angelaport,FM,93045,US,N,2021-06-22,,2026-06-29 19:43:08.417501,2026-06-29 19:43:08.417501
205,145,HOME,46719 Keller Spur Suite 782,,South Joseshire,MS,81364,US,Y,2024-07-19,,2026-06-29 19:43:08.417501,2026-06-29 19:43:08.417501
206,146,HOME,0090 Mary Keys Apt. 561,,Reedstad,MT,46542,US,Y,2020-10-29,,2026-06-29 19:43:08.417501,2026-06-29 19:43:08.417501
207,147,HOME,34911 Wilson Extension,,New Markmouth,TN,55875,US,Y,2023-11-25,,2026-06-29 19:43:08.417501,2026-06-29 19:43:08.417501
208,147,MAIL,0790 Gray Loaf Suite 917,Apt 161,Lake Emilymouth,NM,66399,US,N,2025-05-11,,2026-06-29 19:43:08.417501,2026-06-29 19:43:08.417501
209,148,HOME,94563 Reid Turnpike Apt. 834,,Brandonshire,MO,30108,US,Y,2024-03-28,,2026-06-29 19:43:08.417501,2026-06-29 19:43:08.417501
210,149,HOME,919 Nelson Port,,Simmonsstad,WY,10549,US,Y,2024-05-26,,2026-06-29 19:43:08.417501,2026-06-29 19:43:08.417501
211,149,MAIL,468 Gonzalez Locks Suite 987,Apt 378,North Courtney,NC,24951,US,N,2023-12-14,,2026-06-29 19:43:08.417501,2026-06-29 19:43:08.417501
212,150,HOME,748 Michael Stream,,New Jamesmouth,FL,32007,US,Y,2021-05-23,,2026-06-29 19:43:08.417501,2026-06-29 19:43:08.417501
213,151,HOME,6513 Adams Heights Apt. 493,,Allenberg,ID,04132,US,Y,2021-12-18,,2026-06-29 19:43:08.417501,2026-06-29 19:43:08.417501
214,152,HOME,7866 James Groves Apt. 044,,Lake Melissa,VA,64181,US,Y,2025-03-08,,2026-06-29 19:43:08.417501,2026-06-29 19:43:08.417501
215,152,MAIL,59416 Powers Course,Apt 337,Hahnberg,IA,15172,US,N,2023-12-01,,2026-06-29 19:43:08.417501,2026-06-29 19:43:08.417501
216,153,HOME,984 Wilkerson Freeway,,Port Lindsaymouth,MP,77089,US,Y,2024-11-30,,2026-06-29 19:43:08.417501,2026-06-29 19:43:08.417501
217,154,HOME,3212 Tara Mill,,Kingshire,AR,64773,US,Y,2023-09-10,,2026-06-29 19:43:08.417501,2026-06-29 19:43:08.417501
218,155,HOME,8673 Suarez Drive,,Thomasstad,GU,40893,US,Y,2020-08-13,,2026-06-29 19:43:08.417501,2026-06-29 19:43:08.417501
219,155,MAIL,034 Parker Squares,Apt 28,Rebeccaville,ND,31484,US,N,2025-08-20,,2026-06-29 19:43:08.417501,2026-06-29 19:43:08.417501
220,156,HOME,64413 Clark Estates Suite 560,,Michellefort,NJ,97093,US,Y,2022-12-20,,2026-06-29 19:43:08.417501,2026-06-29 19:43:08.417501
221,156,MAIL,612 Hunter Knoll Suite 985,Apt 19,Nealton,SD,84595,US,N,2021-08-04,,2026-06-29 19:43:08.417501,2026-06-29 19:43:08.417501
222,157,HOME,206 Courtney Island Apt. 123,,Port Brooke,MT,42365,US,Y,2023-03-14,,2026-06-29 19:43:08.417501,2026-06-29 19:43:08.417501
223,158,HOME,2954 Christopher Land,,South Nancy,MP,75263,US,Y,2021-11-02,,2026-06-29 19:43:08.417501,2026-06-29 19:43:08.417501
224,158,MAIL,931 Gonzalez Squares,Apt 240,North Richard,NE,79195,US,N,2022-01-19,,2026-06-29 19:43:08.417501,2026-06-29 19:43:08.417501
225,159,HOME,2910 Ayala Motorway,,Wilsonborough,ID,35392,US,Y,2022-03-21,,2026-06-29 19:43:08.417501,2026-06-29 19:43:08.417501
226,160,HOME,2639 Wanda Haven Apt. 626,,North Kelly,KS,31366,US,Y,2024-03-12,,2026-06-29 19:43:08.417501,2026-06-29 19:43:08.417501
227,161,HOME,9710 Anderson Islands,,Mcdanielfurt,VT,55982,US,Y,2024-11-27,,2026-06-29 19:43:08.417501,2026-06-29 19:43:08.417501
228,162,HOME,18005 Thomas Knoll Apt. 048,,Turnerfurt,TN,49115,US,Y,2021-04-13,,2026-06-29 19:43:08.417501,2026-06-29 19:43:08.417501
229,162,MAIL,242 Conrad Wells,Apt 183,Andersonmouth,VT,70024,US,N,2023-02-01,,2026-06-29 19:43:08.417501,2026-06-29 19:43:08.417501
230,163,HOME,50274 Howe Haven Suite 948,,Ryanburgh,MD,97083,US,Y,2026-06-17,,2026-06-29 19:43:08.417501,2026-06-29 19:43:08.417501
231,164,HOME,703 Brian Falls,,South Jorgemouth,NE,15708,US,Y,2026-06-18,,2026-06-29 19:43:08.417501,2026-06-29 19:43:08.417501
232,165,HOME,75877 Rodriguez Stravenue Apt. 151,,Port Justin,MP,22559,US,Y,2024-12-27,,2026-06-29 19:43:08.417501,2026-06-29 19:43:08.417501
233,166,HOME,939 Alicia Ports Apt. 613,,Rhodesmouth,AK,37762,US,Y,2024-07-30,,2026-06-29 19:43:08.417501,2026-06-29 19:43:08.417501
234,166,MAIL,5915 Anthony Mount,Apt 369,Gibsonview,PA,86747,US,N,2020-07-10,,2026-06-29 19:43:08.417501,2026-06-29 19:43:08.417501
235,167,HOME,975 Jason Causeway,,Marcuston,WA,09770,US,Y,2023-10-10,,2026-06-29 19:43:08.417501,2026-06-29 19:43:08.417501
236,168,HOME,64236 Andrew Fords Apt. 664,,North Kenneth,AS,57171,US,Y,2024-11-27,,2026-06-29 19:43:08.417501,2026-06-29 19:43:08.417501
237,168,MAIL,925 Marilyn Passage Apt. 776,Apt 48,Adamschester,CO,99655,US,N,2023-01-10,,2026-06-29 19:43:08.417501,2026-06-29 19:43:08.417501
238,169,HOME,266 Billy Junctions Suite 327,,West Taylorland,PW,63102,US,Y,2022-04-17,,2026-06-29 19:43:08.417501,2026-06-29 19:43:08.417501
239,169,MAIL,438 Phillips Causeway,Apt 146,North Williamhaven,NE,54636,US,N,2021-01-21,,2026-06-29 19:43:08.417501,2026-06-29 19:43:08.417501
240,170,HOME,4918 Daniel Shore Suite 226,,North Robertport,MD,77467,US,Y,2024-11-01,,2026-06-29 19:43:08.417501,2026-06-29 19:43:08.417501
241,170,MAIL,452 Jacob Summit Suite 168,Apt 87,North Randalltown,GA,86458,US,N,2023-05-09,,2026-06-29 19:43:08.417501,2026-06-29 19:43:08.417501
242,171,HOME,974 Vazquez Spurs Suite 412,,North James,GU,02583,US,Y,2024-08-31,,2026-06-29 19:43:08.417501,2026-06-29 19:43:08.417501
243,172,HOME,37236 Christopher Trail,,Hernandezchester,AK,15765,US,Y,2021-06-27,,2026-06-29 19:43:08.417501,2026-06-29 19:43:08.417501
244,173,HOME,777 Michelle Prairie,,East Kenneth,MP,51846,US,Y,2020-10-17,,2026-06-29 19:43:08.417501,2026-06-29 19:43:08.417501
245,174,HOME,66799 Johnson Locks,,Palmerfort,IN,94124,US,Y,2020-11-08,,2026-06-29 19:43:08.417501,2026-06-29 19:43:08.417501
246,175,HOME,9581 Orozco Mall,,Wilsonstad,NV,91925,US,Y,2023-02-09,,2026-06-29 19:43:08.417501,2026-06-29 19:43:08.417501
247,175,MAIL,3757 William Radial,Apt 3,Sandramouth,DC,38956,US,N,2024-10-29,,2026-06-29 19:43:08.417501,2026-06-29 19:43:08.417501
248,176,HOME,5729 Justin Summit Apt. 722,,East Catherine,CT,55024,US,Y,2026-02-24,,2026-06-29 19:43:08.417501,2026-06-29 19:43:08.417501
249,177,HOME,3380 Michael Green Suite 228,,Port Brycechester,DE,81446,US,Y,2021-11-06,,2026-06-29 19:43:08.417501,2026-06-29 19:43:08.417501
250,178,HOME,4550 Kemp Walk,,Lake Brentmouth,AS,60418,US,Y,2026-04-08,,2026-06-29 19:43:08.417501,2026-06-29 19:43:08.417501
251,179,HOME,99180 Gary Crest,,West Eric,LA,93321,US,Y,2023-02-20,,2026-06-29 19:43:08.417501,2026-06-29 19:43:08.417501
252,179,MAIL,125 Fuentes Crossing Apt. 760,Apt 394,Port Lisa,MA,38086,US,N,2023-07-10,,2026-06-29 19:43:08.417501,2026-06-29 19:43:08.417501
253,180,HOME,5653 Karen Pines,,Cobbberg,AS,56707,US,Y,2022-12-21,,2026-06-29 19:43:08.417501,2026-06-29 19:43:08.417501
254,181,HOME,8507 Kayla Stravenue Apt. 155,,Holdenburgh,NE,08557,US,Y,2022-11-07,,2026-06-29 19:43:08.417501,2026-06-29 19:43:08.417501
255,181,MAIL,290 Barnes Springs,Apt 169,Jennifermouth,PW,45610,US,N,2020-07-15,,2026-06-29 19:43:08.417501,2026-06-29 19:43:08.417501
256,182,HOME,926 Schneider Plains Suite 563,,Christopherside,MA,51618,US,Y,2024-11-03,,2026-06-29 19:43:08.417501,2026-06-29 19:43:08.417501
257,182,MAIL,843 William Inlet,Apt 349,Katherineburgh,AK,04156,US,N,2025-10-31,,2026-06-29 19:43:08.417501,2026-06-29 19:43:08.417501
258,183,HOME,46810 Green Parkways Suite 101,,Evanstown,NH,44931,US,Y,2026-05-22,,2026-06-29 19:43:08.417501,2026-06-29 19:43:08.417501
259,184,HOME,4492 Stone Gateway,,West Zacharyborough,GU,47853,US,Y,2023-03-20,,2026-06-29 19:43:08.417501,2026-06-29 19:43:08.417501
260,184,MAIL,661 Bryan Curve,Apt 192,Lewisland,MN,89213,US,N,2023-08-25,,2026-06-29 19:43:08.417501,2026-06-29 19:43:08.417501
261,185,HOME,9767 Dennis Mall Apt. 282,,Dawsonberg,VT,67765,US,Y,2025-09-02,,2026-06-29 19:43:08.417501,2026-06-29 19:43:08.417501
262,186,HOME,377 Julie Points,,Sandraville,PA,54059,US,Y,2021-02-24,,2026-06-29 19:43:08.417501,2026-06-29 19:43:08.417501
263,187,HOME,408 David Inlet Suite 447,,Port Douglasshire,MT,06877,US,Y,2026-02-10,,2026-06-29 19:43:08.417501,2026-06-29 19:43:08.417501
264,188,HOME,3270 Amy Cliff Apt. 679,,Arielmouth,WY,49955,US,Y,2023-05-05,,2026-06-29 19:43:08.417501,2026-06-29 19:43:08.417501
265,188,MAIL,87772 Davis Road,Apt 42,Hughesfurt,MA,71410,US,N,2020-10-06,,2026-06-29 19:43:08.417501,2026-06-29 19:43:08.417501
266,189,HOME,412 Ashley Underpass Suite 818,,East Stephanieside,OK,99803,US,Y,2020-10-21,,2026-06-29 19:43:08.417501,2026-06-29 19:43:08.417501
267,190,HOME,8018 Suzanne Harbor,,East Maria,MP,76464,US,Y,2023-02-26,,2026-06-29 19:43:08.417501,2026-06-29 19:43:08.417501
268,191,HOME,9070 Kim Mall Apt. 856,,Christopherville,ND,22541,US,Y,2022-03-15,,2026-06-29 19:43:08.417501,2026-06-29 19:43:08.417501
269,192,HOME,1246 Brian Islands,,North Jennifer,ME,51611,US,Y,2021-01-30,,2026-06-29 19:43:08.417501,2026-06-29 19:43:08.417501
270,193,HOME,5461 James Terrace,,South William,NY,50970,US,Y,2026-03-09,,2026-06-29 19:43:08.417501,2026-06-29 19:43:08.417501
271,193,MAIL,57861 Johnson Roads Apt. 048,Apt 337,East Kathrynberg,ME,74982,US,N,2022-12-06,,2026-06-29 19:43:08.417501,2026-06-29 19:43:08.417501
272,194,HOME,832 Fernandez Extension,,New Stephanie,PW,73265,US,Y,2023-03-15,,2026-06-29 19:43:08.417501,2026-06-29 19:43:08.417501
273,194,MAIL,9420 Sarah Orchard,Apt 23,Carlafurt,MI,83365,US,N,2021-10-07,,2026-06-29 19:43:08.417501,2026-06-29 19:43:08.417501
274,195,HOME,28914 Randall Crossing Apt. 846,,New William,AS,42221,US,Y,2025-10-17,,2026-06-29 19:43:08.417501,2026-06-29 19:43:08.417501
275,196,HOME,474 Eileen Islands Suite 379,,Allenberg,SD,00769,US,Y,2024-02-22,,2026-06-29 19:43:08.417501,2026-06-29 19:43:08.417501
276,197,HOME,26876 Kristin Run,,New Anthonymouth,TX,16677,US,Y,2022-08-10,,2026-06-29 19:43:08.417501,2026-06-29 19:43:08.417501
277,197,MAIL,562 David Land Apt. 703,Apt 375,Port Juanstad,ID,12293,US,N,2025-05-22,,2026-06-29 19:43:08.417501,2026-06-29 19:43:08.417501
278,198,HOME,337 Johnson Park Apt. 036,,Port Joshuahaven,NM,22845,US,Y,2023-10-20,,2026-06-29 19:43:08.417501,2026-06-29 19:43:08.417501
279,199,HOME,92124 Nicole Stream,,Jamestown,UT,89333,US,Y,2023-09-09,,2026-06-29 19:43:08.417501,2026-06-29 19:43:08.417501
280,200,HOME,870 Davidson Run Apt. 566,,Davidhaven,NH,65456,US,Y,2022-08-29,,2026-06-29 19:43:08.417501,2026-06-29 19:43:08.417501
281,201,HOME,304 Patel Island,,South Jamesland,FM,75450,US,Y,2025-05-03,,2026-06-29 19:43:08.417501,2026-06-29 19:43:08.417501
282,201,MAIL,613 Frank Inlet,Apt 25,Lake Colleentown,NJ,57117,US,N,2025-05-04,,2026-06-29 19:43:08.417501,2026-06-29 19:43:08.417501
283,202,HOME,3173 Wall View Suite 831,,Duranmouth,OR,16862,US,Y,2021-01-01,,2026-06-29 19:43:08.417501,2026-06-29 19:43:08.417501
284,203,HOME,65120 Brown Ridge,,Joneston,OH,07343,US,Y,2022-04-05,,2026-06-29 19:43:08.417501,2026-06-29 19:43:08.417501
285,203,MAIL,1963 Shawn Mountain Suite 991,Apt 29,Debratown,NH,68293,US,N,2022-06-17,,2026-06-29 19:43:08.417501,2026-06-29 19:43:08.417501
286,204,HOME,10919 Rebecca Crossroad,,Michaelfort,VA,81877,US,Y,2023-02-27,,2026-06-29 19:43:08.417501,2026-06-29 19:43:08.417501
287,205,HOME,00249 Palmer Run,,Larryside,WI,19588,US,Y,2021-05-17,,2026-06-29 19:43:08.417501,2026-06-29 19:43:08.417501
288,206,HOME,545 Zachary Shoals Apt. 038,,South Mauriceborough,SC,26880,US,Y,2025-03-15,,2026-06-29 19:43:08.417501,2026-06-29 19:43:08.417501
289,207,HOME,77959 Jensen Manor Suite 217,,South Jeffreytown,SC,29733,US,Y,2024-08-25,,2026-06-29 19:43:08.417501,2026-06-29 19:43:08.417501
290,207,MAIL,337 Aguirre Lane Apt. 620,Apt 131,Alejandrostad,AK,73205,US,N,2021-03-07,,2026-06-29 19:43:08.417501,2026-06-29 19:43:08.417501
291,208,HOME,3950 James Haven Apt. 342,,Melaniebury,HI,26189,US,Y,2020-08-14,,2026-06-29 19:43:08.417501,2026-06-29 19:43:08.417501
292,208,MAIL,02615 Kevin Garden Suite 528,Apt 395,Johnsland,DE,19432,US,N,2025-10-14,,2026-06-29 19:43:08.417501,2026-06-29 19:43:08.417501
293,209,HOME,38655 Rowland Gardens,,Port Christinaborough,PR,70685,US,Y,2022-04-03,,2026-06-29 19:43:08.417501,2026-06-29 19:43:08.417501
294,210,HOME,3042 Clark Common,,Gibbsland,GA,67166,US,Y,2022-10-26,,2026-06-29 19:43:08.417501,2026-06-29 19:43:08.417501
295,210,MAIL,8725 Fox Orchard Suite 749,Apt 107,Littleshire,SD,05298,US,N,2021-09-25,,2026-06-29 19:43:08.417501,2026-06-29 19:43:08.417501
296,211,HOME,3634 Oneal Ports,,Port Neil,OH,11610,US,Y,2021-04-18,,2026-06-29 19:43:08.417501,2026-06-29 19:43:08.417501
297,211,MAIL,7853 Steven Road,Apt 400,Ronaldmouth,NE,54103,US,N,2022-09-11,,2026-06-29 19:43:08.417501,2026-06-29 19:43:08.417501
298,212,HOME,4602 Hall Rue Apt. 514,,Port Joshuabury,CT,16044,US,Y,2020-12-01,,2026-06-29 19:43:08.417501,2026-06-29 19:43:08.417501
299,213,HOME,353 Wright Summit,,Jamesberg,PR,99117,US,Y,2024-10-14,,2026-06-29 19:43:08.417501,2026-06-29 19:43:08.417501
300,214,HOME,44566 Thomas Passage Apt. 633,,South Jesus,OR,72933,US,Y,2025-01-13,,2026-06-29 19:43:08.417501,2026-06-29 19:43:08.417501
301,215,HOME,1536 Clark Mission Apt. 529,,West Sherry,AL,66010,US,Y,2025-05-09,,2026-06-29 19:43:08.417501,2026-06-29 19:43:08.417501
302,215,MAIL,3666 Nguyen Brooks Apt. 225,Apt 153,Bairdborough,MO,08851,US,N,2023-09-12,,2026-06-29 19:43:08.417501,2026-06-29 19:43:08.417501
303,216,HOME,1597 Davis Cove,,North Margaret,PA,64544,US,Y,2020-08-25,,2026-06-29 19:43:08.417501,2026-06-29 19:43:08.417501
304,217,HOME,64334 Shawn Land,,East Markchester,MO,21083,US,Y,2026-06-06,,2026-06-29 19:43:08.417501,2026-06-29 19:43:08.417501
305,218,HOME,671 Friedman Way,,East Monica,ME,57150,US,Y,2025-05-25,,2026-06-29 19:43:08.417501,2026-06-29 19:43:08.417501
306,219,HOME,99493 Hill Avenue Apt. 716,,New Mark,OK,64851,US,Y,2023-04-02,,2026-06-29 19:43:08.417501,2026-06-29 19:43:08.417501
307,219,MAIL,147 Graves Station,Apt 351,Peterburgh,MT,33155,US,N,2021-07-26,,2026-06-29 19:43:08.417501,2026-06-29 19:43:08.417501
308,220,HOME,6291 Hale Cape Apt. 248,,Elizabethland,UT,95729,US,Y,2024-10-28,,2026-06-29 19:43:08.417501,2026-06-29 19:43:08.417501
309,221,HOME,6815 Karina Parkways,,Robertburgh,KS,27681,US,Y,2023-07-12,,2026-06-29 19:43:08.417501,2026-06-29 19:43:08.417501
310,221,MAIL,17656 Randy Branch Suite 125,Apt 50,Washingtonland,CO,72384,US,N,2024-06-07,,2026-06-29 19:43:08.417501,2026-06-29 19:43:08.417501
311,222,HOME,74220 Gregory Crossing Suite 210,,Ericstad,HI,28900,US,Y,2024-10-10,,2026-06-29 19:43:08.417501,2026-06-29 19:43:08.417501
312,223,HOME,0816 Wallace Rapid,,North Kelseyborough,IA,49606,US,Y,2025-12-10,,2026-06-29 19:43:08.417501,2026-06-29 19:43:08.417501
313,224,HOME,06005 Erin Circles,,North Laura,MP,87547,US,Y,2021-06-30,,2026-06-29 19:43:08.417501,2026-06-29 19:43:08.417501
314,225,HOME,68155 Colleen Plains,,Mcmillanville,IN,28521,US,Y,2021-02-15,,2026-06-29 19:43:08.417501,2026-06-29 19:43:08.417501
315,226,HOME,06506 Stephen Circles Suite 950,,East Robertfort,CT,93893,US,Y,2023-09-16,,2026-06-29 19:43:08.417501,2026-06-29 19:43:08.417501
316,227,HOME,1956 Martin Roads,,Tiffanyfort,CA,44423,US,Y,2020-08-05,,2026-06-29 19:43:08.417501,2026-06-29 19:43:08.417501
317,228,HOME,8389 Jesse Ridges Apt. 436,,New Christopher,DC,49590,US,Y,2023-06-26,,2026-06-29 19:43:08.417501,2026-06-29 19:43:08.417501
318,229,HOME,63039 Stevenson Isle,,West Lonnie,WY,05692,US,Y,2023-08-13,,2026-06-29 19:43:08.417501,2026-06-29 19:43:08.417501
319,230,HOME,403 Cooper Ford Apt. 339,,Boydburgh,NV,83047,US,Y,2020-07-11,,2026-06-29 19:43:08.417501,2026-06-29 19:43:08.417501
320,231,HOME,30232 Glenn Plaza Apt. 381,,Hardyport,GA,95092,US,Y,2021-09-03,,2026-06-29 19:43:08.417501,2026-06-29 19:43:08.417501
321,232,HOME,93449 Faulkner Flats Suite 715,,Grayfort,NV,55904,US,Y,2023-07-10,,2026-06-29 19:43:08.417501,2026-06-29 19:43:08.417501
322,233,HOME,70661 Larson Drives Apt. 467,,Shawnfurt,OH,79933,US,Y,2023-05-18,,2026-06-29 19:43:08.417501,2026-06-29 19:43:08.417501
323,234,HOME,73230 Michelle Stream Suite 766,,Wallerstad,MS,64667,US,Y,2022-05-03,,2026-06-29 19:43:08.417501,2026-06-29 19:43:08.417501
324,234,MAIL,0169 James Mews,Apt 175,Kelseystad,NY,93447,US,N,2023-06-04,,2026-06-29 19:43:08.417501,2026-06-29 19:43:08.417501
325,235,HOME,066 John Bypass Suite 024,,Blackburnberg,KS,32930,US,Y,2024-02-07,,2026-06-29 19:43:08.417501,2026-06-29 19:43:08.417501
326,236,HOME,11669 April Field,,Martinchester,KS,91181,US,Y,2022-04-21,,2026-06-29 19:43:08.417501,2026-06-29 19:43:08.417501
327,237,HOME,461 Daisy Trail Suite 243,,Haletown,GA,64952,US,Y,2020-07-01,,2026-06-29 19:43:08.417501,2026-06-29 19:43:08.417501
328,238,HOME,686 Quinn Extension,,West Jacob,DC,26455,US,Y,2023-05-30,,2026-06-29 19:43:08.417501,2026-06-29 19:43:08.417501
329,239,HOME,9323 Karen Valleys,,West Tonya,VI,54082,US,Y,2023-02-19,,2026-06-29 19:43:08.417501,2026-06-29 19:43:08.417501
330,240,HOME,214 Nicholas Harbor,,West Anthonybury,NJ,64096,US,Y,2024-07-11,,2026-06-29 19:43:08.417501,2026-06-29 19:43:08.417501
331,241,HOME,04090 Jason Turnpike,,South Carrieview,NM,62528,US,Y,2025-01-12,,2026-06-29 19:43:08.417501,2026-06-29 19:43:08.417501
332,242,HOME,5553 Ortega Lane Apt. 551,,South Monicafurt,VA,18702,US,Y,2020-08-23,,2026-06-29 19:43:08.417501,2026-06-29 19:43:08.417501
333,242,MAIL,435 Montgomery Shoals,Apt 240,Robertsonborough,AL,84134,US,N,2026-03-27,,2026-06-29 19:43:08.417501,2026-06-29 19:43:08.417501
334,243,HOME,50573 Ross Ridge Apt. 567,,Lake Paulborough,VT,19265,US,Y,2025-09-16,,2026-06-29 19:43:08.417501,2026-06-29 19:43:08.417501
335,244,HOME,71487 Peggy Crescent,,Batesbury,IA,28241,US,Y,2021-07-06,,2026-06-29 19:43:08.417501,2026-06-29 19:43:08.417501
336,245,HOME,60256 Robinson Glens,,Lynnville,TN,18294,US,Y,2026-01-10,,2026-06-29 19:43:08.417501,2026-06-29 19:43:08.417501
337,246,HOME,53991 Bennett Stravenue Suite 863,,West Darrell,CO,15100,US,Y,2021-01-09,,2026-06-29 19:43:08.417501,2026-06-29 19:43:08.417501
338,246,MAIL,195 Melissa Light,Apt 66,West Bryanside,ID,51376,US,N,2026-05-15,,2026-06-29 19:43:08.417501,2026-06-29 19:43:08.417501
339,247,HOME,2899 Daniel Branch Suite 524,,South Erin,FL,79336,US,Y,2022-03-11,,2026-06-29 19:43:08.417501,2026-06-29 19:43:08.417501
340,248,HOME,548 Joshua Vista,,Welchborough,NM,38707,US,Y,2024-09-18,,2026-06-29 19:43:08.417501,2026-06-29 19:43:08.417501
341,248,MAIL,52330 Melissa Stream Suite 420,Apt 128,Rogersfort,MI,99816,US,N,2022-11-02,,2026-06-29 19:43:08.417501,2026-06-29 19:43:08.417501
342,249,HOME,443 Davis Islands,,Port Sarahport,NH,86305,US,Y,2021-06-21,,2026-06-29 19:43:08.417501,2026-06-29 19:43:08.417501
343,250,HOME,7423 Linda Flat,,West Jessicashire,CT,89409,US,Y,2025-03-15,,2026-06-29 19:43:08.417501,2026-06-29 19:43:08.417501
344,250,MAIL,6201 Mccann Fall,Apt 25,North Tinamouth,OR,57362,US,N,2026-04-23,,2026-06-29 19:43:08.417501,2026-06-29 19:43:08.417501
345,251,HOME,01367 Watts Extensions Suite 176,,Cynthiamouth,MN,02021,US,Y,2021-03-18,,2026-06-29 19:43:08.417501,2026-06-29 19:43:08.417501
346,252,HOME,78309 Hill Summit,,Port Brittanyfurt,NJ,84989,US,Y,2024-09-15,,2026-06-29 19:43:08.417501,2026-06-29 19:43:08.417501
347,253,HOME,215 Jennifer Wall Apt. 606,,Brownshire,ND,94053,US,Y,2025-05-27,,2026-06-29 19:43:08.417501,2026-06-29 19:43:08.417501
348,254,HOME,12920 Mcbride Crossing,,East Baileyburgh,CO,74228,US,Y,2022-01-11,,2026-06-29 19:43:08.417501,2026-06-29 19:43:08.417501
349,255,HOME,18458 Rodney Shoals,,East Kevinhaven,MH,38957,US,Y,2024-06-11,,2026-06-29 19:43:08.417501,2026-06-29 19:43:08.417501
350,256,HOME,97585 Hailey Shore Apt. 303,,West Melissa,IL,18091,US,Y,2024-02-07,,2026-06-29 19:43:08.417501,2026-06-29 19:43:08.417501
351,257,HOME,542 Jones Glens,,Patrickburgh,MO,60278,US,Y,2020-12-27,,2026-06-29 19:43:08.417501,2026-06-29 19:43:08.417501
352,258,HOME,628 Chad Street Suite 359,,South Lorraine,MD,57337,US,Y,2022-10-06,,2026-06-29 19:43:08.417501,2026-06-29 19:43:08.417501
353,259,HOME,41818 Jones Route,,West Reginaview,FL,30092,US,Y,2022-02-17,,2026-06-29 19:43:08.417501,2026-06-29 19:43:08.417501
354,259,MAIL,3611 Alisha Wells,Apt 300,Briannafort,CT,69832,US,N,2022-08-01,,2026-06-29 19:43:08.417501,2026-06-29 19:43:08.417501
355,260,HOME,491 George Terrace Suite 258,,Woodsberg,KS,01745,US,Y,2024-08-11,,2026-06-29 19:43:08.417501,2026-06-29 19:43:08.417501
356,260,MAIL,226 Brown Stream,Apt 258,Jasminebury,TX,80284,US,N,2022-12-31,,2026-06-29 19:43:08.417501,2026-06-29 19:43:08.417501
357,261,HOME,75784 Cisneros Pike Apt. 414,,Townsendland,SC,10917,US,Y,2020-12-13,,2026-06-29 19:43:08.417501,2026-06-29 19:43:08.417501
358,261,MAIL,29014 Stokes Branch,Apt 380,Rhodesberg,NJ,65749,US,N,2023-07-31,,2026-06-29 19:43:08.417501,2026-06-29 19:43:08.417501
359,262,HOME,0930 Park Summit,,Johnhaven,TX,80349,US,Y,2020-09-28,,2026-06-29 19:43:08.417501,2026-06-29 19:43:08.417501
360,263,HOME,83215 Willie Center Suite 762,,Taramouth,PW,89507,US,Y,2021-12-27,,2026-06-29 19:43:08.417501,2026-06-29 19:43:08.417501
361,263,MAIL,4744 Aaron Roads,Apt 94,Robinsonport,SD,68072,US,N,2025-06-11,,2026-06-29 19:43:08.417501,2026-06-29 19:43:08.417501
362,264,HOME,9705 Christina Isle,,Michaeltown,MI,95191,US,Y,2021-08-10,,2026-06-29 19:43:08.417501,2026-06-29 19:43:08.417501
363,265,HOME,16731 Robert Oval Apt. 243,,Fosterport,MN,56644,US,Y,2025-11-04,,2026-06-29 19:43:08.417501,2026-06-29 19:43:08.417501
364,265,MAIL,77225 Smith Ways Apt. 134,Apt 214,East Ralphmouth,MH,04643,US,N,2021-06-14,,2026-06-29 19:43:08.417501,2026-06-29 19:43:08.417501
365,266,HOME,4167 Marsh Station,,West Karen,WI,52913,US,Y,2023-07-03,,2026-06-29 19:43:08.417501,2026-06-29 19:43:08.417501
366,267,HOME,11022 Porter Trafficway Apt. 056,,South Timothyport,NM,11329,US,Y,2025-01-20,,2026-06-29 19:43:08.417501,2026-06-29 19:43:08.417501
367,267,MAIL,282 Juan Crescent,Apt 301,Virginiabury,TN,56751,US,N,2021-09-05,,2026-06-29 19:43:08.417501,2026-06-29 19:43:08.417501
368,268,HOME,892 Victoria Ramp,,East David,MO,05529,US,Y,2022-02-18,,2026-06-29 19:43:08.417501,2026-06-29 19:43:08.417501
369,269,HOME,60931 Omar Pine,,Isabelbury,IN,44564,US,Y,2023-01-17,,2026-06-29 19:43:08.417501,2026-06-29 19:43:08.417501
370,270,HOME,604 Joseph Harbors,,Jenniferbury,MD,06734,US,Y,2021-07-31,,2026-06-29 19:43:08.417501,2026-06-29 19:43:08.417501
371,271,HOME,53474 Ryan Glen,,Coxport,DE,13200,US,Y,2024-07-03,,2026-06-29 19:43:08.417501,2026-06-29 19:43:08.417501
372,272,HOME,5598 Allen Harbor,,New Patrick,FM,14442,US,Y,2021-04-10,,2026-06-29 19:43:08.417501,2026-06-29 19:43:08.417501
373,272,MAIL,93371 Shelly River,Apt 96,Kevinfort,WV,26977,US,N,2023-09-10,,2026-06-29 19:43:08.417501,2026-06-29 19:43:08.417501
374,273,HOME,23684 Jacobson Mission,,South Carloschester,NC,66544,US,Y,2025-03-27,,2026-06-29 19:43:08.417501,2026-06-29 19:43:08.417501
375,273,MAIL,424 Stephanie Circle,Apt 41,Lake Lisa,NM,90245,US,N,2023-09-08,,2026-06-29 19:43:08.417501,2026-06-29 19:43:08.417501
376,274,HOME,78686 Lawson Ford,,North Ernest,IL,78110,US,Y,2024-09-02,,2026-06-29 19:43:08.417501,2026-06-29 19:43:08.417501
377,275,HOME,844 Kenneth Grove Apt. 230,,West Benjamin,FL,36907,US,Y,2026-01-20,,2026-06-29 19:43:08.417501,2026-06-29 19:43:08.417501
378,276,HOME,33810 Chen Land Suite 184,,South Rachel,LA,43051,US,Y,2026-05-27,,2026-06-29 19:43:08.417501,2026-06-29 19:43:08.417501
379,277,HOME,3424 Amanda Ways,,Lake Juliefurt,SD,34231,US,Y,2025-09-17,,2026-06-29 19:43:08.417501,2026-06-29 19:43:08.417501
380,277,MAIL,3543 Moore Fort,Apt 274,Richardsonfort,CO,65507,US,N,2021-07-30,,2026-06-29 19:43:08.417501,2026-06-29 19:43:08.417501
381,278,HOME,39724 Kyle Fall,,Mcdanielborough,CA,19312,US,Y,2020-12-02,,2026-06-29 19:43:08.417501,2026-06-29 19:43:08.417501
382,278,MAIL,6182 Carrie Lane,Apt 203,Smithtown,WV,84974,US,N,2026-02-05,,2026-06-29 19:43:08.417501,2026-06-29 19:43:08.417501
383,279,HOME,14290 Susan Coves,,Melissaland,ID,18750,US,Y,2023-05-17,,2026-06-29 19:43:08.417501,2026-06-29 19:43:08.417501
384,279,MAIL,45723 Amy Grove Apt. 001,Apt 88,Curtischester,FL,00659,US,N,2025-12-18,,2026-06-29 19:43:08.417501,2026-06-29 19:43:08.417501
385,280,HOME,66254 Sandra Spur,,Mcdanielville,NM,22725,US,Y,2026-06-08,,2026-06-29 19:43:08.417501,2026-06-29 19:43:08.417501
386,281,HOME,45195 Michael Corner,,New Edwardchester,NC,44389,US,Y,2024-02-02,,2026-06-29 19:43:08.417501,2026-06-29 19:43:08.417501
387,282,HOME,49451 Hendricks Shore Suite 410,,Port Diana,MD,19870,US,Y,2022-11-01,,2026-06-29 19:43:08.417501,2026-06-29 19:43:08.417501
388,283,HOME,19642 Marcus Crossroad Apt. 655,,Colemanchester,PA,83941,US,Y,2022-06-28,,2026-06-29 19:43:08.417501,2026-06-29 19:43:08.417501
389,284,HOME,6878 Patel View,,South Christopher,VT,55792,US,Y,2023-08-27,,2026-06-29 19:43:08.417501,2026-06-29 19:43:08.417501
390,285,HOME,135 James Vista,,West Angelaberg,PW,14939,US,Y,2020-11-05,,2026-06-29 19:43:08.417501,2026-06-29 19:43:08.417501
391,286,HOME,2472 Sanchez Views Apt. 021,,South Jessica,UT,56168,US,Y,2022-09-20,,2026-06-29 19:43:08.417501,2026-06-29 19:43:08.417501
392,286,MAIL,917 Anthony Lakes,Apt 316,North John,AL,75104,US,N,2025-06-23,,2026-06-29 19:43:08.417501,2026-06-29 19:43:08.417501
393,287,HOME,27284 Jenkins Junction Suite 041,,North Nicole,AZ,79691,US,Y,2024-12-30,,2026-06-29 19:43:08.417501,2026-06-29 19:43:08.417501
394,287,MAIL,66784 Fletcher Manors,Apt 345,West Teresa,NC,49988,US,N,2026-05-11,,2026-06-29 19:43:08.417501,2026-06-29 19:43:08.417501
395,288,HOME,369 Jeffery Ferry,,Port Heatherfort,MD,86051,US,Y,2024-05-05,,2026-06-29 19:43:08.417501,2026-06-29 19:43:08.417501
396,289,HOME,05634 Dan Lake Suite 034,,New Daniel,IL,78765,US,Y,2020-07-22,,2026-06-29 19:43:08.417501,2026-06-29 19:43:08.417501
397,290,HOME,83034 Tiffany Port Apt. 970,,West Christopherport,AL,47247,US,Y,2024-12-31,,2026-06-29 19:43:08.417501,2026-06-29 19:43:08.417501
398,291,HOME,356 Dickson Squares Apt. 568,,New Lindseyberg,AK,77463,US,Y,2025-04-07,,2026-06-29 19:43:08.417501,2026-06-29 19:43:08.417501
399,291,MAIL,042 Faith Common Apt. 332,Apt 70,New Zachary,VA,80289,US,N,2024-05-25,,2026-06-29 19:43:08.417501,2026-06-29 19:43:08.417501
400,292,HOME,2545 Williams Station Suite 339,,East Ashleyfort,CT,02459,US,Y,2021-05-06,,2026-06-29 19:43:08.417501,2026-06-29 19:43:08.417501
401,292,MAIL,171 Edwards Hill Apt. 149,Apt 58,Michaelland,HI,93647,US,N,2025-02-14,,2026-06-29 19:43:08.417501,2026-06-29 19:43:08.417501
402,293,HOME,4721 Williams Walks Suite 669,,South Michael,PR,82372,US,Y,2026-03-15,,2026-06-29 19:43:08.417501,2026-06-29 19:43:08.417501
403,294,HOME,68740 Joyce Gardens Apt. 214,,Moorefurt,PR,10066,US,Y,2021-10-29,,2026-06-29 19:43:08.417501,2026-06-29 19:43:08.417501
404,295,HOME,157 Day Viaduct Suite 112,,South Kaylaborough,MO,43587,US,Y,2020-11-16,,2026-06-29 19:43:08.417501,2026-06-29 19:43:08.417501
405,295,MAIL,737 Joshua Camp Apt. 723,Apt 14,Ashleyfurt,AR,47882,US,N,2025-03-24,,2026-06-29 19:43:08.417501,2026-06-29 19:43:08.417501
406,296,HOME,03064 Reid Corner Apt. 146,,West Morganmouth,VI,55514,US,Y,2023-08-22,,2026-06-29 19:43:08.417501,2026-06-29 19:43:08.417501
407,296,MAIL,01654 James Manor Suite 782,Apt 333,Gomezshire,MS,01802,US,N,2023-11-09,,2026-06-29 19:43:08.417501,2026-06-29 19:43:08.417501
408,297,HOME,99255 Edward Mount,,South Michelle,DE,88836,US,Y,2022-12-05,,2026-06-29 19:43:08.417501,2026-06-29 19:43:08.417501
409,297,MAIL,2791 Jeffery Field,Apt 124,Hortonburgh,PA,49988,US,N,2021-10-14,,2026-06-29 19:43:08.417501,2026-06-29 19:43:08.417501
410,298,HOME,90550 Mosley Parkway,,Lake Victormouth,MT,54291,US,Y,2022-08-07,,2026-06-29 19:43:08.417501,2026-06-29 19:43:08.417501
411,299,HOME,512 Patterson Fall Apt. 866,,Meganchester,SC,37626,US,Y,2024-09-13,,2026-06-29 19:43:08.417501,2026-06-29 19:43:08.417501
412,300,HOME,11096 Tyler Terrace,,Lake Seanshire,AS,04778,US,Y,2024-06-30,,2026-06-29 19:43:08.417501,2026-06-29 19:43:08.417501
413,301,HOME,37861 Melissa Crossing Suite 766,,West Kimberlyhaven,LA,35577,US,Y,2025-10-08,,2026-06-29 19:43:08.417501,2026-06-29 19:43:08.417501
414,301,MAIL,6306 Alexis Drives Suite 895,Apt 155,Georgeshire,NE,32198,US,N,2023-10-29,,2026-06-29 19:43:08.417501,2026-06-29 19:43:08.417501
415,302,HOME,96096 Sheila Loaf Apt. 658,,South Jerry,VT,17059,US,Y,2023-07-08,,2026-06-29 19:43:08.417501,2026-06-29 19:43:08.417501
416,303,HOME,482 Harris Course Apt. 609,,North Christine,ND,10825,US,Y,2023-12-03,,2026-06-29 19:43:08.417501,2026-06-29 19:43:08.417501
417,303,MAIL,275 John Forges,Apt 217,Jamesbury,VA,50060,US,N,2025-02-10,,2026-06-29 19:43:08.417501,2026-06-29 19:43:08.417501
418,304,HOME,1209 Daniel Ranch,,North Donaldview,MH,24176,US,Y,2021-01-17,,2026-06-29 19:43:08.417501,2026-06-29 19:43:08.417501
419,304,MAIL,3617 Robert Oval Apt. 366,Apt 86,Cynthiamouth,AS,21617,US,N,2021-07-27,,2026-06-29 19:43:08.417501,2026-06-29 19:43:08.417501
420,305,HOME,99015 Webb Ridges,,East Aimeeview,DE,25777,US,Y,2024-02-16,,2026-06-29 19:43:08.417501,2026-06-29 19:43:08.417501
421,306,HOME,823 Wilson Forge,,West Dillonland,VA,91150,US,Y,2026-02-17,,2026-06-29 19:43:08.417501,2026-06-29 19:43:08.417501
422,307,HOME,7315 Owens Valleys Suite 686,,West Gerald,TX,94531,US,Y,2022-03-06,,2026-06-29 19:43:08.417501,2026-06-29 19:43:08.417501
423,308,HOME,99423 Hamilton Mission Suite 945,,New Patrickborough,OK,46758,US,Y,2022-09-25,,2026-06-29 19:43:08.417501,2026-06-29 19:43:08.417501
424,309,HOME,2084 Carter Views,,Raymondville,HI,42795,US,Y,2023-01-25,,2026-06-29 19:43:08.417501,2026-06-29 19:43:08.417501
425,309,MAIL,3135 Thomas Island,Apt 231,North Lucastown,VT,43606,US,N,2021-10-09,,2026-06-29 19:43:08.417501,2026-06-29 19:43:08.417501
426,310,HOME,81649 Alison Cove Suite 919,,Flemingchester,MD,42459,US,Y,2021-09-05,,2026-06-29 19:43:08.417501,2026-06-29 19:43:08.417501
427,311,HOME,7046 David Extension,,Brittanybury,OK,03288,US,Y,2022-03-14,,2026-06-29 19:43:08.417501,2026-06-29 19:43:08.417501
428,311,MAIL,4260 Matthew Brook,Apt 292,South Codychester,VA,39953,US,N,2022-02-20,,2026-06-29 19:43:08.417501,2026-06-29 19:43:08.417501
429,312,HOME,1857 Phillip Square Suite 715,,North Jeffreytown,DC,14281,US,Y,2026-06-14,,2026-06-29 19:43:08.417501,2026-06-29 19:43:08.417501
430,313,HOME,21358 Sarah Ways Apt. 401,,West Charlesmouth,UT,80815,US,Y,2025-03-29,,2026-06-29 19:43:08.417501,2026-06-29 19:43:08.417501
431,313,MAIL,2297 David Wall Apt. 967,Apt 171,New Allisonshire,NJ,87174,US,N,2023-06-07,,2026-06-29 19:43:08.417501,2026-06-29 19:43:08.417501
432,314,HOME,7314 Dawson Knoll Apt. 311,,Browntown,TN,28830,US,Y,2023-04-20,,2026-06-29 19:43:08.417501,2026-06-29 19:43:08.417501
433,314,MAIL,71539 Hodges Inlet Suite 281,Apt 323,East Sabrina,MS,59802,US,N,2025-09-12,,2026-06-29 19:43:08.417501,2026-06-29 19:43:08.417501
434,315,HOME,3146 Gina Ways,,East Stevenville,WA,14945,US,Y,2021-12-07,,2026-06-29 19:43:08.417501,2026-06-29 19:43:08.417501
435,316,HOME,40787 Baker Plaza Apt. 563,,South Wayne,NY,44244,US,Y,2020-10-22,,2026-06-29 19:43:08.417501,2026-06-29 19:43:08.417501
436,317,HOME,1066 Kelly Lodge Apt. 948,,Stoneville,TX,07037,US,Y,2024-05-14,,2026-06-29 19:43:08.417501,2026-06-29 19:43:08.417501
437,318,HOME,10094 Cameron Courts,,Jeremyfurt,MO,51997,US,Y,2021-02-05,,2026-06-29 19:43:08.417501,2026-06-29 19:43:08.417501
438,319,HOME,3235 Mccarthy Heights Apt. 128,,Stevensonbury,GA,41803,US,Y,2024-07-30,,2026-06-29 19:43:08.417501,2026-06-29 19:43:08.417501
439,320,HOME,57207 Cook Fall,,Nicoleburgh,TX,01776,US,Y,2024-01-21,,2026-06-29 19:43:08.417501,2026-06-29 19:43:08.417501
440,321,HOME,073 Rodriguez Viaduct Apt. 943,,Port Dwayne,CT,13607,US,Y,2022-04-26,,2026-06-29 19:43:08.417501,2026-06-29 19:43:08.417501
441,322,HOME,7584 King Mount Apt. 545,,Rodriguezhaven,VA,84360,US,Y,2020-08-12,,2026-06-29 19:43:08.417501,2026-06-29 19:43:08.417501
442,322,MAIL,25703 Howard Summit Apt. 361,Apt 205,Natalieside,MH,59387,US,N,2026-06-01,,2026-06-29 19:43:08.417501,2026-06-29 19:43:08.417501
443,323,HOME,5569 Landry Harbor,,Jamesshire,NC,92492,US,Y,2022-07-20,,2026-06-29 19:43:08.417501,2026-06-29 19:43:08.417501
444,324,HOME,7954 Tara Parks,,South Erin,NC,38483,US,Y,2024-03-26,,2026-06-29 19:43:08.417501,2026-06-29 19:43:08.417501
445,325,HOME,7414 Shawn Forge,,Margaretville,AR,64512,US,Y,2022-04-29,,2026-06-29 19:43:08.417501,2026-06-29 19:43:08.417501
446,326,HOME,0042 Koch Turnpike Apt. 142,,South Brenda,CO,38617,US,Y,2021-10-20,,2026-06-29 19:43:08.417501,2026-06-29 19:43:08.417501
447,327,HOME,3666 Patricia Hollow Suite 296,,Lindaberg,TX,26650,US,Y,2021-12-28,,2026-06-29 19:43:08.417501,2026-06-29 19:43:08.417501
448,328,HOME,344 Kenneth Road Suite 826,,Davishaven,NV,91482,US,Y,2022-05-15,,2026-06-29 19:43:08.417501,2026-06-29 19:43:08.417501
449,329,HOME,5676 Murray Points Apt. 612,,Kristinshire,NY,49405,US,Y,2021-04-02,,2026-06-29 19:43:08.417501,2026-06-29 19:43:08.417501
450,330,HOME,62607 Combs Corner Apt. 415,,Port Kellyfort,UT,43926,US,Y,2025-09-04,,2026-06-29 19:43:08.417501,2026-06-29 19:43:08.417501
451,331,HOME,980 Zachary Points,,Taylorberg,ME,82845,US,Y,2022-05-10,,2026-06-29 19:43:08.417501,2026-06-29 19:43:08.417501
452,332,HOME,9311 Eric Crest,,East Jamesfort,AK,66797,US,Y,2023-02-25,,2026-06-29 19:43:08.417501,2026-06-29 19:43:08.417501
453,332,MAIL,46723 Underwood Springs,Apt 33,Villarrealville,NE,19669,US,N,2024-04-22,,2026-06-29 19:43:08.417501,2026-06-29 19:43:08.417501
454,333,HOME,32883 Castillo Highway,,New Trevorview,MO,51071,US,Y,2024-09-04,,2026-06-29 19:43:08.417501,2026-06-29 19:43:08.417501
455,333,MAIL,6620 Bryant Port,Apt 332,Smithport,AZ,85056,US,N,2024-05-23,,2026-06-29 19:43:08.417501,2026-06-29 19:43:08.417501
456,334,HOME,52774 Tina Knolls Apt. 586,,East Dianastad,SD,94769,US,Y,2023-11-14,,2026-06-29 19:43:08.417501,2026-06-29 19:43:08.417501
457,335,HOME,244 Jones Villages Suite 679,,New Jeanette,NY,86865,US,Y,2023-08-23,,2026-06-29 19:43:08.417501,2026-06-29 19:43:08.417501
458,336,HOME,599 Silva Village,,Jonestown,PR,96560,US,Y,2021-06-11,,2026-06-29 19:43:08.417501,2026-06-29 19:43:08.417501
459,337,HOME,177 Wolf Trail,,North Rachel,HI,95942,US,Y,2025-11-05,,2026-06-29 19:43:08.417501,2026-06-29 19:43:08.417501
460,338,HOME,09410 Scott Landing Apt. 251,,Grayshire,OH,26680,US,Y,2021-08-31,,2026-06-29 19:43:08.417501,2026-06-29 19:43:08.417501
461,338,MAIL,4332 Cervantes Valleys Apt. 190,Apt 358,East Arthurberg,MH,01187,US,N,2022-08-25,,2026-06-29 19:43:08.417501,2026-06-29 19:43:08.417501
462,339,HOME,815 Faith Stream Suite 339,,Masonstad,RI,73730,US,Y,2025-08-11,,2026-06-29 19:43:08.417501,2026-06-29 19:43:08.417501
463,340,HOME,6619 David Path,,Craigfort,IN,07248,US,Y,2024-02-06,,2026-06-29 19:43:08.417501,2026-06-29 19:43:08.417501
464,340,MAIL,34465 Monique Estate Suite 189,Apt 372,Port April,RI,66043,US,N,2022-05-13,,2026-06-29 19:43:08.417501,2026-06-29 19:43:08.417501
465,341,HOME,197 Delgado Bypass,,Robertborough,MA,08285,US,Y,2021-04-29,,2026-06-29 19:43:08.417501,2026-06-29 19:43:08.417501
466,341,MAIL,037 Linda Port Apt. 516,Apt 177,New Timothyberg,KY,95309,US,N,2020-09-27,,2026-06-29 19:43:08.417501,2026-06-29 19:43:08.417501
467,342,HOME,8356 Turner Vista,,North Sarah,AK,26213,US,Y,2023-09-11,,2026-06-29 19:43:08.417501,2026-06-29 19:43:08.417501
468,343,HOME,087 Paul Lane Apt. 668,,North Samuel,MH,81195,US,Y,2026-05-21,,2026-06-29 19:43:08.417501,2026-06-29 19:43:08.417501
469,344,HOME,3560 Jesse Radial Apt. 368,,Port Alexisbury,GU,07956,US,Y,2020-12-12,,2026-06-29 19:43:08.417501,2026-06-29 19:43:08.417501
470,345,HOME,2405 Morrison Gardens,,Davidfurt,NJ,86691,US,Y,2021-03-23,,2026-06-29 19:43:08.417501,2026-06-29 19:43:08.417501
471,346,HOME,48375 Scott Hollow,,Kimberlyport,VI,86175,US,Y,2021-12-15,,2026-06-29 19:43:08.417501,2026-06-29 19:43:08.417501
472,347,HOME,8810 Mccullough Squares Suite 413,,Port Theresa,IN,40469,US,Y,2024-12-10,,2026-06-29 19:43:08.417501,2026-06-29 19:43:08.417501
473,348,HOME,52037 Benton Brooks,,Huffview,KY,77602,US,Y,2022-10-18,,2026-06-29 19:43:08.417501,2026-06-29 19:43:08.417501
474,349,HOME,49670 Cruz Cape,,East Nicolas,TN,57004,US,Y,2023-09-08,,2026-06-29 19:43:08.417501,2026-06-29 19:43:08.417501
475,350,HOME,85095 Patrick Ramp Apt. 059,,Glennton,AS,14815,US,Y,2023-10-23,,2026-06-29 19:43:08.417501,2026-06-29 19:43:08.417501
476,351,HOME,769 Martin Light Suite 320,,Laurenview,CO,33260,US,Y,2025-02-12,,2026-06-29 19:43:08.417501,2026-06-29 19:43:08.417501
477,352,HOME,9609 Ward Shoals Suite 901,,Ashleymouth,MP,35171,US,Y,2025-07-29,,2026-06-29 19:43:08.417501,2026-06-29 19:43:08.417501
478,352,MAIL,0707 Tammy Neck Apt. 609,Apt 214,West Pennyside,MD,08895,US,N,2023-02-18,,2026-06-29 19:43:08.417501,2026-06-29 19:43:08.417501
479,353,HOME,4723 Dylan River Apt. 310,,Lake William,NV,76508,US,Y,2022-05-24,,2026-06-29 19:43:08.417501,2026-06-29 19:43:08.417501
480,354,HOME,44058 Caroline Keys,,North Williamville,NY,10652,US,Y,2021-11-29,,2026-06-29 19:43:08.417501,2026-06-29 19:43:08.417501
481,355,HOME,561 Liu Divide Apt. 595,,Theresastad,NJ,39044,US,Y,2024-03-22,,2026-06-29 19:43:08.417501,2026-06-29 19:43:08.417501
482,356,HOME,0429 Daniel Forest,,Williamhaven,WY,76717,US,Y,2024-10-07,,2026-06-29 19:43:08.417501,2026-06-29 19:43:08.417501
483,357,HOME,9026 Stephanie Fork,,Ryanville,PR,69675,US,Y,2025-04-12,,2026-06-29 19:43:08.417501,2026-06-29 19:43:08.417501
484,358,HOME,887 Adams Villages Suite 353,,Jerrymouth,WA,15628,US,Y,2024-08-25,,2026-06-29 19:43:08.417501,2026-06-29 19:43:08.417501
485,359,HOME,651 Castro Club Suite 793,,Hartmanbury,OK,16921,US,Y,2026-01-17,,2026-06-29 19:43:08.417501,2026-06-29 19:43:08.417501
486,360,HOME,9294 Peterson Crest,,South Robertberg,OK,65276,US,Y,2024-04-14,,2026-06-29 19:43:08.417501,2026-06-29 19:43:08.417501
487,360,MAIL,70216 Cannon Station,Apt 384,Newtonberg,VI,04967,US,N,2025-06-29,,2026-06-29 19:43:08.417501,2026-06-29 19:43:08.417501
488,361,HOME,212 Strong Knoll,,South Heidi,IA,93822,US,Y,2022-04-02,,2026-06-29 19:43:08.417501,2026-06-29 19:43:08.417501
489,361,MAIL,9991 Charles Knoll Suite 676,Apt 248,Katherineberg,VA,24546,US,N,2024-10-31,,2026-06-29 19:43:08.417501,2026-06-29 19:43:08.417501
490,362,HOME,09957 Flores Fall,,Shirleyville,IN,39475,US,Y,2023-06-14,,2026-06-29 19:43:08.417501,2026-06-29 19:43:08.417501
491,362,MAIL,889 Mitchell Lights,Apt 103,Katherineberg,AZ,96789,US,N,2025-10-14,,2026-06-29 19:43:08.417501,2026-06-29 19:43:08.417501
492,363,HOME,8499 Garcia Haven,,North Keith,NM,58030,US,Y,2021-10-31,,2026-06-29 19:43:08.417501,2026-06-29 19:43:08.417501
493,363,MAIL,4913 Thomas Ford,Apt 252,North Carmen,AZ,71257,US,N,2023-09-20,,2026-06-29 19:43:08.417501,2026-06-29 19:43:08.417501
494,364,HOME,70534 Dennis Pike,,Port Shawn,PW,14868,US,Y,2024-10-15,,2026-06-29 19:43:08.417501,2026-06-29 19:43:08.417501
495,364,MAIL,6741 Victoria Street,Apt 213,West Lindabury,VA,10246,US,N,2022-06-15,,2026-06-29 19:43:08.417501,2026-06-29 19:43:08.417501
496,365,HOME,7815 Ryan Squares Suite 380,,East Derrickfurt,VI,29364,US,Y,2024-07-12,,2026-06-29 19:43:08.417501,2026-06-29 19:43:08.417501
497,366,HOME,2727 Anderson Roads Apt. 830,,Jonesside,RI,27835,US,Y,2024-10-01,,2026-06-29 19:43:08.417501,2026-06-29 19:43:08.417501
498,367,HOME,4969 Dana Orchard,,West Mary,FM,38789,US,Y,2024-07-01,,2026-06-29 19:43:08.417501,2026-06-29 19:43:08.417501
499,367,MAIL,695 Phillips Forges Apt. 467,Apt 286,Johnchester,DE,23595,US,N,2023-04-12,,2026-06-29 19:43:08.417501,2026-06-29 19:43:08.417501
500,368,HOME,156 Kim Orchard Suite 963,,West Josephborough,FM,54110,US,Y,2020-11-08,,2026-06-29 19:43:08.417501,2026-06-29 19:43:08.417501
501,368,MAIL,5667 Ross Center Suite 735,Apt 10,West Sethbury,OK,22329,US,N,2023-09-15,,2026-06-29 19:43:08.417501,2026-06-29 19:43:08.417501
502,369,HOME,952 Stephanie Brooks,,Davismouth,PW,46730,US,Y,2025-02-02,,2026-06-29 19:43:08.417501,2026-06-29 19:43:08.417501
503,369,MAIL,083 Nichols Estate,Apt 134,Heathbury,LA,21656,US,N,2025-12-15,,2026-06-29 19:43:08.417501,2026-06-29 19:43:08.417501
504,370,HOME,3830 Megan Throughway Apt. 867,,East Justintown,IN,83280,US,Y,2025-02-15,,2026-06-29 19:43:08.417501,2026-06-29 19:43:08.417501
505,370,MAIL,41662 Atkins Club,Apt 82,New Jenniferchester,AK,02433,US,N,2024-12-11,,2026-06-29 19:43:08.417501,2026-06-29 19:43:08.417501
506,371,HOME,96394 Coleman Summit,,West Joshuaborough,CT,35139,US,Y,2026-04-22,,2026-06-29 19:43:08.417501,2026-06-29 19:43:08.417501
507,371,MAIL,4613 Hoffman Orchard Suite 883,Apt 258,Smithfort,VA,52096,US,N,2026-03-14,,2026-06-29 19:43:08.417501,2026-06-29 19:43:08.417501
508,372,HOME,3906 Sergio Neck,,Lake Lanceberg,AS,83065,US,Y,2026-05-06,,2026-06-29 19:43:08.417501,2026-06-29 19:43:08.417501
509,372,MAIL,237 Christopher Lodge,Apt 33,Millsshire,WV,30966,US,N,2020-11-04,,2026-06-29 19:43:08.417501,2026-06-29 19:43:08.417501
510,373,HOME,6452 Marc Port Suite 043,,Gardnermouth,SD,31399,US,Y,2022-06-03,,2026-06-29 19:43:08.417501,2026-06-29 19:43:08.417501
511,373,MAIL,811 Lyons Lane Apt. 028,Apt 59,East Jamesville,AZ,56099,US,N,2023-06-18,,2026-06-29 19:43:08.417501,2026-06-29 19:43:08.417501
512,374,HOME,86604 Ryan Hill Suite 859,,Anneburgh,FL,38537,US,Y,2023-08-18,,2026-06-29 19:43:08.417501,2026-06-29 19:43:08.417501
513,375,HOME,589 Kennedy Fords,,Saraberg,GA,69232,US,Y,2024-10-12,,2026-06-29 19:43:08.417501,2026-06-29 19:43:08.417501
514,375,MAIL,56227 Victoria Avenue Suite 331,Apt 115,Riveraton,RI,61933,US,N,2024-01-22,,2026-06-29 19:43:08.417501,2026-06-29 19:43:08.417501
515,376,HOME,8350 Joshua View,,Silvaport,MN,82355,US,Y,2025-02-03,,2026-06-29 19:43:08.417501,2026-06-29 19:43:08.417501
516,377,HOME,831 Dakota Forge Suite 249,,East Laurashire,SD,50694,US,Y,2022-06-21,,2026-06-29 19:43:08.417501,2026-06-29 19:43:08.417501
517,378,HOME,973 Aaron Fort Apt. 192,,East Thomas,AL,42881,US,Y,2020-12-15,,2026-06-29 19:43:08.417501,2026-06-29 19:43:08.417501
518,379,HOME,87675 Mason Crest,,New Phillip,WI,51033,US,Y,2024-09-23,,2026-06-29 19:43:08.417501,2026-06-29 19:43:08.417501
519,380,HOME,8581 Stephanie Roads Suite 268,,Henryview,TX,16261,US,Y,2023-11-02,,2026-06-29 19:43:08.417501,2026-06-29 19:43:08.417501
520,381,HOME,520 Wyatt Trail Suite 639,,South Neil,WA,01899,US,Y,2021-08-31,,2026-06-29 19:43:08.417501,2026-06-29 19:43:08.417501
521,382,HOME,309 Murphy Land Suite 809,,Arthurview,SD,63249,US,Y,2022-11-18,,2026-06-29 19:43:08.417501,2026-06-29 19:43:08.417501
522,383,HOME,0907 Henry Mountains Apt. 050,,Lake Jill,VI,17756,US,Y,2020-12-26,,2026-06-29 19:43:08.417501,2026-06-29 19:43:08.417501
523,384,HOME,70518 Lucero Fields,,West Marymouth,MH,93471,US,Y,2021-07-03,,2026-06-29 19:43:08.417501,2026-06-29 19:43:08.417501
524,385,HOME,066 Calvin Views Apt. 412,,Williamsborough,UT,66753,US,Y,2022-12-12,,2026-06-29 19:43:08.417501,2026-06-29 19:43:08.417501
525,386,HOME,4851 Owens Villages,,New Sarahland,DE,12371,US,Y,2021-08-02,,2026-06-29 19:43:08.417501,2026-06-29 19:43:08.417501
526,386,MAIL,59020 Dana Mount,Apt 26,Lake Sherryport,MP,89746,US,N,2024-05-05,,2026-06-29 19:43:08.417501,2026-06-29 19:43:08.417501
527,387,HOME,240 Mccarthy Fall,,Donaldmouth,MT,30118,US,Y,2025-07-02,,2026-06-29 19:43:08.417501,2026-06-29 19:43:08.417501
528,388,HOME,24474 Tracy Prairie Suite 587,,North Stephanie,OR,51052,US,Y,2021-06-04,,2026-06-29 19:43:08.417501,2026-06-29 19:43:08.417501
529,389,HOME,654 Matthew Parkway,,Christopherborough,KS,29108,US,Y,2023-04-19,,2026-06-29 19:43:08.417501,2026-06-29 19:43:08.417501
530,390,HOME,82727 Watson Lane,,West Jacquelinestad,VI,01536,US,Y,2021-06-10,,2026-06-29 19:43:08.417501,2026-06-29 19:43:08.417501
531,391,HOME,5125 Martin Plains Apt. 079,,Watkinschester,VA,52842,US,Y,2023-05-02,,2026-06-29 19:43:08.417501,2026-06-29 19:43:08.417501
532,391,MAIL,5957 Evans Wells,Apt 55,Port Sarah,NY,14637,US,N,2023-01-06,,2026-06-29 19:43:08.417501,2026-06-29 19:43:08.417501
533,392,HOME,690 William Hills Apt. 922,,Kristinaton,CO,41038,US,Y,2025-03-31,,2026-06-29 19:43:08.417501,2026-06-29 19:43:08.417501
534,393,HOME,7627 Donna Flats,,West Kyle,HI,31458,US,Y,2025-08-21,,2026-06-29 19:43:08.417501,2026-06-29 19:43:08.417501
535,394,HOME,32850 Moore Courts Suite 863,,Barnettmouth,VT,32317,US,Y,2025-01-25,,2026-06-29 19:43:08.417501,2026-06-29 19:43:08.417501
536,395,HOME,2526 Villanueva Viaduct,,Carlsonside,CA,45965,US,Y,2023-06-03,,2026-06-29 19:43:08.417501,2026-06-29 19:43:08.417501
537,395,MAIL,92355 Mason Alley,Apt 288,Melendezbury,DC,66030,US,N,2021-08-14,,2026-06-29 19:43:08.417501,2026-06-29 19:43:08.417501
538,396,HOME,6156 Ronald Haven,,Paulfort,AZ,34713,US,Y,2026-03-30,,2026-06-29 19:43:08.417501,2026-06-29 19:43:08.417501
539,396,MAIL,26817 Michael Street Apt. 602,Apt 54,Davidhaven,MS,90455,US,N,2023-03-21,,2026-06-29 19:43:08.417501,2026-06-29 19:43:08.417501
540,397,HOME,660 Coleman Streets Apt. 978,,Kimberlymouth,PR,70627,US,Y,2026-04-28,,2026-06-29 19:43:08.417501,2026-06-29 19:43:08.417501
541,397,MAIL,68612 Matthew Station,Apt 61,Jamesmouth,NE,06863,US,N,2023-04-12,,2026-06-29 19:43:08.417501,2026-06-29 19:43:08.417501
542,398,HOME,77509 King Junction,,Katietown,ND,35528,US,Y,2021-07-24,,2026-06-29 19:43:08.417501,2026-06-29 19:43:08.417501
543,399,HOME,0754 Caitlin Knolls Apt. 863,,North Amanda,DC,95762,US,Y,2021-05-11,,2026-06-29 19:43:08.417501,2026-06-29 19:43:08.417501
544,400,HOME,4579 Samantha Village Suite 015,,Benjaminville,MS,67692,US,Y,2026-05-16,,2026-06-29 19:43:08.417501,2026-06-29 19:43:08.417501
545,400,MAIL,4660 Stephanie Glens,Apt 150,Port Ritaville,WY,25620,US,N,2023-12-01,,2026-06-29 19:43:08.417501,2026-06-29 19:43:08.417501
546,401,HOME,883 Nicholas Mountains Apt. 642,,Walterton,PA,52755,US,Y,2025-12-13,,2026-06-29 19:43:08.417501,2026-06-29 19:43:08.417501
547,402,HOME,0630 Sandoval Harbor Suite 795,,East Jeffreymouth,IN,08853,US,Y,2024-02-28,,2026-06-29 19:43:08.417501,2026-06-29 19:43:08.417501
548,403,HOME,695 Alvarez Point Apt. 555,,Lynnberg,NH,97831,US,Y,2023-06-26,,2026-06-29 19:43:08.417501,2026-06-29 19:43:08.417501
549,404,HOME,646 Donna Ports,,Lake Tommystad,CO,27705,US,Y,2024-12-23,,2026-06-29 19:43:08.417501,2026-06-29 19:43:08.417501
550,405,HOME,4577 Eric Prairie Apt. 959,,Perrytown,WV,37710,US,Y,2023-10-30,,2026-06-29 19:43:08.417501,2026-06-29 19:43:08.417501
551,405,MAIL,68269 Collin Forge Apt. 194,Apt 187,Port Erik,WI,96768,US,N,2026-05-13,,2026-06-29 19:43:08.417501,2026-06-29 19:43:08.417501
552,406,HOME,3694 Townsend Roads Apt. 588,,Perezfurt,NM,99699,US,Y,2023-04-10,,2026-06-29 19:43:08.417501,2026-06-29 19:43:08.417501
553,406,MAIL,26408 Hines Shoal Apt. 169,Apt 71,Mccannchester,ID,83917,US,N,2020-08-30,,2026-06-29 19:43:08.417501,2026-06-29 19:43:08.417501
554,407,HOME,99819 Dougherty Islands,,East Ashley,NJ,90201,US,Y,2021-01-13,,2026-06-29 19:43:08.417501,2026-06-29 19:43:08.417501
555,407,MAIL,96883 Stephen Stream Apt. 273,Apt 104,Davidland,MH,04549,US,N,2021-09-24,,2026-06-29 19:43:08.417501,2026-06-29 19:43:08.417501
556,408,HOME,3973 Teresa Parkway Apt. 952,,South Jennifer,CA,01403,US,Y,2024-12-24,,2026-06-29 19:43:08.417501,2026-06-29 19:43:08.417501
557,409,HOME,761 Rosario Stravenue Apt. 980,,Castilloton,LA,52719,US,Y,2025-06-17,,2026-06-29 19:43:08.417501,2026-06-29 19:43:08.417501
558,410,HOME,6876 Dale Vista,,Katherineshire,WV,15152,US,Y,2024-10-27,,2026-06-29 19:43:08.417501,2026-06-29 19:43:08.417501
559,411,HOME,5237 Joseph Isle Apt. 773,,Matthewmouth,MA,59532,US,Y,2024-09-08,,2026-06-29 19:43:08.417501,2026-06-29 19:43:08.417501
560,411,MAIL,022 Johnson Land Suite 442,Apt 243,Thomasmouth,TX,39151,US,N,2021-06-01,,2026-06-29 19:43:08.417501,2026-06-29 19:43:08.417501
561,412,HOME,94643 Melissa Prairie,,Eddietown,KS,48232,US,Y,2024-10-25,,2026-06-29 19:43:08.417501,2026-06-29 19:43:08.417501
562,412,MAIL,9252 Mills Lane Suite 287,Apt 259,South Penny,AL,88154,US,N,2026-03-04,,2026-06-29 19:43:08.417501,2026-06-29 19:43:08.417501
563,413,HOME,43324 Debra Knolls Suite 790,,Lake James,TN,04805,US,Y,2022-11-18,,2026-06-29 19:43:08.417501,2026-06-29 19:43:08.417501
564,413,MAIL,8148 Tara Centers,Apt 137,Knightbury,IA,34064,US,N,2025-04-10,,2026-06-29 19:43:08.417501,2026-06-29 19:43:08.417501
565,414,HOME,337 Billy Rest,,Andrealand,WA,25406,US,Y,2024-11-21,,2026-06-29 19:43:08.417501,2026-06-29 19:43:08.417501
566,414,MAIL,84033 Brenda Prairie,Apt 387,Marshallside,FM,07196,US,N,2022-05-27,,2026-06-29 19:43:08.417501,2026-06-29 19:43:08.417501
567,415,HOME,71717 Cory Radial,,New Tony,OK,01759,US,Y,2023-12-25,,2026-06-29 19:43:08.417501,2026-06-29 19:43:08.417501
568,416,HOME,739 Gay Glen,,Guzmanfort,SC,23639,US,Y,2022-06-18,,2026-06-29 19:43:08.417501,2026-06-29 19:43:08.417501
569,417,HOME,444 Matthew Springs Suite 712,,Smithhaven,NJ,65484,US,Y,2021-06-20,,2026-06-29 19:43:08.417501,2026-06-29 19:43:08.417501
570,417,MAIL,4175 James Coves,Apt 386,East Kyle,ME,42446,US,N,2025-02-01,,2026-06-29 19:43:08.417501,2026-06-29 19:43:08.417501
571,418,HOME,49392 Moore Trafficway Suite 229,,West Sue,NJ,86155,US,Y,2024-01-23,,2026-06-29 19:43:08.417501,2026-06-29 19:43:08.417501
572,419,HOME,434 Michael Village Suite 524,,Jessicamouth,NV,40873,US,Y,2023-01-16,,2026-06-29 19:43:08.417501,2026-06-29 19:43:08.417501
573,420,HOME,0606 Brewer Dam Suite 403,,Lake Jennifer,LA,49453,US,Y,2020-08-18,,2026-06-29 19:43:08.417501,2026-06-29 19:43:08.417501
574,420,MAIL,5883 Christina Mill Suite 113,Apt 220,West Jennifer,VA,78218,US,N,2023-04-23,,2026-06-29 19:43:08.417501,2026-06-29 19:43:08.417501
575,421,HOME,673 Benitez Radial,,Brownton,SC,45418,US,Y,2022-02-23,,2026-06-29 19:43:08.417501,2026-06-29 19:43:08.417501
576,422,HOME,4172 Mark Trail Suite 229,,Audreyside,CO,57944,US,Y,2021-12-17,,2026-06-29 19:43:08.417501,2026-06-29 19:43:08.417501
577,423,HOME,840 Kelsey Cliff Suite 573,,West Taylor,NH,47975,US,Y,2022-06-27,,2026-06-29 19:43:08.417501,2026-06-29 19:43:08.417501
578,424,HOME,9021 Simmons Valley Suite 080,,Allenchester,AZ,66589,US,Y,2025-09-23,,2026-06-29 19:43:08.417501,2026-06-29 19:43:08.417501
579,425,HOME,749 Walters Street Apt. 918,,New Erichaven,PR,11999,US,Y,2023-12-08,,2026-06-29 19:43:08.417501,2026-06-29 19:43:08.417501
580,426,HOME,316 Owens Streets Apt. 512,,Shawnchester,FM,03316,US,Y,2022-11-25,,2026-06-29 19:43:08.417501,2026-06-29 19:43:08.417501
581,426,MAIL,96003 Simmons Green Apt. 958,Apt 16,Valdezborough,WI,75793,US,N,2026-01-16,,2026-06-29 19:43:08.417501,2026-06-29 19:43:08.417501
582,427,HOME,23421 Amanda Vista,,Port Davidstad,CA,43421,US,Y,2025-09-18,,2026-06-29 19:43:08.417501,2026-06-29 19:43:08.417501
583,428,HOME,334 Roger Groves,,East Kelsey,AK,18498,US,Y,2025-10-03,,2026-06-29 19:43:08.417501,2026-06-29 19:43:08.417501
584,429,HOME,60736 Sean Locks Apt. 369,,North Tanyahaven,PW,76300,US,Y,2024-11-02,,2026-06-29 19:43:08.417501,2026-06-29 19:43:08.417501
585,430,HOME,31795 Perry Fords,,Port Williamfort,KS,67181,US,Y,2021-02-28,,2026-06-29 19:43:08.417501,2026-06-29 19:43:08.417501
586,431,HOME,06661 Ward Inlet Apt. 643,,Lake Dawnfurt,FM,62283,US,Y,2020-08-01,,2026-06-29 19:43:08.417501,2026-06-29 19:43:08.417501
587,431,MAIL,502 Gregory Branch Apt. 822,Apt 174,Farmerton,PA,28003,US,N,2025-09-09,,2026-06-29 19:43:08.417501,2026-06-29 19:43:08.417501
588,432,HOME,9626 Greg Path Apt. 251,,North Tyler,ME,53408,US,Y,2024-03-29,,2026-06-29 19:43:08.417501,2026-06-29 19:43:08.417501
589,432,MAIL,500 Johnson Mountains Apt. 260,Apt 396,Farmerhaven,GA,21232,US,N,2021-02-02,,2026-06-29 19:43:08.417501,2026-06-29 19:43:08.417501
590,433,HOME,16117 Lucero Walks Suite 290,,Thomasview,DC,42821,US,Y,2024-06-05,,2026-06-29 19:43:08.417501,2026-06-29 19:43:08.417501
591,433,MAIL,177 David Passage Apt. 231,Apt 32,Lake Richardville,IA,30152,US,N,2021-12-29,,2026-06-29 19:43:08.417501,2026-06-29 19:43:08.417501
592,434,HOME,7988 Wolf Curve Suite 652,,Lake Rebeccafurt,SC,06794,US,Y,2025-04-03,,2026-06-29 19:43:08.417501,2026-06-29 19:43:08.417501
593,434,MAIL,20326 Smith Orchard,Apt 19,Mathewsborough,SC,76155,US,N,2022-12-04,,2026-06-29 19:43:08.417501,2026-06-29 19:43:08.417501
594,435,HOME,9487 Julie Shoal,,Matthewburgh,KS,45194,US,Y,2025-05-01,,2026-06-29 19:43:08.417501,2026-06-29 19:43:08.417501
595,436,HOME,715 Brown Lakes Suite 082,,East Theresaville,DE,72651,US,Y,2024-10-07,,2026-06-29 19:43:08.417501,2026-06-29 19:43:08.417501
596,437,HOME,4768 Tammy Parkways,,South Lori,FM,67466,US,Y,2021-08-29,,2026-06-29 19:43:08.417501,2026-06-29 19:43:08.417501
597,438,HOME,35892 Lauren Lake,,Lake Stacey,NC,22357,US,Y,2022-09-26,,2026-06-29 19:43:08.417501,2026-06-29 19:43:08.417501
598,438,MAIL,293 Amber Ridge,Apt 324,Garrisonview,AR,53044,US,N,2022-04-08,,2026-06-29 19:43:08.417501,2026-06-29 19:43:08.417501
599,439,HOME,7524 Charles Station Suite 399,,North Karinaberg,FL,63537,US,Y,2025-06-04,,2026-06-29 19:43:08.417501,2026-06-29 19:43:08.417501
600,440,HOME,2669 John Keys,,East Tabithaview,DC,53118,US,Y,2021-03-25,,2026-06-29 19:43:08.417501,2026-06-29 19:43:08.417501
601,441,HOME,72450 Abigail Pine,,Port Courtneyfort,IN,87063,US,Y,2023-02-13,,2026-06-29 19:43:08.417501,2026-06-29 19:43:08.417501
602,442,HOME,972 Nicole Throughway,,Nancyton,MS,33983,US,Y,2021-03-02,,2026-06-29 19:43:08.417501,2026-06-29 19:43:08.417501
603,443,HOME,9274 Alexandra Corners Suite 376,,Brownville,VI,37227,US,Y,2025-07-18,,2026-06-29 19:43:08.417501,2026-06-29 19:43:08.417501
604,444,HOME,8564 Miller Courts Suite 397,,New Ryan,KY,14127,US,Y,2026-06-23,,2026-06-29 19:43:08.417501,2026-06-29 19:43:08.417501
605,445,HOME,996 Williams Coves Apt. 911,,West Betty,VT,79643,US,Y,2023-01-08,,2026-06-29 19:43:08.417501,2026-06-29 19:43:08.417501
606,446,HOME,057 Berry Pike Apt. 660,,New Henry,SC,43618,US,Y,2021-01-30,,2026-06-29 19:43:08.417501,2026-06-29 19:43:08.417501
607,447,HOME,74555 Joshua Tunnel Apt. 574,,East Angela,VI,72233,US,Y,2024-05-19,,2026-06-29 19:43:08.417501,2026-06-29 19:43:08.417501
608,448,HOME,2715 Jensen Streets Apt. 541,,Lake Richardfort,SC,24905,US,Y,2025-01-11,,2026-06-29 19:43:08.417501,2026-06-29 19:43:08.417501
609,448,MAIL,7557 Fischer Extension,Apt 177,Allenborough,OR,41202,US,N,2025-12-11,,2026-06-29 19:43:08.417501,2026-06-29 19:43:08.417501
610,449,HOME,826 James Course Suite 425,,Randyfurt,CT,97007,US,Y,2025-05-18,,2026-06-29 19:43:08.417501,2026-06-29 19:43:08.417501
611,449,MAIL,915 Scott Canyon Apt. 824,Apt 144,South Jeffreybury,IA,30101,US,N,2023-02-18,,2026-06-29 19:43:08.417501,2026-06-29 19:43:08.417501
612,450,HOME,04309 Massey Mall,,South Jacob,NC,76640,US,Y,2022-11-20,,2026-06-29 19:43:08.417501,2026-06-29 19:43:08.417501
613,451,HOME,454 Wood Freeway Suite 851,,West Michelle,UT,32862,US,Y,2025-04-06,,2026-06-29 19:43:08.417501,2026-06-29 19:43:08.417501
614,452,HOME,87851 Jennifer Stravenue,,South Joseph,MP,07474,US,Y,2023-04-02,,2026-06-29 19:43:08.417501,2026-06-29 19:43:08.417501
615,452,MAIL,9612 Ann Points Apt. 572,Apt 207,Lake Michaelview,OK,33532,US,N,2026-03-05,,2026-06-29 19:43:08.417501,2026-06-29 19:43:08.417501
616,453,HOME,976 Valerie Forge,,Collinsport,MA,30983,US,Y,2023-11-29,,2026-06-29 19:43:08.417501,2026-06-29 19:43:08.417501
617,454,HOME,89509 Jennifer Knolls Apt. 191,,Crossborough,IA,79344,US,Y,2025-02-18,,2026-06-29 19:43:08.417501,2026-06-29 19:43:08.417501
618,454,MAIL,07151 Sophia Ports,Apt 279,Ballardfurt,UT,62682,US,N,2021-04-27,,2026-06-29 19:43:08.417501,2026-06-29 19:43:08.417501
619,455,HOME,14526 Porter Ferry Suite 633,,Valerieland,MA,59709,US,Y,2024-12-31,,2026-06-29 19:43:08.417501,2026-06-29 19:43:08.417501
620,456,HOME,90805 Gary Pines Apt. 056,,Anthonyshire,OK,49631,US,Y,2025-08-24,,2026-06-29 19:43:08.417501,2026-06-29 19:43:08.417501
621,457,HOME,97283 Davis Springs,,New Neil,HI,58264,US,Y,2024-09-23,,2026-06-29 19:43:08.417501,2026-06-29 19:43:08.417501
622,458,HOME,270 Savannah Underpass,,Port Sarahport,CT,46252,US,Y,2024-08-03,,2026-06-29 19:43:08.417501,2026-06-29 19:43:08.417501
623,458,MAIL,73929 Pace Shoals,Apt 333,Bowersville,TN,73175,US,N,2020-11-18,,2026-06-29 19:43:08.417501,2026-06-29 19:43:08.417501
624,459,HOME,2373 Williams Circle,,Cochranshire,CT,68637,US,Y,2021-01-13,,2026-06-29 19:43:08.417501,2026-06-29 19:43:08.417501
625,460,HOME,998 Sherman Row Apt. 452,,Gallagherport,SC,56379,US,Y,2022-12-01,,2026-06-29 19:43:08.417501,2026-06-29 19:43:08.417501
626,460,MAIL,70715 Lynch Inlet Suite 408,Apt 155,East Staceyport,MH,77501,US,N,2024-12-23,,2026-06-29 19:43:08.417501,2026-06-29 19:43:08.417501
627,461,HOME,508 Brandon Hollow,,Lopezside,AR,90175,US,Y,2025-09-25,,2026-06-29 19:43:08.417501,2026-06-29 19:43:08.417501
628,461,MAIL,503 Stephen Ferry,Apt 276,Lake Luke,VT,27188,US,N,2023-06-18,,2026-06-29 19:43:08.417501,2026-06-29 19:43:08.417501
629,462,HOME,63140 Donna Village,,Traceyfurt,GU,30434,US,Y,2022-09-20,,2026-06-29 19:43:08.417501,2026-06-29 19:43:08.417501
630,462,MAIL,22939 Macias Manors Suite 346,Apt 372,South Madisonfurt,KY,25338,US,N,2025-05-23,,2026-06-29 19:43:08.417501,2026-06-29 19:43:08.417501
631,463,HOME,9060 Anderson Spurs Apt. 111,,Port Tracy,HI,70878,US,Y,2022-06-15,,2026-06-29 19:43:08.417501,2026-06-29 19:43:08.417501
632,464,HOME,648 Mitchell Port Suite 116,,North Angela,NM,26818,US,Y,2021-04-02,,2026-06-29 19:43:08.417501,2026-06-29 19:43:08.417501
633,465,HOME,7113 Marissa Ferry,,Port Heatherland,IA,57641,US,Y,2024-03-07,,2026-06-29 19:43:08.417501,2026-06-29 19:43:08.417501
634,466,HOME,279 Elizabeth Parkway Apt. 350,,East Matthewview,PW,23507,US,Y,2022-08-04,,2026-06-29 19:43:08.417501,2026-06-29 19:43:08.417501
635,467,HOME,066 Stacey Parkways,,East Jackborough,MA,86747,US,Y,2024-10-25,,2026-06-29 19:43:08.417501,2026-06-29 19:43:08.417501
636,467,MAIL,1398 Hawkins Divide,Apt 262,Brianland,MT,68402,US,N,2023-09-12,,2026-06-29 19:43:08.417501,2026-06-29 19:43:08.417501
637,468,HOME,550 Rachel Spur,,North Patrick,OK,08157,US,Y,2025-05-16,,2026-06-29 19:43:08.417501,2026-06-29 19:43:08.417501
638,469,HOME,09810 Pineda Rue,,Campbellfurt,NV,98551,US,Y,2021-11-30,,2026-06-29 19:43:08.417501,2026-06-29 19:43:08.417501
639,470,HOME,457 Calhoun Drives Suite 853,,West Dana,HI,51416,US,Y,2026-06-27,,2026-06-29 19:43:08.417501,2026-06-29 19:43:08.417501
640,471,HOME,0642 Steve Station,,South David,SC,46761,US,Y,2021-09-27,,2026-06-29 19:43:08.417501,2026-06-29 19:43:08.417501
641,471,MAIL,6777 Ford Junction Suite 628,Apt 15,East Jay,ID,75000,US,N,2021-08-28,,2026-06-29 19:43:08.417501,2026-06-29 19:43:08.417501
642,472,HOME,8654 Philip Mountains Apt. 874,,Williamsborough,MA,72812,US,Y,2025-10-30,,2026-06-29 19:43:08.417501,2026-06-29 19:43:08.417501
643,473,HOME,627 Heather Lights Apt. 492,,Andrewsborough,FL,54409,US,Y,2022-05-22,,2026-06-29 19:43:08.417501,2026-06-29 19:43:08.417501
644,474,HOME,275 Erica Turnpike,,North Andrewton,MA,12290,US,Y,2022-05-15,,2026-06-29 19:43:08.417501,2026-06-29 19:43:08.417501
645,474,MAIL,23415 Silva Village Suite 752,Apt 397,Kevinside,GA,20426,US,N,2021-06-20,,2026-06-29 19:43:08.417501,2026-06-29 19:43:08.417501
646,475,HOME,962 Graves Harbors,,North Elizabeth,FL,58815,US,Y,2021-01-26,,2026-06-29 19:43:08.417501,2026-06-29 19:43:08.417501
647,475,MAIL,67672 Brenda Viaduct,Apt 217,Sarahshire,OK,24334,US,N,2023-03-05,,2026-06-29 19:43:08.417501,2026-06-29 19:43:08.417501
648,476,HOME,9551 Jones Dale,,Ericaberg,DE,88175,US,Y,2021-09-03,,2026-06-29 19:43:08.417501,2026-06-29 19:43:08.417501
649,477,HOME,1597 Christy Ramp Suite 254,,New Juan,NC,03573,US,Y,2023-06-06,,2026-06-29 19:43:08.417501,2026-06-29 19:43:08.417501
650,477,MAIL,34476 Williams Summit,Apt 31,Hopkinsmouth,OH,04613,US,N,2021-04-10,,2026-06-29 19:43:08.417501,2026-06-29 19:43:08.417501
651,478,HOME,904 Gonzalez Mountains,,Priceview,UT,49671,US,Y,2022-07-03,,2026-06-29 19:43:08.417501,2026-06-29 19:43:08.417501
652,479,HOME,5254 Tracy Grove Apt. 715,,North Lisaville,IA,10254,US,Y,2021-07-21,,2026-06-29 19:43:08.417501,2026-06-29 19:43:08.417501
653,479,MAIL,93110 Jill Junctions,Apt 260,East Brandimouth,SC,43872,US,N,2025-03-17,,2026-06-29 19:43:08.417501,2026-06-29 19:43:08.417501
654,480,HOME,102 Samantha Common,,North Jennifer,CO,01004,US,Y,2023-02-02,,2026-06-29 19:43:08.417501,2026-06-29 19:43:08.417501
655,480,MAIL,01658 Thomas Flat,Apt 25,Jacobsburgh,NJ,38258,US,N,2024-11-17,,2026-06-29 19:43:08.417501,2026-06-29 19:43:08.417501
656,481,HOME,2801 Terri Greens,,New Barbara,ID,92247,US,Y,2021-03-26,,2026-06-29 19:43:08.417501,2026-06-29 19:43:08.417501
657,482,HOME,25326 Guzman Parkways,,Jefferyview,GU,45689,US,Y,2024-11-26,,2026-06-29 19:43:08.417501,2026-06-29 19:43:08.417501
658,483,HOME,442 Bryan Park,,Raventon,RI,99545,US,Y,2025-05-25,,2026-06-29 19:43:08.417501,2026-06-29 19:43:08.417501
659,484,HOME,701 Chapman Lake,,New Josemouth,NV,47439,US,Y,2024-12-10,,2026-06-29 19:43:08.417501,2026-06-29 19:43:08.417501
660,485,HOME,7475 Jeremy Extension Apt. 567,,Nguyenfurt,NH,61369,US,Y,2023-03-16,,2026-06-29 19:43:08.417501,2026-06-29 19:43:08.417501
661,485,MAIL,660 Kristina Light,Apt 174,South Michael,NE,87240,US,N,2025-12-03,,2026-06-29 19:43:08.417501,2026-06-29 19:43:08.417501
662,486,HOME,231 Peter Drive,,Matthewtown,NM,51911,US,Y,2021-06-10,,2026-06-29 19:43:08.417501,2026-06-29 19:43:08.417501
663,487,HOME,37976 Valentine Estate Suite 051,,West Janiceport,FL,31322,US,Y,2023-08-09,,2026-06-29 19:43:08.417501,2026-06-29 19:43:08.417501
664,488,HOME,67042 Mccoy Spur Suite 919,,New Julian,VA,49437,US,Y,2025-05-02,,2026-06-29 19:43:08.417501,2026-06-29 19:43:08.417501
665,489,HOME,9710 Wood Gateway,,West Haley,PW,41465,US,Y,2024-04-17,,2026-06-29 19:43:08.417501,2026-06-29 19:43:08.417501
666,490,HOME,8595 Rachel Islands Apt. 993,,South Anna,FM,03043,US,Y,2022-05-16,,2026-06-29 19:43:08.417501,2026-06-29 19:43:08.417501
667,491,HOME,2951 Ford Stream,,Carlfurt,WI,25821,US,Y,2025-03-28,,2026-06-29 19:43:08.417501,2026-06-29 19:43:08.417501
668,492,HOME,250 Wright Roads Apt. 559,,Hoffmanview,MD,64031,US,Y,2026-05-27,,2026-06-29 19:43:08.417501,2026-06-29 19:43:08.417501
669,493,HOME,399 Kenneth Circle,,New Lauren,LA,33036,US,Y,2025-03-27,,2026-06-29 19:43:08.417501,2026-06-29 19:43:08.417501
670,494,HOME,044 Douglas Burg Apt. 615,,Parsonsberg,NV,82537,US,Y,2022-10-13,,2026-06-29 19:43:08.417501,2026-06-29 19:43:08.417501
671,494,MAIL,751 Bryant Flat,Apt 146,Mitchellshire,DC,42811,US,N,2026-03-24,,2026-06-29 19:43:08.417501,2026-06-29 19:43:08.417501
672,495,HOME,58752 Decker Lane,,Lake Ryanmouth,MO,23831,US,Y,2022-06-13,,2026-06-29 19:43:08.417501,2026-06-29 19:43:08.417501
673,496,HOME,459 Nicole Centers,,South Caleb,CA,18839,US,Y,2021-05-26,,2026-06-29 19:43:08.417501,2026-06-29 19:43:08.417501
674,497,HOME,315 Morgan Loop,,Karenfort,MO,71949,US,Y,2020-11-11,,2026-06-29 19:43:08.417501,2026-06-29 19:43:08.417501
675,498,HOME,628 Lisa Mission Apt. 143,,North Deanna,OH,03676,US,Y,2020-10-21,,2026-06-29 19:43:08.417501,2026-06-29 19:43:08.417501
676,498,MAIL,0033 Stephanie Dam,Apt 194,Marcusfurt,AK,67380,US,N,2025-01-31,,2026-06-29 19:43:08.417501,2026-06-29 19:43:08.417501
677,499,HOME,68103 Jason Prairie Suite 051,,Williamburgh,MO,28390,US,Y,2021-05-27,,2026-06-29 19:43:08.417501,2026-06-29 19:43:08.417501
678,500,HOME,944 Dixon Estate,,Port Cathy,MA,26161,US,Y,2022-06-14,,2026-06-29 19:43:08.417501,2026-06-29 19:43:08.417501
679,500,MAIL,1470 Morrison Run Suite 321,Apt 168,South Lindaborough,ID,75239,US,N,2024-11-26,,2026-06-29 19:43:08.417501,2026-06-29 19:43:08.417501
