customer_id,first_name,last_name,date_of_birth,ssn_hash,email,phone_primary,customer_since,customer_status,segment_code,branch_id,created_ts,updated_ts
1,Danielle,Dean,2002-04-24,sha256_000000,user0@example.com,555-826-7629,2023-12-06,I,DIGITAL,411,2026-04-10 11:28:08.022566,2026-04-10 11:28:08.022571
2,Angel,Johnson,1956-06-19,sha256_000001,user1@example.com,555-601-8976,2013-03-20,A,PREMIER,368,2026-04-10 11:28:08.022566,2026-04-10 11:28:08.022571
3,Joshua,Long,1964-06-17,sha256_000002,user2@example.com,555-215-9288,2007-01-12,A,DIGITAL,471,2026-04-10 11:28:08.022566,2026-04-10 11:28:08.022571
4,Jeffrey,Elliott,1978-11-26,sha256_000003,user3@example.com,555-864-5532,2008-12-04,A,PREMIER,484,2026-04-10 11:28:08.022566,2026-04-10 11:28:08.022571
5,Jill,Johnson,1979-04-18,sha256_000004,user4@example.com,555-759-5681,2020-09-26,A,PREMIER,381,2026-04-10 11:28:08.022566,2026-04-10 11:28:08.022571
6,Erica,Day,1950-10-19,sha256_000005,user5@example.com,555-341-8198,2017-02-27,A,PREMIER,248,2026-04-10 11:28:08.022566,2026-04-10 11:28:08.022571
7,Patricia,Taylor,2002-07-14,sha256_000006,user6@example.com,555-321-3829,2015-08-16,A,STANDARD,339,2026-04-10 11:28:08.022566,2026-04-10 11:28:08.022571
8,Christopher,Murray,1961-08-05,sha256_000007,user7@example.com,555-566-8535,2021-04-05,A,DIGITAL,270,2026-04-10 11:28:08.022566,2026-04-10 11:28:08.022571
9,Robert,Williams,1994-10-19,sha256_000008,user8@example.com,555-445-5446,2020-11-04,A,STANDARD,351,2026-04-10 11:28:08.022566,2026-04-10 11:28:08.022571
10,Anthony,Gray,2001-12-24,sha256_000009,user9@example.com,555-137-2042,2021-06-25,A,PREMIER,424,2026-04-10 11:28:08.022566,2026-04-10 11:28:08.022571
11,Jeffery,Lewis,1973-01-13,sha256_000010,user10@example.com,555-150-1648,2006-05-25,A,PREMIER,247,2026-04-10 11:28:08.022566,2026-04-10 11:28:08.022571
12,William,Murphy,1942-12-19,sha256_000011,user11@example.com,555-880-8577,2011-05-06,A,BASIC,302,2026-04-10 11:28:08.022566,2026-04-10 11:28:08.022571
13,Anthony,Juarez,1959-01-10,sha256_000012,user12@example.com,555-838-1500,2009-06-15,A,BASIC,118,2026-04-10 11:28:08.022566,2026-04-10 11:28:08.022571
14,James,Gray,1957-04-29,sha256_000013,user13@example.com,555-169-3525,2009-12-09,I,DIGITAL,394,2026-04-10 11:28:08.022566,2026-04-10 11:28:08.022571
15,Debra,Walton,1960-04-01,sha256_000014,user14@example.com,555-608-4006,2007-02-07,A,PREMIER,295,2026-04-10 11:28:08.022566,2026-04-10 11:28:08.022571
16,Amy,Decker,1955-08-28,sha256_000015,user15@example.com,555-538-2556,2024-02-05,A,BASIC,283,2026-04-10 11:28:08.022566,2026-04-10 11:28:08.022571
17,Jeffrey,King,1973-12-04,sha256_000016,user16@example.com,555-756-3824,2008-08-23,A,DIGITAL,312,2026-04-10 11:28:08.022566,2026-04-10 11:28:08.022571
18,Bridget,Miller,1999-09-16,sha256_000017,user17@example.com,555-159-7683,2024-11-13,A,STANDARD,186,2026-04-10 11:28:08.022566,2026-04-10 11:28:08.022571
19,Lisa,Smith,1952-01-23,sha256_000018,user18@example.com,555-911-1132,2016-09-23,A,PREMIER,339,2026-04-10 11:28:08.022566,2026-04-10 11:28:08.022571
20,Adam,Ryan,1978-02-17,sha256_000019,user19@example.com,555-492-8443,2014-05-12,A,BASIC,398,2026-04-10 11:28:08.022566,2026-04-10 11:28:08.022571
21,Linda,Cooke,1974-10-14,sha256_000020,user20@example.com,555-734-8708,2019-01-26,A,STANDARD,239,2026-04-10 11:28:08.022566,2026-04-10 11:28:08.022571
22,Helen,Bell,1983-06-18,sha256_000021,user21@example.com,555-473-4349,2023-04-14,A,PREMIER,152,2026-04-10 11:28:08.022566,2026-04-10 11:28:08.022571
23,Matthew,Santos,1996-01-24,sha256_000022,user22@example.com,555-737-2382,2022-05-13,A,PREFERRED,254,2026-04-10 11:28:08.022566,2026-04-10 11:28:08.022571
24,Eric,Harrington,1946-03-27,sha256_000023,user23@example.com,555-315-6406,2009-10-11,A,STANDARD,179,2026-04-10 11:28:08.022566,2026-04-10 11:28:08.022571
25,Susan,Pearson,1955-12-16,sha256_000024,user24@example.com,555-700-2076,2019-11-06,A,PREMIER,249,2026-04-10 11:28:08.022566,2026-04-10 11:28:08.022571
26,Matthew,Webster,1965-03-06,sha256_000025,user25@example.com,555-556-4283,2020-01-06,A,PREFERRED,350,2026-04-10 11:28:08.022566,2026-04-10 11:28:08.022571
27,Christopher,Herring,1981-05-05,sha256_000026,user26@example.com,555-551-9624,2007-10-25,A,STANDARD,145,2026-04-10 11:28:08.022566,2026-04-10 11:28:08.022571
28,Colin,Gonzalez,1953-03-14,sha256_000027,user27@example.com,555-168-9958,2023-05-01,C,BASIC,398,2026-04-10 11:28:08.022566,2026-04-10 11:28:08.022571
29,Melanie,Smith,1971-10-08,sha256_000028,user28@example.com,555-504-7948,2007-12-23,A,PREMIER,189,2026-04-10 11:28:08.022566,2026-04-10 11:28:08.022571
30,Cassandra,Hernandez,1978-08-07,sha256_000029,user29@example.com,555-481-3798,2007-11-11,A,STANDARD,457,2026-04-10 11:28:08.022566,2026-04-10 11:28:08.022571
31,Lindsay,Martinez,1978-02-16,sha256_000030,user30@example.com,555-792-7188,2014-04-12,A,BASIC,392,2026-04-10 11:28:08.022566,2026-04-10 11:28:08.022571
32,Jessica,Caldwell,1993-01-26,sha256_000031,user31@example.com,555-229-7347,2022-11-24,A,BASIC,209,2026-04-10 11:28:08.022566,2026-04-10 11:28:08.022571
33,Amanda,Elliott,2002-02-12,sha256_000032,user32@example.com,555-777-4490,2023-02-02,A,BASIC,325,2026-04-10 11:28:08.022566,2026-04-10 11:28:08.022571
34,Teresa,Robinson,1971-02-26,sha256_000033,user33@example.com,555-932-6767,2020-07-11,A,PREMIER,144,2026-04-10 11:28:08.022566,2026-04-10 11:28:08.022571
35,Nicholas,Lyons,1948-11-02,sha256_000034,user34@example.com,555-399-1096,2014-09-13,C,BASIC,139,2026-04-10 11:28:08.022566,2026-04-10 11:28:08.022571
36,Andrea,Wang,2004-01-06,sha256_000035,user35@example.com,555-706-2881,2023-02-19,I,BASIC,482,2026-04-10 11:28:08.022566,2026-04-10 11:28:08.022571
37,Maria,Jackson,1950-10-27,sha256_000036,user36@example.com,555-780-5725,2017-02-14,A,PREFERRED,420,2026-04-10 11:28:08.022566,2026-04-10 11:28:08.022571
38,Christine,Lawson,1952-11-15,sha256_000037,user37@example.com,555-519-2473,2023-11-23,A,STANDARD,161,2026-04-10 11:28:08.022566,2026-04-10 11:28:08.022571
39,Michelle,Adkins,1989-10-03,sha256_000038,user38@example.com,555-739-2492,2015-06-10,C,STANDARD,213,2026-04-10 11:28:08.022566,2026-04-10 11:28:08.022571
40,Barbara,Wilson,1965-12-29,sha256_000039,user39@example.com,555-475-8525,2025-10-09,A,STANDARD,179,2026-04-10 11:28:08.022566,2026-04-10 11:28:08.022571
41,Janet,Weiss,1997-03-23,sha256_000040,user40@example.com,555-927-9901,2012-01-30,A,PREFERRED,258,2026-04-10 11:28:08.022566,2026-04-10 11:28:08.022571
42,Brandon,Oconnell,1957-07-12,sha256_000041,user41@example.com,555-961-6003,2025-02-02,I,BASIC,216,2026-04-10 11:28:08.022566,2026-04-10 11:28:08.022571
43,Jeremy,Rodriguez,1961-05-20,sha256_000042,user42@example.com,555-280-8550,2022-04-25,A,BASIC,231,2026-04-10 11:28:08.022566,2026-04-10 11:28:08.022571
44,Keith,Johnson,1984-07-20,sha256_000043,user43@example.com,555-820-9911,2022-09-19,A,PREFERRED,311,2026-04-10 11:28:08.022566,2026-04-10 11:28:08.022571
45,Christopher,Collins,2003-09-28,sha256_000044,user44@example.com,555-685-2274,2009-08-26,A,BASIC,175,2026-04-10 11:28:08.022566,2026-04-10 11:28:08.022571
46,Jesse,Byrd,1943-04-18,sha256_000045,user45@example.com,555-552-5033,2025-02-16,C,PREFERRED,453,2026-04-10 11:28:08.022566,2026-04-10 11:28:08.022571
47,Craig,Rubio,1978-06-12,sha256_000046,user46@example.com,555-857-4532,2017-08-25,A,DIGITAL,391,2026-04-10 11:28:08.022566,2026-04-10 11:28:08.022571
48,Joshua,Sanders,1948-06-27,sha256_000047,user47@example.com,555-395-1720,2014-06-05,A,STANDARD,404,2026-04-10 11:28:08.022566,2026-04-10 11:28:08.022571
49,Cynthia,Espinoza,1962-11-24,sha256_000048,user48@example.com,555-851-7797,2015-12-03,A,STANDARD,167,2026-04-10 11:28:08.022566,2026-04-10 11:28:08.022571
50,Michael,Jones,1956-03-03,sha256_000049,user49@example.com,555-137-4903,2012-08-23,A,PREMIER,383,2026-04-10 11:28:08.022566,2026-04-10 11:28:08.022571
51,Mitchell,Vaughn,1957-05-29,sha256_000050,user50@example.com,555-531-5223,2010-03-17,A,DIGITAL,434,2026-04-10 11:28:08.022566,2026-04-10 11:28:08.022571
52,Jason,Burton,1995-04-04,sha256_000051,user51@example.com,555-926-2355,2018-05-11,A,PREFERRED,170,2026-04-10 11:28:08.022566,2026-04-10 11:28:08.022571
53,Joseph,Garcia,1983-12-03,sha256_000052,user52@example.com,555-375-2628,2009-09-15,A,PREFERRED,400,2026-04-10 11:28:08.022566,2026-04-10 11:28:08.022571
54,Sharon,Barton,1977-01-14,sha256_000053,user53@example.com,555-319-9163,2019-11-12,I,PREMIER,243,2026-04-10 11:28:08.022566,2026-04-10 11:28:08.022571
55,Deborah,Jefferson,1974-12-16,sha256_000054,user54@example.com,555-945-1401,2006-08-07,A,BASIC,415,2026-04-10 11:28:08.022566,2026-04-10 11:28:08.022571
56,Chelsea,Burke,2005-05-09,sha256_000055,user55@example.com,555-668-3095,2016-02-25,A,PREMIER,291,2026-04-10 11:28:08.022566,2026-04-10 11:28:08.022571
57,George,Martinez,1971-09-10,sha256_000056,user56@example.com,555-273-3628,2011-07-18,A,DIGITAL,420,2026-04-10 11:28:08.022566,2026-04-10 11:28:08.022571
58,Jessica,Riggs,1997-12-15,sha256_000057,user57@example.com,555-274-5411,2008-10-10,A,BASIC,158,2026-04-10 11:28:08.022566,2026-04-10 11:28:08.022571
59,Frank,Patton,1958-07-07,sha256_000058,user58@example.com,555-995-6277,2010-06-01,A,PREMIER,255,2026-04-10 11:28:08.022566,2026-04-10 11:28:08.022571
60,Noah,Reed,1962-07-22,sha256_000059,user59@example.com,555-750-5439,2009-04-02,A,STANDARD,209,2026-04-10 11:28:08.022566,2026-04-10 11:28:08.022571
61,Veronica,Patterson,1946-07-09,sha256_000060,user60@example.com,555-112-1756,2015-07-07,I,STANDARD,199,2026-04-10 11:28:08.022566,2026-04-10 11:28:08.022571
62,Danielle,Wood,1958-06-03,sha256_000061,user61@example.com,555-341-3192,2025-04-29,A,PREFERRED,223,2026-04-10 11:28:08.022566,2026-04-10 11:28:08.022571
63,Angela,Hunter,1983-09-27,sha256_000062,user62@example.com,555-855-8591,2016-05-18,A,DIGITAL,252,2026-04-10 11:28:08.022566,2026-04-10 11:28:08.022571
64,Gabrielle,Peterson,1943-07-05,sha256_000063,user63@example.com,555-867-6737,2022-07-31,A,STANDARD,150,2026-04-10 11:28:08.022566,2026-04-10 11:28:08.022571
65,Megan,Atkinson,1980-10-11,sha256_000064,user64@example.com,555-599-6841,2008-06-30,A,STANDARD,382,2026-04-10 11:28:08.022566,2026-04-10 11:28:08.022571
66,Kimberly,Short,1986-06-21,sha256_000065,user65@example.com,555-465-7031,2021-06-24,A,STANDARD,320,2026-04-10 11:28:08.022566,2026-04-10 11:28:08.022571
67,Jeremy,Garcia,1947-08-29,sha256_000066,user66@example.com,555-814-7865,2021-08-26,A,BASIC,431,2026-04-10 11:28:08.022566,2026-04-10 11:28:08.022571
68,Antonio,Yu,1983-06-26,sha256_000067,user67@example.com,555-651-1522,2021-03-24,I,DIGITAL,382,2026-04-10 11:28:08.022566,2026-04-10 11:28:08.022571
69,Leslie,Reid,2003-03-06,sha256_000068,user68@example.com,555-751-4299,2013-05-27,A,PREFERRED,159,2026-04-10 11:28:08.022566,2026-04-10 11:28:08.022571
70,Joseph,Poole,1976-11-06,sha256_000069,user69@example.com,555-768-5855,2014-10-28,A,BASIC,127,2026-04-10 11:28:08.022566,2026-04-10 11:28:08.022571
71,Jason,Zimmerman,1955-01-05,sha256_000070,user70@example.com,555-892-4045,2007-04-22,A,BASIC,269,2026-04-10 11:28:08.022566,2026-04-10 11:28:08.022571
72,Sherri,Graham,1995-08-08,sha256_000071,user71@example.com,555-937-8599,2017-11-27,A,BASIC,292,2026-04-10 11:28:08.022566,2026-04-10 11:28:08.022571
73,Nancy,Gross,1977-04-16,sha256_000072,user72@example.com,555-397-5342,2020-07-28,A,DIGITAL,196,2026-04-10 11:28:08.022566,2026-04-10 11:28:08.022571
74,Leonard,Sheppard,1999-08-03,sha256_000073,user73@example.com,555-577-7916,2025-03-18,A,PREFERRED,412,2026-04-10 11:28:08.022566,2026-04-10 11:28:08.022571
75,Diana,Nelson,1962-04-29,sha256_000074,user74@example.com,555-719-8667,2026-01-19,A,DIGITAL,332,2026-04-10 11:28:08.022566,2026-04-10 11:28:08.022571
76,Randall,Morton,1976-06-08,sha256_000075,user75@example.com,555-432-5542,2018-10-03,A,PREFERRED,399,2026-04-10 11:28:08.022566,2026-04-10 11:28:08.022571
77,Robin,Medina,1986-03-07,sha256_000076,user76@example.com,555-487-9185,2007-10-07,A,PREFERRED,143,2026-04-10 11:28:08.022566,2026-04-10 11:28:08.022571
78,Stephen,Webb,1993-02-03,sha256_000077,user77@example.com,555-374-6283,2015-10-08,A,STANDARD,426,2026-04-10 11:28:08.022566,2026-04-10 11:28:08.022571
79,Joseph,Graham,1970-06-29,sha256_000078,user78@example.com,555-208-8651,2008-05-28,A,BASIC,182,2026-04-10 11:28:08.022566,2026-04-10 11:28:08.022571
80,John,Simon,1963-06-10,sha256_000079,user79@example.com,555-445-4064,2024-03-02,A,STANDARD,279,2026-04-10 11:28:08.022566,2026-04-10 11:28:08.022571
81,Anna,Adams,1945-04-30,sha256_000080,user80@example.com,555-624-5488,2024-05-02,I,PREFERRED,275,2026-04-10 11:28:08.022566,2026-04-10 11:28:08.022571
82,Jose,Christian,1979-01-07,sha256_000081,user81@example.com,555-862-5782,2009-08-08,A,STANDARD,428,2026-04-10 11:28:08.022566,2026-04-10 11:28:08.022571
83,Brenda,Rivas,1997-07-12,sha256_000082,user82@example.com,555-564-1944,2024-01-25,A,PREFERRED,210,2026-04-10 11:28:08.022566,2026-04-10 11:28:08.022571
84,Rachael,Miller,1952-07-14,sha256_000083,user83@example.com,555-119-4586,2025-02-27,A,DIGITAL,196,2026-04-10 11:28:08.022566,2026-04-10 11:28:08.022571
85,Reginald,Keith,1966-02-14,sha256_000084,user84@example.com,555-997-9255,2018-02-24,A,PREFERRED,235,2026-04-10 11:28:08.022566,2026-04-10 11:28:08.022571
86,Jeffrey,Sanchez,1961-05-27,sha256_000085,user85@example.com,555-665-6676,2007-10-14,A,STANDARD,244,2026-04-10 11:28:08.022566,2026-04-10 11:28:08.022571
87,Whitney,Marshall,2001-10-11,sha256_000086,user86@example.com,555-451-2597,2012-06-21,A,PREFERRED,172,2026-04-10 11:28:08.022566,2026-04-10 11:28:08.022571
88,William,Bishop,1987-05-17,sha256_000087,user87@example.com,555-107-4049,2024-03-21,A,PREFERRED,170,2026-04-10 11:28:08.022566,2026-04-10 11:28:08.022571
89,Christopher,Gray,1956-11-16,sha256_000088,user88@example.com,555-384-2724,2009-07-13,A,BASIC,192,2026-04-10 11:28:08.022566,2026-04-10 11:28:08.022571
90,Brandon,Johnson,1952-07-25,sha256_000089,user89@example.com,555-332-1223,2009-05-27,A,PREFERRED,286,2026-04-10 11:28:08.022566,2026-04-10 11:28:08.022571
91,Daniel,Rosales,1979-02-23,sha256_000090,user90@example.com,555-646-9346,2010-04-03,I,PREMIER,237,2026-04-10 11:28:08.022566,2026-04-10 11:28:08.022571
92,Courtney,White,1954-05-28,sha256_000091,user91@example.com,555-721-5033,2008-03-23,A,PREFERRED,256,2026-04-10 11:28:08.022566,2026-04-10 11:28:08.022571
93,Laura,Lewis,1951-12-07,sha256_000092,user92@example.com,555-477-3767,2021-06-02,I,STANDARD,387,2026-04-10 11:28:08.022566,2026-04-10 11:28:08.022571
94,Robert,Salinas,1982-05-06,sha256_000093,user93@example.com,555-228-6385,2006-09-11,A,PREMIER,196,2026-04-10 11:28:08.022566,2026-04-10 11:28:08.022571
95,Bryan,Peterson,1948-02-27,sha256_000094,user94@example.com,555-609-1065,2019-10-23,A,PREFERRED,463,2026-04-10 11:28:08.022566,2026-04-10 11:28:08.022571
96,Patrick,Beard,1988-12-24,sha256_000095,user95@example.com,555-473-3501,2010-03-25,A,PREMIER,400,2026-04-10 11:28:08.022566,2026-04-10 11:28:08.022571
97,Wendy,Haynes,1992-03-31,sha256_000096,user96@example.com,555-253-7326,2014-08-30,I,STANDARD,169,2026-04-10 11:28:08.022566,2026-04-10 11:28:08.022571
98,Allison,Hill,1962-08-04,sha256_000097,user97@example.com,555-572-6703,2010-09-05,I,DIGITAL,225,2026-04-10 11:28:08.022566,2026-04-10 11:28:08.022571
99,Tasha,Smith,1965-08-26,sha256_000098,user98@example.com,555-741-9835,2013-09-11,A,BASIC,173,2026-04-10 11:28:08.022566,2026-04-10 11:28:08.022571
100,Michelle,Vaughan,1998-12-06,sha256_000099,user99@example.com,555-821-6582,2013-05-28,A,PREFERRED,209,2026-04-10 11:28:08.022566,2026-04-10 11:28:08.022571
101,Alexander,Miller,1952-07-13,sha256_000100,user100@example.com,555-890-5297,2013-12-04,I,BASIC,246,2026-04-10 11:28:08.022566,2026-04-10 11:28:08.022571
102,Jennifer,Cortez,1994-11-26,sha256_000101,user101@example.com,555-985-7852,2010-09-08,A,PREFERRED,152,2026-04-10 11:28:08.022566,2026-04-10 11:28:08.022571
103,Erin,Freeman,1954-05-25,sha256_000102,user102@example.com,555-685-9129,2011-06-26,A,DIGITAL,105,2026-04-10 11:28:08.022566,2026-04-10 11:28:08.022571
104,Amanda,Chang,2007-10-17,sha256_000103,user103@example.com,555-563-7485,2023-07-07,A,STANDARD,275,2026-04-10 11:28:08.022566,2026-04-10 11:28:08.022571
105,Joseph,Vaughn,1954-12-08,sha256_000104,user104@example.com,555-355-9667,2009-10-01,I,DIGITAL,380,2026-04-10 11:28:08.022566,2026-04-10 11:28:08.022571
106,Danielle,Brewer,1955-08-07,sha256_000105,user105@example.com,555-660-8037,2015-07-10,A,DIGITAL,221,2026-04-10 11:28:08.022566,2026-04-10 11:28:08.022571
107,Daniel,Henry,1956-01-15,sha256_000106,user106@example.com,555-514-8800,2019-10-06,A,STANDARD,444,2026-04-10 11:28:08.022566,2026-04-10 11:28:08.022571
108,Ryan,Mcguire,1963-10-10,sha256_000107,user107@example.com,555-166-2026,2015-12-16,A,PREFERRED,247,2026-04-10 11:28:08.022566,2026-04-10 11:28:08.022571
109,Shawn,Davis,1976-09-17,sha256_000108,user108@example.com,555-555-7590,2006-12-12,A,STANDARD,460,2026-04-10 11:28:08.022566,2026-04-10 11:28:08.022571
110,Stephanie,Walker,1961-01-27,sha256_000109,user109@example.com,555-827-4960,2009-02-14,A,BASIC,194,2026-04-10 11:28:08.022566,2026-04-10 11:28:08.022571
111,Nancy,Holt,1989-09-24,sha256_000110,user110@example.com,555-684-5977,2009-08-07,A,BASIC,315,2026-04-10 11:28:08.022566,2026-04-10 11:28:08.022571
112,Jose,Torres,1956-01-06,sha256_000111,user111@example.com,555-964-6886,2016-12-24,A,BASIC,405,2026-04-10 11:28:08.022566,2026-04-10 11:28:08.022571
113,Vincent,Perkins,1971-01-31,sha256_000112,user112@example.com,555-474-9727,2010-08-02,I,PREMIER,123,2026-04-10 11:28:08.022566,2026-04-10 11:28:08.022571
114,Guy,Kennedy,1977-07-24,sha256_000113,user113@example.com,555-196-9860,2018-07-12,I,STANDARD,472,2026-04-10 11:28:08.022566,2026-04-10 11:28:08.022571
115,Rita,Schmidt,1974-06-08,sha256_000114,user114@example.com,555-238-3593,2012-07-14,A,PREMIER,245,2026-04-10 11:28:08.022566,2026-04-10 11:28:08.022571
116,Monica,Coleman,1970-03-17,sha256_000115,user115@example.com,555-838-7603,2013-06-18,A,DIGITAL,299,2026-04-10 11:28:08.022566,2026-04-10 11:28:08.022571
117,Kenneth,Reese,2005-10-16,sha256_000116,user116@example.com,555-972-7749,2021-03-21,C,BASIC,351,2026-04-10 11:28:08.022566,2026-04-10 11:28:08.022571
118,Danielle,Rivera,1998-12-05,sha256_000117,user117@example.com,555-672-4118,2020-11-20,A,PREMIER,357,2026-04-10 11:28:08.022566,2026-04-10 11:28:08.022571
119,Chelsea,Warner,1991-11-07,sha256_000118,user118@example.com,555-104-2114,2024-12-22,A,DIGITAL,109,2026-04-10 11:28:08.022566,2026-04-10 11:28:08.022571
120,Eric,Nelson,2000-08-14,sha256_000119,user119@example.com,555-367-1368,2023-05-30,A,BASIC,446,2026-04-10 11:28:08.022566,2026-04-10 11:28:08.022571
121,Kathryn,King,1978-11-08,sha256_000120,user120@example.com,555-556-7995,2017-07-24,A,BASIC,349,2026-04-10 11:28:08.022566,2026-04-10 11:28:08.022571
122,Amber,Martinez,1963-07-15,sha256_000121,user121@example.com,555-965-5406,2016-09-05,C,PREFERRED,499,2026-04-10 11:28:08.022566,2026-04-10 11:28:08.022571
123,Kimberly,Lee,1964-06-20,sha256_000122,user122@example.com,555-886-9868,2022-11-27,A,PREMIER,288,2026-04-10 11:28:08.022566,2026-04-10 11:28:08.022571
124,Alyssa,Wilson,1976-09-29,sha256_000123,user123@example.com,555-872-5184,2017-11-23,A,BASIC,345,2026-04-10 11:28:08.022566,2026-04-10 11:28:08.022571
125,Aaron,Herrera,1951-01-14,sha256_000124,user124@example.com,555-392-9800,2014-03-02,A,BASIC,276,2026-04-10 11:28:08.022566,2026-04-10 11:28:08.022571
126,Mario,Gill,1970-06-11,sha256_000125,user125@example.com,555-317-4703,2021-07-25,A,STANDARD,455,2026-04-10 11:28:08.022566,2026-04-10 11:28:08.022571
127,Andrew,Lopez,2002-12-26,sha256_000126,user126@example.com,555-166-8142,2019-06-18,A,BASIC,432,2026-04-10 11:28:08.022566,2026-04-10 11:28:08.022571
128,Sarah,Robinson,1957-01-24,sha256_000127,user127@example.com,555-684-1763,2018-11-17,A,PREMIER,463,2026-04-10 11:28:08.022566,2026-04-10 11:28:08.022571
129,Natasha,Washington,1969-10-25,sha256_000128,user128@example.com,555-299-5998,2016-02-21,A,DIGITAL,301,2026-04-10 11:28:08.022566,2026-04-10 11:28:08.022571
130,Marie,Hardy,1965-10-15,sha256_000129,user129@example.com,555-585-8217,2018-11-25,A,PREMIER,416,2026-04-10 11:28:08.022566,2026-04-10 11:28:08.022571
131,Kyle,Bray,1970-06-07,sha256_000130,user130@example.com,555-339-9321,2011-07-11,A,BASIC,243,2026-04-10 11:28:08.022566,2026-04-10 11:28:08.022571
132,Brian,Warren,1971-03-23,sha256_000131,user131@example.com,555-499-8402,2019-09-04,C,DIGITAL,284,2026-04-10 11:28:08.022566,2026-04-10 11:28:08.022571
133,Natalie,Campbell,2002-03-23,sha256_000132,user132@example.com,555-314-1332,2017-07-22,A,BASIC,404,2026-04-10 11:28:08.022566,2026-04-10 11:28:08.022571
134,Stacey,Garcia,1970-11-05,sha256_000133,user133@example.com,555-149-4353,2018-08-22,A,STANDARD,132,2026-04-10 11:28:08.022566,2026-04-10 11:28:08.022571
135,Christopher,Lee,1955-01-24,sha256_000134,user134@example.com,555-956-1438,2022-07-21,A,PREMIER,384,2026-04-10 11:28:08.022566,2026-04-10 11:28:08.022571
136,Todd,Perez,1987-12-08,sha256_000135,user135@example.com,555-431-1983,2012-07-17,A,PREMIER,106,2026-04-10 11:28:08.022566,2026-04-10 11:28:08.022571
137,Chad,White,1967-12-04,sha256_000136,user136@example.com,555-937-7077,2021-07-04,A,PREFERRED,332,2026-04-10 11:28:08.022566,2026-04-10 11:28:08.022571
138,Kathleen,Smith,2006-03-23,sha256_000137,user137@example.com,555-785-7418,2020-04-13,A,DIGITAL,290,2026-04-10 11:28:08.022566,2026-04-10 11:28:08.022571
139,Katie,Ferguson,1985-01-07,sha256_000138,user138@example.com,555-690-7962,2010-05-31,A,PREMIER,287,2026-04-10 11:28:08.022566,2026-04-10 11:28:08.022571
140,David,Hill,1979-01-18,sha256_000139,user139@example.com,555-107-8788,2007-04-22,A,BASIC,297,2026-04-10 11:28:08.022566,2026-04-10 11:28:08.022571
141,Thomas,Mccann,1942-06-28,sha256_000140,user140@example.com,555-765-7654,2012-11-02,A,PREFERRED,296,2026-04-10 11:28:08.022566,2026-04-10 11:28:08.022571
142,Andrea,Tran,1993-12-02,sha256_000141,user141@example.com,555-453-8207,2007-12-15,I,STANDARD,262,2026-04-10 11:28:08.022566,2026-04-10 11:28:08.022571
143,Joseph,Terry,1989-10-09,sha256_000142,user142@example.com,555-443-1440,2009-03-11,C,PREFERRED,280,2026-04-10 11:28:08.022566,2026-04-10 11:28:08.022571
144,Monique,Martinez,1980-12-07,sha256_000143,user143@example.com,555-916-3110,2016-08-14,A,STANDARD,327,2026-04-10 11:28:08.022566,2026-04-10 11:28:08.022571
145,Rodney,Oneill,1941-10-28,sha256_000144,user144@example.com,555-191-6596,2010-11-10,A,STANDARD,405,2026-04-10 11:28:08.022566,2026-04-10 11:28:08.022571
146,Jason,Henry,1951-02-24,sha256_000145,user145@example.com,555-310-8722,2019-08-28,A,PREMIER,320,2026-04-10 11:28:08.022566,2026-04-10 11:28:08.022571
147,Amber,Salas,2005-12-18,sha256_000146,user146@example.com,555-498-1040,2017-01-10,A,STANDARD,357,2026-04-10 11:28:08.022566,2026-04-10 11:28:08.022571
148,Jessica,Andrews,1992-08-16,sha256_000147,user147@example.com,555-955-5631,2015-07-15,I,DIGITAL,434,2026-04-10 11:28:08.022566,2026-04-10 11:28:08.022571
149,James,Harrison,1953-04-09,sha256_000148,user148@example.com,555-336-7094,2007-01-28,I,BASIC,495,2026-04-10 11:28:08.022566,2026-04-10 11:28:08.022571
150,Larry,Alexander,2004-05-20,sha256_000149,user149@example.com,555-577-1266,2009-04-20,I,PREFERRED,143,2026-04-10 11:28:08.022566,2026-04-10 11:28:08.022571
151,Wanda,Lopez,1950-12-30,sha256_000150,user150@example.com,555-782-4611,2016-06-15,A,BASIC,385,2026-04-10 11:28:08.022566,2026-04-10 11:28:08.022571
152,Debra,Williams,1989-06-12,sha256_000151,user151@example.com,555-729-9059,2013-03-15,A,BASIC,190,2026-04-10 11:28:08.022566,2026-04-10 11:28:08.022571
153,Samuel,Everett,1946-11-05,sha256_000152,user152@example.com,555-648-7043,2022-03-01,I,BASIC,178,2026-04-10 11:28:08.022566,2026-04-10 11:28:08.022571
154,Zachary,Woods,1988-08-18,sha256_000153,user153@example.com,555-328-3138,2010-03-08,A,PREFERRED,417,2026-04-10 11:28:08.022566,2026-04-10 11:28:08.022571
155,David,Short,1979-03-17,sha256_000154,user154@example.com,555-473-8674,2015-03-09,A,BASIC,127,2026-04-10 11:28:08.022566,2026-04-10 11:28:08.022571
156,Jeffrey,Morales,1963-12-20,sha256_000155,user155@example.com,555-571-4131,2015-08-04,A,STANDARD,439,2026-04-10 11:28:08.022566,2026-04-10 11:28:08.022571
157,Matthew,Jones,1999-10-31,sha256_000156,user156@example.com,555-800-8679,2010-12-10,A,PREMIER,408,2026-04-10 11:28:08.022566,2026-04-10 11:28:08.022571
158,Brianna,Soto,1970-12-28,sha256_000157,user157@example.com,555-911-3690,2013-08-05,A,PREFERRED,497,2026-04-10 11:28:08.022566,2026-04-10 11:28:08.022571
159,Jerry,Brown,1974-06-22,sha256_000158,user158@example.com,555-737-6312,2024-10-01,I,DIGITAL,367,2026-04-10 11:28:08.022566,2026-04-10 11:28:08.022571
160,Jeffrey,Hernandez,1955-10-20,sha256_000159,user159@example.com,555-503-4572,2020-06-16,A,PREMIER,449,2026-04-10 11:28:08.022566,2026-04-10 11:28:08.022571
161,Chad,Hart,1941-08-05,sha256_000160,user160@example.com,555-202-3473,2022-09-04,I,STANDARD,147,2026-04-10 11:28:08.022566,2026-04-10 11:28:08.022571
162,Crystal,Torres,1963-10-23,sha256_000161,user161@example.com,555-594-8978,2011-07-26,A,DIGITAL,455,2026-04-10 11:28:08.022566,2026-04-10 11:28:08.022571
163,Jeremy,Mcknight,1980-11-21,sha256_000162,user162@example.com,555-878-2688,2025-06-29,A,PREMIER,164,2026-04-10 11:28:08.022566,2026-04-10 11:28:08.022571
164,Rebecca,Wilson,1981-01-28,sha256_000163,user163@example.com,555-710-1763,2022-03-01,I,STANDARD,225,2026-04-10 11:28:08.022566,2026-04-10 11:28:08.022571
165,Michele,Duran,1980-04-20,sha256_000164,user164@example.com,555-706-4077,2014-04-20,C,PREFERRED,151,2026-04-10 11:28:08.022566,2026-04-10 11:28:08.022571
166,Chad,Obrien,1953-10-14,sha256_000165,user165@example.com,555-504-7458,2012-05-12,I,STANDARD,260,2026-04-10 11:28:08.022566,2026-04-10 11:28:08.022571
167,John,Gibbs,1986-10-12,sha256_000166,user166@example.com,555-481-8266,2016-03-04,A,PREFERRED,399,2026-04-10 11:28:08.022566,2026-04-10 11:28:08.022571
168,Elizabeth,Perez,1997-02-08,sha256_000167,user167@example.com,555-579-9987,2009-01-22,I,BASIC,207,2026-04-10 11:28:08.022566,2026-04-10 11:28:08.022571
169,Jason,Mills,1985-11-26,sha256_000168,user168@example.com,555-673-3666,2007-11-26,I,PREMIER,428,2026-04-10 11:28:08.022566,2026-04-10 11:28:08.022571
170,David,Hayes,2006-10-07,sha256_000169,user169@example.com,555-796-4671,2023-07-25,C,BASIC,342,2026-04-10 11:28:08.022566,2026-04-10 11:28:08.022571
171,Selena,Ramos,2001-03-07,sha256_000170,user170@example.com,555-580-2231,2007-03-27,A,DIGITAL,351,2026-04-10 11:28:08.022566,2026-04-10 11:28:08.022571
172,Ashley,Dalton,2002-04-04,sha256_000171,user171@example.com,555-207-6173,2013-12-18,A,BASIC,475,2026-04-10 11:28:08.022566,2026-04-10 11:28:08.022571
173,Thomas,Branch,1956-08-17,sha256_000172,user172@example.com,555-267-9977,2013-07-12,C,BASIC,272,2026-04-10 11:28:08.022566,2026-04-10 11:28:08.022571
174,Kristen,Torres,1959-12-03,sha256_000173,user173@example.com,555-869-7307,2024-04-19,A,PREMIER,237,2026-04-10 11:28:08.022566,2026-04-10 11:28:08.022571
175,Lindsey,Oliver,1961-08-20,sha256_000174,user174@example.com,555-760-6356,2013-10-24,A,BASIC,497,2026-04-10 11:28:08.022566,2026-04-10 11:28:08.022571
176,James,Lynch,1977-05-12,sha256_000175,user175@example.com,555-154-4530,2011-10-01,A,STANDARD,322,2026-04-10 11:28:08.022566,2026-04-10 11:28:08.022571
177,Collin,Singh,1960-04-11,sha256_000176,user176@example.com,555-545-9236,2014-08-19,A,BASIC,345,2026-04-10 11:28:08.022566,2026-04-10 11:28:08.022571
178,Ryan,Meza,1997-06-28,sha256_000177,user177@example.com,555-297-5471,2024-07-05,A,BASIC,218,2026-04-10 11:28:08.022566,2026-04-10 11:28:08.022571
179,Rodney,Clark,1947-12-27,sha256_000178,user178@example.com,555-409-2209,2015-10-12,A,STANDARD,186,2026-04-10 11:28:08.022566,2026-04-10 11:28:08.022571
180,Stuart,Clark,1974-09-27,sha256_000179,user179@example.com,555-192-4288,2007-07-25,A,PREFERRED,167,2026-04-10 11:28:08.022566,2026-04-10 11:28:08.022571
181,Jessica,Guerrero,1945-06-24,sha256_000180,user180@example.com,555-174-1604,2011-10-17,A,PREMIER,189,2026-04-10 11:28:08.022566,2026-04-10 11:28:08.022571
182,Emily,Moore,1998-02-02,sha256_000181,user181@example.com,555-415-2817,2023-06-17,A,PREMIER,178,2026-04-10 11:28:08.022566,2026-04-10 11:28:08.022571
183,Tracey,Thompson,1974-12-27,sha256_000182,user182@example.com,555-598-1159,2007-02-01,A,PREFERRED,398,2026-04-10 11:28:08.022566,2026-04-10 11:28:08.022571
184,Corey,Jones,1961-08-31,sha256_000183,user183@example.com,555-371-5079,2007-02-08,A,BASIC,123,2026-04-10 11:28:08.022566,2026-04-10 11:28:08.022571
185,Richard,Smith,1975-02-07,sha256_000184,user184@example.com,555-965-6710,2022-10-27,A,STANDARD,351,2026-04-10 11:28:08.022566,2026-04-10 11:28:08.022571
186,Matthew,Hayes,1978-06-01,sha256_000185,user185@example.com,555-891-4089,2010-04-02,A,STANDARD,479,2026-04-10 11:28:08.022566,2026-04-10 11:28:08.022571
187,Michelle,Wheeler,1997-02-27,sha256_000186,user186@example.com,555-504-4783,2018-02-05,A,PREFERRED,406,2026-04-10 11:28:08.022566,2026-04-10 11:28:08.022571
188,John,Carter,1982-10-11,sha256_000187,user187@example.com,555-897-9631,2014-05-17,A,STANDARD,261,2026-04-10 11:28:08.022566,2026-04-10 11:28:08.022571
189,James,Hall,1992-04-19,sha256_000188,user188@example.com,555-965-7766,2017-05-01,A,DIGITAL,123,2026-04-10 11:28:08.022566,2026-04-10 11:28:08.022571
190,Shane,Mann,1988-02-06,sha256_000189,user189@example.com,555-552-5867,2010-08-13,A,BASIC,433,2026-04-10 11:28:08.022566,2026-04-10 11:28:08.022571
191,Robert,Warner,1962-07-06,sha256_000190,user190@example.com,555-981-3560,2006-05-10,A,DIGITAL,101,2026-04-10 11:28:08.022566,2026-04-10 11:28:08.022571
192,Joshua,Gibson,1966-02-01,sha256_000191,user191@example.com,555-411-9072,2010-05-14,A,DIGITAL,372,2026-04-10 11:28:08.022566,2026-04-10 11:28:08.022571
193,John,Mcdaniel,1967-08-20,sha256_000192,user192@example.com,555-447-3115,2007-08-27,A,BASIC,368,2026-04-10 11:28:08.022566,2026-04-10 11:28:08.022571
194,Sandra,Bradshaw,1984-01-23,sha256_000193,user193@example.com,555-603-3927,2007-05-13,A,STANDARD,176,2026-04-10 11:28:08.022566,2026-04-10 11:28:08.022571
195,Scott,French,1944-01-12,sha256_000194,user194@example.com,555-900-9180,2024-05-25,A,BASIC,395,2026-04-10 11:28:08.022566,2026-04-10 11:28:08.022571
196,Michelle,Weber,2002-06-02,sha256_000195,user195@example.com,555-375-5765,2021-02-23,I,PREFERRED,170,2026-04-10 11:28:08.022566,2026-04-10 11:28:08.022571
197,Andrea,Guerrero,1985-05-07,sha256_000196,user196@example.com,555-984-7680,2011-10-29,A,PREMIER,190,2026-04-10 11:28:08.022566,2026-04-10 11:28:08.022571
198,Brent,Peck,2000-05-21,sha256_000197,user197@example.com,555-293-6316,2014-06-13,I,STANDARD,424,2026-04-10 11:28:08.022566,2026-04-10 11:28:08.022571
199,Yvette,Coleman,1985-08-05,sha256_000198,user198@example.com,555-657-6880,2025-03-12,A,PREMIER,491,2026-04-10 11:28:08.022566,2026-04-10 11:28:08.022571
200,Mary,Stephens,1943-11-19,sha256_000199,user199@example.com,555-122-3694,2024-04-19,A,PREMIER,205,2026-04-10 11:28:08.022566,2026-04-10 11:28:08.022571
201,Tanya,Holland,1983-10-07,sha256_000200,user200@example.com,555-868-3172,2015-10-31,A,BASIC,468,2026-04-10 11:28:08.022566,2026-04-10 11:28:08.022571
202,Sara,Kerr,1947-06-15,sha256_000201,user201@example.com,555-369-3902,2013-12-05,A,DIGITAL,465,2026-04-10 11:28:08.022566,2026-04-10 11:28:08.022571
203,Melinda,Serrano,1975-02-21,sha256_000202,user202@example.com,555-259-2398,2022-11-08,A,PREFERRED,407,2026-04-10 11:28:08.022566,2026-04-10 11:28:08.022571
204,Gabriel,Jones,1961-06-09,sha256_000203,user203@example.com,555-411-8867,2022-10-13,A,BASIC,156,2026-04-10 11:28:08.022566,2026-04-10 11:28:08.022571
205,Todd,Martin,1977-08-29,sha256_000204,user204@example.com,555-101-3548,2023-08-14,A,PREMIER,219,2026-04-10 11:28:08.022566,2026-04-10 11:28:08.022571
206,Jason,Parker,1990-06-27,sha256_000205,user205@example.com,555-154-6052,2014-12-12,A,PREFERRED,371,2026-04-10 11:28:08.022566,2026-04-10 11:28:08.022571
207,Richard,Curry,1957-02-12,sha256_000206,user206@example.com,555-325-8126,2026-01-13,A,DIGITAL,499,2026-04-10 11:28:08.022566,2026-04-10 11:28:08.022571
208,Brian,Carroll,1943-05-25,sha256_000207,user207@example.com,555-625-8053,2014-10-19,I,PREFERRED,425,2026-04-10 11:28:08.022566,2026-04-10 11:28:08.022571
209,Nicholas,Roberts,1990-08-23,sha256_000208,user208@example.com,555-670-4945,2016-09-19,A,DIGITAL,268,2026-04-10 11:28:08.022566,2026-04-10 11:28:08.022571
210,Tricia,Martinez,1956-02-23,sha256_000209,user209@example.com,555-874-5285,2016-12-01,A,BASIC,194,2026-04-10 11:28:08.022566,2026-04-10 11:28:08.022571
211,Joseph,Barker,1990-10-20,sha256_000210,user210@example.com,555-953-9951,2012-09-02,A,PREMIER,484,2026-04-10 11:28:08.022566,2026-04-10 11:28:08.022571
212,Kristen,Lyons,1960-04-15,sha256_000211,user211@example.com,555-629-7070,2015-10-16,A,PREMIER,210,2026-04-10 11:28:08.022566,2026-04-10 11:28:08.022571
213,Spencer,Bender,1955-06-17,sha256_000212,user212@example.com,555-329-8330,2011-09-16,A,BASIC,236,2026-04-10 11:28:08.022566,2026-04-10 11:28:08.022571
214,Rodney,Mason,1978-03-14,sha256_000213,user213@example.com,555-703-9122,2010-12-27,A,STANDARD,485,2026-04-10 11:28:08.022566,2026-04-10 11:28:08.022571
215,Susan,Snyder,1958-12-12,sha256_000214,user214@example.com,555-340-8087,2007-11-17,A,STANDARD,324,2026-04-10 11:28:08.022566,2026-04-10 11:28:08.022571
216,Wendy,Miller,1990-01-22,sha256_000215,user215@example.com,555-522-2666,2010-04-14,A,STANDARD,205,2026-04-10 11:28:08.022566,2026-04-10 11:28:08.022571
217,Angela,Williams,2002-12-24,sha256_000216,user216@example.com,555-253-6058,2015-11-21,A,STANDARD,102,2026-04-10 11:28:08.022566,2026-04-10 11:28:08.022571
218,Jennifer,Reynolds,2001-10-31,sha256_000217,user217@example.com,555-387-1916,2016-05-25,C,DIGITAL,271,2026-04-10 11:28:08.022566,2026-04-10 11:28:08.022571
219,Eric,Morris,1978-05-11,sha256_000218,user218@example.com,555-484-6875,2021-07-02,A,STANDARD,494,2026-04-10 11:28:08.022566,2026-04-10 11:28:08.022571
220,Kenneth,Wright,1947-11-08,sha256_000219,user219@example.com,555-386-9597,2014-04-04,A,PREMIER,273,2026-04-10 11:28:08.022566,2026-04-10 11:28:08.022571
221,Tanya,Davis,1999-09-30,sha256_000220,user220@example.com,555-800-5614,2023-06-04,I,DIGITAL,379,2026-04-10 11:28:08.022566,2026-04-10 11:28:08.022571
222,Beth,Hayden,1977-10-08,sha256_000221,user221@example.com,555-940-4896,2007-08-28,A,DIGITAL,201,2026-04-10 11:28:08.022566,2026-04-10 11:28:08.022571
223,Amy,Huff,1961-02-23,sha256_000222,user222@example.com,555-225-1322,2009-05-16,A,PREMIER,410,2026-04-10 11:28:08.022566,2026-04-10 11:28:08.022571
224,Julie,Johnston,1994-09-27,sha256_000223,user223@example.com,555-943-9637,2023-10-23,A,PREFERRED,410,2026-04-10 11:28:08.022566,2026-04-10 11:28:08.022571
225,Brian,Sampson,1959-12-21,sha256_000224,user224@example.com,555-764-1926,2010-07-20,A,DIGITAL,343,2026-04-10 11:28:08.022566,2026-04-10 11:28:08.022571
226,Breanna,Key,1987-10-20,sha256_000225,user225@example.com,555-363-1369,2023-11-11,A,DIGITAL,408,2026-04-10 11:28:08.022566,2026-04-10 11:28:08.022571
227,Wesley,Chambers,1954-02-22,sha256_000226,user226@example.com,555-146-3214,2011-11-02,I,PREMIER,331,2026-04-10 11:28:08.022566,2026-04-10 11:28:08.022571
228,Melissa,Adams,1969-07-04,sha256_000227,user227@example.com,555-614-1589,2024-06-12,I,PREMIER,251,2026-04-10 11:28:08.022566,2026-04-10 11:28:08.022571
229,Eric,Williams,1971-09-02,sha256_000228,user228@example.com,555-985-5095,2016-06-22,A,STANDARD,395,2026-04-10 11:28:08.022566,2026-04-10 11:28:08.022571
230,Susan,Avila,1996-06-14,sha256_000229,user229@example.com,555-337-5644,2013-02-05,C,STANDARD,434,2026-04-10 11:28:08.022566,2026-04-10 11:28:08.022571
231,Christopher,Ruiz,1977-04-10,sha256_000230,user230@example.com,555-810-3812,2011-09-08,A,BASIC,436,2026-04-10 11:28:08.022566,2026-04-10 11:28:08.022571
232,Jacob,Pearson,1950-12-07,sha256_000231,user231@example.com,555-142-1458,2017-11-10,A,STANDARD,185,2026-04-10 11:28:08.022566,2026-04-10 11:28:08.022571
233,Brooke,Moon,2006-12-24,sha256_000232,user232@example.com,555-865-2004,2007-11-06,I,BASIC,370,2026-04-10 11:28:08.022566,2026-04-10 11:28:08.022571
234,Emma,White,1957-07-02,sha256_000233,user233@example.com,555-671-4460,2010-10-12,A,PREFERRED,101,2026-04-10 11:28:08.022566,2026-04-10 11:28:08.022571
235,Joe,Richards,1975-04-18,sha256_000234,user234@example.com,555-798-1544,2022-01-17,A,STANDARD,328,2026-04-10 11:28:08.022566,2026-04-10 11:28:08.022571
236,David,Walters,1960-02-12,sha256_000235,user235@example.com,555-907-7283,2012-10-31,A,PREMIER,328,2026-04-10 11:28:08.022566,2026-04-10 11:28:08.022571
237,Pamela,Vasquez,1963-11-17,sha256_000236,user236@example.com,555-503-2862,2011-08-27,A,STANDARD,245,2026-04-10 11:28:08.022566,2026-04-10 11:28:08.022571
238,John,Davis,1979-05-11,sha256_000237,user237@example.com,555-978-3718,2019-07-21,A,PREMIER,497,2026-04-10 11:28:08.022566,2026-04-10 11:28:08.022571
239,Brooke,Bailey,1987-08-15,sha256_000238,user238@example.com,555-540-4546,2011-07-02,A,STANDARD,453,2026-04-10 11:28:08.022566,2026-04-10 11:28:08.022571
240,Christine,Cook,1966-04-15,sha256_000239,user239@example.com,555-307-4749,2008-04-23,I,PREFERRED,115,2026-04-10 11:28:08.022566,2026-04-10 11:28:08.022571
241,Robert,Santiago,1998-11-24,sha256_000240,user240@example.com,555-236-1014,2009-12-05,A,PREMIER,183,2026-04-10 11:28:08.022566,2026-04-10 11:28:08.022571
242,Brandy,Hodge,1969-03-06,sha256_000241,user241@example.com,555-360-2008,2011-01-06,A,PREMIER,183,2026-04-10 11:28:08.022566,2026-04-10 11:28:08.022571
243,Alexandra,Rivera,2001-12-12,sha256_000242,user242@example.com,555-472-8764,2013-07-25,A,STANDARD,459,2026-04-10 11:28:08.022566,2026-04-10 11:28:08.022571
244,Sarah,Steele,1964-10-11,sha256_000243,user243@example.com,555-246-1011,2020-10-22,A,BASIC,307,2026-04-10 11:28:08.022566,2026-04-10 11:28:08.022571
245,James,Roberts,1966-03-11,sha256_000244,user244@example.com,555-199-5572,2010-05-13,A,PREMIER,391,2026-04-10 11:28:08.022566,2026-04-10 11:28:08.022571
246,Jennifer,Landry,2002-08-19,sha256_000245,user245@example.com,555-347-5405,2018-12-11,I,STANDARD,423,2026-04-10 11:28:08.022566,2026-04-10 11:28:08.022571
247,John,Cervantes,1957-07-27,sha256_000246,user246@example.com,555-126-3997,2015-08-07,A,PREFERRED,407,2026-04-10 11:28:08.022566,2026-04-10 11:28:08.022571
248,Randy,Pierce,1980-06-12,sha256_000247,user247@example.com,555-468-4881,2019-12-08,A,BASIC,135,2026-04-10 11:28:08.022566,2026-04-10 11:28:08.022571
249,Emily,Gibson,1955-08-08,sha256_000248,user248@example.com,555-595-8024,2019-12-18,A,STANDARD,156,2026-04-10 11:28:08.022566,2026-04-10 11:28:08.022571
250,Kevin,Edwards,2005-07-02,sha256_000249,user249@example.com,555-520-8569,2023-01-21,A,BASIC,258,2026-04-10 11:28:08.022566,2026-04-10 11:28:08.022571
251,Leslie,Morris,1996-04-09,sha256_000250,user250@example.com,555-576-3342,2007-01-22,A,PREFERRED,235,2026-04-10 11:28:08.022566,2026-04-10 11:28:08.022571
252,Karen,Cordova,1975-03-19,sha256_000251,user251@example.com,555-305-3902,2023-04-02,A,PREMIER,398,2026-04-10 11:28:08.022566,2026-04-10 11:28:08.022571
253,Charles,Powell,1995-09-07,sha256_000252,user252@example.com,555-637-3182,2024-06-22,A,STANDARD,162,2026-04-10 11:28:08.022566,2026-04-10 11:28:08.022571
254,Stephen,Robertson,1986-03-15,sha256_000253,user253@example.com,555-921-5318,2007-07-24,A,DIGITAL,248,2026-04-10 11:28:08.022566,2026-04-10 11:28:08.022571
255,Yolanda,Travis,1964-01-22,sha256_000254,user254@example.com,555-876-7148,2015-02-23,A,BASIC,194,2026-04-10 11:28:08.022566,2026-04-10 11:28:08.022571
256,Wendy,Sandoval,1998-08-11,sha256_000255,user255@example.com,555-399-3054,2017-06-23,A,BASIC,175,2026-04-10 11:28:08.022566,2026-04-10 11:28:08.022571
257,Charles,Daniels,1962-11-29,sha256_000256,user256@example.com,555-768-3976,2011-07-07,A,BASIC,169,2026-04-10 11:28:08.022566,2026-04-10 11:28:08.022571
258,Jason,Gutierrez,2001-05-13,sha256_000257,user257@example.com,555-321-9372,2018-07-25,A,DIGITAL,178,2026-04-10 11:28:08.022566,2026-04-10 11:28:08.022571
259,Joseph,Lopez,1996-07-22,sha256_000258,user258@example.com,555-533-1437,2023-08-25,A,PREFERRED,325,2026-04-10 11:28:08.022566,2026-04-10 11:28:08.022571
260,Sarah,Cox,1968-12-10,sha256_000259,user259@example.com,555-544-5146,2011-09-02,C,STANDARD,264,2026-04-10 11:28:08.022566,2026-04-10 11:28:08.022571
261,Nicole,Avila,1955-02-28,sha256_000260,user260@example.com,555-876-7403,2022-09-09,A,PREMIER,274,2026-04-10 11:28:08.022566,2026-04-10 11:28:08.022571
262,Natasha,Garrett,1996-11-12,sha256_000261,user261@example.com,555-272-2353,2015-03-09,C,STANDARD,291,2026-04-10 11:28:08.022566,2026-04-10 11:28:08.022571
263,Mike,Wolf,1988-03-14,sha256_000262,user262@example.com,555-642-1426,2007-04-21,A,PREFERRED,396,2026-04-10 11:28:08.022566,2026-04-10 11:28:08.022571
264,Eric,Harris,1946-05-07,sha256_000263,user263@example.com,555-386-2243,2007-07-24,A,PREMIER,444,2026-04-10 11:28:08.022566,2026-04-10 11:28:08.022571
265,Martha,Dunn,1942-01-09,sha256_000264,user264@example.com,555-118-9268,2019-01-05,A,PREFERRED,310,2026-04-10 11:28:08.022566,2026-04-10 11:28:08.022571
266,Jade,Pennington,1969-05-20,sha256_000265,user265@example.com,555-180-1083,2010-08-30,A,STANDARD,356,2026-04-10 11:28:08.022566,2026-04-10 11:28:08.022571
267,Cheryl,Kim,1978-05-10,sha256_000266,user266@example.com,555-938-2694,2013-12-30,A,PREFERRED,395,2026-04-10 11:28:08.022566,2026-04-10 11:28:08.022571
268,Vanessa,Wolfe,1985-01-23,sha256_000267,user267@example.com,555-834-1281,2016-08-25,A,BASIC,376,2026-04-10 11:28:08.022566,2026-04-10 11:28:08.022571
269,Destiny,Martinez,1967-04-13,sha256_000268,user268@example.com,555-238-1995,2023-05-29,A,STANDARD,153,2026-04-10 11:28:08.022566,2026-04-10 11:28:08.022571
270,Alan,Dudley,1968-09-21,sha256_000269,user269@example.com,555-734-6580,2018-09-13,C,BASIC,493,2026-04-10 11:28:08.022566,2026-04-10 11:28:08.022571
271,Lisa,Lynch,1988-07-20,sha256_000270,user270@example.com,555-527-3174,2013-03-20,A,DIGITAL,165,2026-04-10 11:28:08.022566,2026-04-10 11:28:08.022571
272,Kevin,Allen,2006-10-05,sha256_000271,user271@example.com,555-179-6122,2006-07-22,A,PREMIER,264,2026-04-10 11:28:08.022566,2026-04-10 11:28:08.022571
273,Elizabeth,Moore,1998-02-22,sha256_000272,user272@example.com,555-307-6311,2026-02-04,A,PREFERRED,361,2026-04-10 11:28:08.022566,2026-04-10 11:28:08.022571
274,Sheila,Pierce,1944-02-09,sha256_000273,user273@example.com,555-718-8644,2011-11-27,A,DIGITAL,261,2026-04-10 11:28:08.022566,2026-04-10 11:28:08.022571
275,Dennis,Tran,1980-04-16,sha256_000274,user274@example.com,555-544-1042,2009-05-07,A,STANDARD,197,2026-04-10 11:28:08.022566,2026-04-10 11:28:08.022571
276,Darrell,Davis,1975-12-30,sha256_000275,user275@example.com,555-352-8679,2007-04-05,A,PREFERRED,469,2026-04-10 11:28:08.022566,2026-04-10 11:28:08.022571
277,Daniel,Gay,1977-01-04,sha256_000276,user276@example.com,555-579-6571,2017-10-03,A,STANDARD,128,2026-04-10 11:28:08.022566,2026-04-10 11:28:08.022571
278,Angela,Durham,1955-11-18,sha256_000277,user277@example.com,555-511-2464,2023-11-01,A,BASIC,198,2026-04-10 11:28:08.022566,2026-04-10 11:28:08.022571
279,Joseph,Murray,2003-12-09,sha256_000278,user278@example.com,555-906-7955,2020-10-19,A,PREFERRED,497,2026-04-10 11:28:08.022566,2026-04-10 11:28:08.022571
280,Cassandra,Wilson,2002-09-30,sha256_000279,user279@example.com,555-994-8698,2009-04-06,A,PREMIER,391,2026-04-10 11:28:08.022566,2026-04-10 11:28:08.022571
281,Jennifer,Collier,1989-10-26,sha256_000280,user280@example.com,555-361-3288,2008-09-19,A,PREFERRED,134,2026-04-10 11:28:08.022566,2026-04-10 11:28:08.022571
282,James,Jimenez,1975-09-14,sha256_000281,user281@example.com,555-323-9268,2013-07-06,A,BASIC,401,2026-04-10 11:28:08.022566,2026-04-10 11:28:08.022571
283,Cynthia,Moran,1963-05-09,sha256_000282,user282@example.com,555-600-5089,2023-10-01,A,DIGITAL,487,2026-04-10 11:28:08.022566,2026-04-10 11:28:08.022571
284,Joseph,Hicks,1975-06-07,sha256_000283,user283@example.com,555-970-6430,2023-10-07,A,BASIC,139,2026-04-10 11:28:08.022566,2026-04-10 11:28:08.022571
285,Tracy,Hill,1978-10-01,sha256_000284,user284@example.com,555-917-9860,2016-09-03,A,BASIC,265,2026-04-10 11:28:08.022566,2026-04-10 11:28:08.022571
286,Rebecca,Davenport,1945-06-30,sha256_000285,user285@example.com,555-171-4253,2014-06-26,I,PREMIER,287,2026-04-10 11:28:08.022566,2026-04-10 11:28:08.022571
287,Meghan,Baird,1997-07-04,sha256_000286,user286@example.com,555-759-8317,2025-07-19,I,PREFERRED,152,2026-04-10 11:28:08.022566,2026-04-10 11:28:08.022571
288,Christopher,Sanchez,1970-01-03,sha256_000287,user287@example.com,555-233-3865,2012-07-15,I,PREMIER,180,2026-04-10 11:28:08.022566,2026-04-10 11:28:08.022571
289,Rodney,Arnold,1971-12-25,sha256_000288,user288@example.com,555-592-8192,2015-05-10,I,PREMIER,169,2026-04-10 11:28:08.022566,2026-04-10 11:28:08.022571
290,Joshua,Reyes,1976-08-01,sha256_000289,user289@example.com,555-201-6406,2025-12-12,A,BASIC,174,2026-04-10 11:28:08.022566,2026-04-10 11:28:08.022571
291,Adam,Weeks,1954-03-20,sha256_000290,user290@example.com,555-366-2946,2024-04-15,A,BASIC,261,2026-04-10 11:28:08.022566,2026-04-10 11:28:08.022571
292,Kellie,Romero,1990-05-31,sha256_000291,user291@example.com,555-563-4725,2017-02-24,A,PREMIER,285,2026-04-10 11:28:08.022566,2026-04-10 11:28:08.022571
293,Dana,Suarez,1944-06-05,sha256_000292,user292@example.com,555-671-3858,2011-10-23,A,DIGITAL,195,2026-04-10 11:28:08.022566,2026-04-10 11:28:08.022571
294,Jose,Shields,1986-02-01,sha256_000293,user293@example.com,555-840-1702,2009-10-06,A,STANDARD,215,2026-04-10 11:28:08.022566,2026-04-10 11:28:08.022571
295,Joyce,Hill,1971-10-18,sha256_000294,user294@example.com,555-874-1268,2017-08-10,A,PREMIER,176,2026-04-10 11:28:08.022566,2026-04-10 11:28:08.022571
296,Andrea,Tyler,1973-06-04,sha256_000295,user295@example.com,555-761-4117,2020-04-24,I,BASIC,418,2026-04-10 11:28:08.022566,2026-04-10 11:28:08.022571
297,Ronald,Perry,1951-05-23,sha256_000296,user296@example.com,555-444-1171,2006-12-02,A,BASIC,184,2026-04-10 11:28:08.022566,2026-04-10 11:28:08.022571
298,Alec,Villa,1978-11-25,sha256_000297,user297@example.com,555-731-2489,2017-01-24,A,STANDARD,463,2026-04-10 11:28:08.022566,2026-04-10 11:28:08.022571
299,Charles,Romero,1989-03-27,sha256_000298,user298@example.com,555-692-7525,2019-12-01,A,DIGITAL,315,2026-04-10 11:28:08.022566,2026-04-10 11:28:08.022571
300,Nicole,Hoover,2006-11-03,sha256_000299,user299@example.com,555-859-7372,2017-05-22,I,PREFERRED,421,2026-04-10 11:28:08.022566,2026-04-10 11:28:08.022571
301,Rebecca,Campbell,1983-12-09,sha256_000300,user300@example.com,555-371-7646,2025-12-14,A,DIGITAL,354,2026-04-10 11:28:08.022566,2026-04-10 11:28:08.022571
302,Amy,Evans,1952-12-18,sha256_000301,user301@example.com,555-842-3854,2020-03-07,A,STANDARD,206,2026-04-10 11:28:08.022566,2026-04-10 11:28:08.022571
303,Mary,Matthews,2007-08-16,sha256_000302,user302@example.com,555-211-9009,2015-12-06,A,BASIC,340,2026-04-10 11:28:08.022566,2026-04-10 11:28:08.022571
304,Brandi,Duarte,1948-04-14,sha256_000303,user303@example.com,555-232-6343,2007-11-29,I,PREMIER,209,2026-04-10 11:28:08.022566,2026-04-10 11:28:08.022571
305,Earl,Burns,1971-12-11,sha256_000304,user304@example.com,555-312-2134,2011-07-02,I,PREMIER,147,2026-04-10 11:28:08.022566,2026-04-10 11:28:08.022571
306,David,Hernandez,1998-11-24,sha256_000305,user305@example.com,555-797-2293,2010-08-22,A,BASIC,201,2026-04-10 11:28:08.022566,2026-04-10 11:28:08.022571
307,Kyle,Ryan,1988-01-21,sha256_000306,user306@example.com,555-702-7237,2015-05-07,A,PREFERRED,210,2026-04-10 11:28:08.022566,2026-04-10 11:28:08.022571
308,Rachel,Reed,1971-03-12,sha256_000307,user307@example.com,555-154-2556,2023-12-29,A,PREFERRED,154,2026-04-10 11:28:08.022566,2026-04-10 11:28:08.022571
309,Laura,Arnold,1987-02-24,sha256_000308,user308@example.com,555-814-5565,2018-05-30,A,DIGITAL,109,2026-04-10 11:28:08.022566,2026-04-10 11:28:08.022571
310,Michelle,Daniels,2001-01-06,sha256_000309,user309@example.com,555-209-9924,2006-05-07,A,PREMIER,477,2026-04-10 11:28:08.022566,2026-04-10 11:28:08.022571
311,Rachel,Gibson,1963-09-12,sha256_000310,user310@example.com,555-338-1036,2025-04-24,A,STANDARD,305,2026-04-10 11:28:08.022566,2026-04-10 11:28:08.022571
312,Jason,Morris,1963-04-12,sha256_000311,user311@example.com,555-930-1149,2008-09-10,A,PREFERRED,260,2026-04-10 11:28:08.022566,2026-04-10 11:28:08.022571
313,John,Lopez,2000-04-29,sha256_000312,user312@example.com,555-597-9936,2012-07-26,A,PREMIER,471,2026-04-10 11:28:08.022566,2026-04-10 11:28:08.022571
314,Curtis,Terry,1989-06-16,sha256_000313,user313@example.com,555-619-6261,2020-07-16,A,BASIC,189,2026-04-10 11:28:08.022566,2026-04-10 11:28:08.022571
315,Kimberly,Armstrong,1991-12-17,sha256_000314,user314@example.com,555-448-2142,2010-09-16,A,PREMIER,261,2026-04-10 11:28:08.022566,2026-04-10 11:28:08.022571
316,Nicole,Hall,1964-02-19,sha256_000315,user315@example.com,555-614-9074,2009-07-14,A,PREMIER,438,2026-04-10 11:28:08.022566,2026-04-10 11:28:08.022571
317,Richard,Rowe,1959-05-23,sha256_000316,user316@example.com,555-181-8922,2025-05-01,A,DIGITAL,352,2026-04-10 11:28:08.022566,2026-04-10 11:28:08.022571
318,Christine,Williams,1959-08-12,sha256_000317,user317@example.com,555-473-5825,2024-01-28,A,BASIC,259,2026-04-10 11:28:08.022566,2026-04-10 11:28:08.022571
319,Eric,Garner,1945-06-07,sha256_000318,user318@example.com,555-248-6595,2012-12-10,I,PREMIER,202,2026-04-10 11:28:08.022566,2026-04-10 11:28:08.022571
320,Sarah,Thornton,1956-10-27,sha256_000319,user319@example.com,555-263-3458,2006-04-22,A,DIGITAL,114,2026-04-10 11:28:08.022566,2026-04-10 11:28:08.022571
321,Michelle,Shepherd,1986-10-25,sha256_000320,user320@example.com,555-748-1454,2025-09-18,A,STANDARD,134,2026-04-10 11:28:08.022566,2026-04-10 11:28:08.022571
322,Theresa,Hughes,2001-01-27,sha256_000321,user321@example.com,555-502-6350,2012-12-10,A,BASIC,164,2026-04-10 11:28:08.022566,2026-04-10 11:28:08.022571
323,Lisa,Alvarado,1967-02-18,sha256_000322,user322@example.com,555-218-3652,2023-06-23,A,PREMIER,414,2026-04-10 11:28:08.022566,2026-04-10 11:28:08.022571
324,Nicole,Hoover,1946-12-15,sha256_000323,user323@example.com,555-408-6971,2013-04-02,A,BASIC,355,2026-04-10 11:28:08.022566,2026-04-10 11:28:08.022571
325,Angel,Pollard,1942-12-30,sha256_000324,user324@example.com,555-978-8525,2013-10-14,A,DIGITAL,273,2026-04-10 11:28:08.022566,2026-04-10 11:28:08.022571
326,Jill,Simpson,1992-11-15,sha256_000325,user325@example.com,555-270-1163,2024-05-23,I,BASIC,413,2026-04-10 11:28:08.022566,2026-04-10 11:28:08.022571
327,Martin,Johnson,1992-06-15,sha256_000326,user326@example.com,555-146-6360,2012-08-23,A,PREFERRED,164,2026-04-10 11:28:08.022566,2026-04-10 11:28:08.022571
328,Sarah,Shaw,2005-10-13,sha256_000327,user327@example.com,555-240-3081,2008-05-03,A,BASIC,184,2026-04-10 11:28:08.022566,2026-04-10 11:28:08.022571
329,Leah,Lawrence,1998-10-30,sha256_000328,user328@example.com,555-861-8864,2009-01-02,A,DIGITAL,257,2026-04-10 11:28:08.022566,2026-04-10 11:28:08.022571
330,Michelle,Kane,1971-02-20,sha256_000329,user329@example.com,555-854-3282,2025-08-13,A,PREMIER,466,2026-04-10 11:28:08.022566,2026-04-10 11:28:08.022571
331,Lisa,Sawyer,1971-09-04,sha256_000330,user330@example.com,555-657-6496,2021-04-19,A,BASIC,345,2026-04-10 11:28:08.022566,2026-04-10 11:28:08.022571
332,Joseph,Alexander,1983-06-15,sha256_000331,user331@example.com,555-266-5981,2021-05-26,I,DIGITAL,440,2026-04-10 11:28:08.022566,2026-04-10 11:28:08.022571
333,Kristin,Fox,1987-07-15,sha256_000332,user332@example.com,555-572-4565,2017-03-03,A,PREFERRED,199,2026-04-10 11:28:08.022566,2026-04-10 11:28:08.022571
334,Daniel,Bryant,1952-09-23,sha256_000333,user333@example.com,555-775-7097,2023-05-07,I,STANDARD,439,2026-04-10 11:28:08.022566,2026-04-10 11:28:08.022571
335,Monica,Bowen,1977-06-26,sha256_000334,user334@example.com,555-578-7531,2009-03-09,A,PREFERRED,128,2026-04-10 11:28:08.022566,2026-04-10 11:28:08.022571
336,Michele,Ortiz,1954-03-04,sha256_000335,user335@example.com,555-786-6101,2010-09-24,A,STANDARD,191,2026-04-10 11:28:08.022566,2026-04-10 11:28:08.022571
337,Jeffrey,Pena,1943-10-18,sha256_000336,user336@example.com,555-340-7825,2010-02-07,A,BASIC,309,2026-04-10 11:28:08.022566,2026-04-10 11:28:08.022571
338,Lisa,Moore,1987-01-20,sha256_000337,user337@example.com,555-745-9849,2022-04-01,I,BASIC,120,2026-04-10 11:28:08.022566,2026-04-10 11:28:08.022571
339,Steven,Harrison,1994-09-18,sha256_000338,user338@example.com,555-234-4773,2025-11-26,A,PREFERRED,443,2026-04-10 11:28:08.022566,2026-04-10 11:28:08.022571
340,Kevin,Costa,1944-06-26,sha256_000339,user339@example.com,555-930-5630,2008-01-25,A,BASIC,446,2026-04-10 11:28:08.022566,2026-04-10 11:28:08.022571
341,Laura,Morgan,1965-10-13,sha256_000340,user340@example.com,555-947-1112,2020-06-10,A,STANDARD,316,2026-04-10 11:28:08.022566,2026-04-10 11:28:08.022571
342,Jeremy,Schwartz,1988-10-22,sha256_000341,user341@example.com,555-131-8163,2013-02-16,A,DIGITAL,222,2026-04-10 11:28:08.022566,2026-04-10 11:28:08.022571
343,Andrew,Santos,1966-08-26,sha256_000342,user342@example.com,555-422-5681,2008-02-03,A,DIGITAL,139,2026-04-10 11:28:08.022566,2026-04-10 11:28:08.022571
344,James,Christian,1973-10-20,sha256_000343,user343@example.com,555-484-4671,2025-06-22,A,STANDARD,347,2026-04-10 11:28:08.022566,2026-04-10 11:28:08.022571
345,Mark,Phelps,1947-08-29,sha256_000344,user344@example.com,555-944-1846,2026-01-31,A,STANDARD,315,2026-04-10 11:28:08.022566,2026-04-10 11:28:08.022571
346,Michelle,Villarreal,1991-02-24,sha256_000345,user345@example.com,555-794-9006,2026-01-31,A,STANDARD,403,2026-04-10 11:28:08.022566,2026-04-10 11:28:08.022571
347,Tammy,James,1941-11-28,sha256_000346,user346@example.com,555-691-4554,2023-01-30,A,BASIC,341,2026-04-10 11:28:08.022566,2026-04-10 11:28:08.022571
348,Joshua,Stewart,1945-08-13,sha256_000347,user347@example.com,555-243-7142,2025-03-01,A,PREFERRED,151,2026-04-10 11:28:08.022566,2026-04-10 11:28:08.022571
349,Darlene,Higgins,1996-03-09,sha256_000348,user348@example.com,555-521-2344,2009-11-14,A,PREFERRED,148,2026-04-10 11:28:08.022566,2026-04-10 11:28:08.022571
350,Ricardo,Malone,1997-04-07,sha256_000349,user349@example.com,555-423-9652,2014-02-17,A,PREFERRED,412,2026-04-10 11:28:08.022566,2026-04-10 11:28:08.022571
351,Tina,Brennan,1972-08-03,sha256_000350,user350@example.com,555-338-2605,2006-09-08,A,PREMIER,163,2026-04-10 11:28:08.022566,2026-04-10 11:28:08.022571
352,Amanda,Johnson,2005-04-12,sha256_000351,user351@example.com,555-713-2795,2010-03-29,A,PREFERRED,475,2026-04-10 11:28:08.022566,2026-04-10 11:28:08.022571
353,Sheila,Jones,1988-04-12,sha256_000352,user352@example.com,555-926-8729,2007-01-08,A,PREMIER,142,2026-04-10 11:28:08.022566,2026-04-10 11:28:08.022571
354,Darrell,Welch,1979-02-26,sha256_000353,user353@example.com,555-984-9212,2021-06-11,A,PREMIER,391,2026-04-10 11:28:08.022566,2026-04-10 11:28:08.022571
355,Tara,Mccall,1943-05-20,sha256_000354,user354@example.com,555-319-2909,2020-06-18,A,DIGITAL,490,2026-04-10 11:28:08.022566,2026-04-10 11:28:08.022571
356,Gregory,Bright,1941-11-04,sha256_000355,user355@example.com,555-408-5227,2009-04-14,A,PREMIER,276,2026-04-10 11:28:08.022566,2026-04-10 11:28:08.022571
357,Sydney,Francis,1998-02-21,sha256_000356,user356@example.com,555-891-7600,2021-04-26,A,STANDARD,122,2026-04-10 11:28:08.022566,2026-04-10 11:28:08.022571
358,Joseph,Hamilton,1948-08-02,sha256_000357,user357@example.com,555-679-8904,2025-01-19,A,DIGITAL,450,2026-04-10 11:28:08.022566,2026-04-10 11:28:08.022571
359,Daniel,Garcia,2002-03-14,sha256_000358,user358@example.com,555-680-4411,2012-11-15,A,DIGITAL,174,2026-04-10 11:28:08.022566,2026-04-10 11:28:08.022571
360,Ryan,Schultz,1958-03-01,sha256_000359,user359@example.com,555-471-5652,2010-04-01,A,STANDARD,310,2026-04-10 11:28:08.022566,2026-04-10 11:28:08.022571
361,Jessica,Brennan,1951-09-01,sha256_000360,user360@example.com,555-179-7674,2006-12-03,A,PREMIER,493,2026-04-10 11:28:08.022566,2026-04-10 11:28:08.022571
362,Lee,Wallace,1948-08-23,sha256_000361,user361@example.com,555-686-7579,2007-09-22,A,BASIC,397,2026-04-10 11:28:08.022566,2026-04-10 11:28:08.022571
363,Catherine,Benson,1993-04-30,sha256_000362,user362@example.com,555-580-8045,2023-10-19,C,BASIC,118,2026-04-10 11:28:08.022566,2026-04-10 11:28:08.022571
364,William,Berger,1948-06-19,sha256_000363,user363@example.com,555-953-6128,2010-10-28,A,DIGITAL,428,2026-04-10 11:28:08.022566,2026-04-10 11:28:08.022571
365,Paul,Williams,2000-07-09,sha256_000364,user364@example.com,555-499-1941,2009-05-08,A,PREMIER,164,2026-04-10 11:28:08.022566,2026-04-10 11:28:08.022571
366,Barbara,Flynn,1973-07-19,sha256_000365,user365@example.com,555-800-9134,2012-04-18,A,PREMIER,399,2026-04-10 11:28:08.022566,2026-04-10 11:28:08.022571
367,Jonathan,Carter,1976-11-06,sha256_000366,user366@example.com,555-728-8789,2009-11-16,A,PREFERRED,348,2026-04-10 11:28:08.022566,2026-04-10 11:28:08.022571
368,Jeanne,Brooks,1987-02-18,sha256_000367,user367@example.com,555-874-8182,2009-07-06,A,PREMIER,215,2026-04-10 11:28:08.022566,2026-04-10 11:28:08.022571
369,Aaron,Thomas,2006-10-22,sha256_000368,user368@example.com,555-552-1898,2017-04-21,A,BASIC,269,2026-04-10 11:28:08.022566,2026-04-10 11:28:08.022571
370,Sara,Schmidt,1956-08-06,sha256_000369,user369@example.com,555-102-2839,2025-05-24,A,PREFERRED,147,2026-04-10 11:28:08.022566,2026-04-10 11:28:08.022571
371,Amanda,Knight,1985-10-26,sha256_000370,user370@example.com,555-487-7691,2017-02-10,A,PREFERRED,494,2026-04-10 11:28:08.022566,2026-04-10 11:28:08.022571
372,Jennifer,Sparks,1963-12-27,sha256_000371,user371@example.com,555-509-1208,2022-03-06,I,BASIC,195,2026-04-10 11:28:08.022566,2026-04-10 11:28:08.022571
373,Judy,Jackson,1980-10-27,sha256_000372,user372@example.com,555-289-9812,2023-12-06,A,BASIC,223,2026-04-10 11:28:08.022566,2026-04-10 11:28:08.022571
374,Emily,Miller,1983-04-09,sha256_000373,user373@example.com,555-988-4393,2023-09-15,A,PREFERRED,301,2026-04-10 11:28:08.022566,2026-04-10 11:28:08.022571
375,Michael,Pitts,1948-12-11,sha256_000374,user374@example.com,555-823-7473,2012-04-24,A,PREFERRED,368,2026-04-10 11:28:08.022566,2026-04-10 11:28:08.022571
376,Chad,Harvey,2001-12-17,sha256_000375,user375@example.com,555-937-8987,2016-02-25,C,STANDARD,302,2026-04-10 11:28:08.022566,2026-04-10 11:28:08.022571
377,Elizabeth,Allen,1958-12-20,sha256_000376,user376@example.com,555-665-4551,2015-06-13,I,DIGITAL,302,2026-04-10 11:28:08.022566,2026-04-10 11:28:08.022571
378,Mark,Durham,1958-04-15,sha256_000377,user377@example.com,555-663-3871,2011-05-12,A,BASIC,333,2026-04-10 11:28:08.022566,2026-04-10 11:28:08.022571
379,Lee,Thomas,1982-11-05,sha256_000378,user378@example.com,555-412-6478,2015-04-13,C,BASIC,443,2026-04-10 11:28:08.022566,2026-04-10 11:28:08.022571
380,Melanie,Murray,1990-09-18,sha256_000379,user379@example.com,555-613-6228,2013-08-26,A,BASIC,258,2026-04-10 11:28:08.022566,2026-04-10 11:28:08.022571
381,Jennifer,King,2007-12-07,sha256_000380,user380@example.com,555-445-4681,2024-06-24,A,PREMIER,432,2026-04-10 11:28:08.022566,2026-04-10 11:28:08.022571
382,Kevin,Scott,1945-07-25,sha256_000381,user381@example.com,555-109-6415,2009-04-02,A,PREFERRED,414,2026-04-10 11:28:08.022566,2026-04-10 11:28:08.022571
383,Kyle,Smith,1944-10-31,sha256_000382,user382@example.com,555-617-9417,2017-04-05,I,STANDARD,484,2026-04-10 11:28:08.022566,2026-04-10 11:28:08.022571
384,Ricky,Ballard,1992-02-26,sha256_000383,user383@example.com,555-553-5208,2023-02-07,A,PREMIER,465,2026-04-10 11:28:08.022566,2026-04-10 11:28:08.022571
385,Richard,Santana,2006-02-24,sha256_000384,user384@example.com,555-160-2770,2010-01-02,A,PREFERRED,419,2026-04-10 11:28:08.022566,2026-04-10 11:28:08.022571
386,Kenneth,Byrd,2000-01-25,sha256_000385,user385@example.com,555-403-4394,2011-07-28,I,PREMIER,198,2026-04-10 11:28:08.022566,2026-04-10 11:28:08.022571
387,David,Moore,2003-10-04,sha256_000386,user386@example.com,555-426-4546,2025-02-19,C,BASIC,409,2026-04-10 11:28:08.022566,2026-04-10 11:28:08.022571
388,Robert,Alexander,1952-08-22,sha256_000387,user387@example.com,555-791-2179,2022-05-08,C,PREMIER,394,2026-04-10 11:28:08.022566,2026-04-10 11:28:08.022571
389,Shelby,Reed,1948-07-27,sha256_000388,user388@example.com,555-398-2465,2025-11-17,C,PREMIER,215,2026-04-10 11:28:08.022566,2026-04-10 11:28:08.022571
390,Erica,Matthews,1998-01-09,sha256_000389,user389@example.com,555-376-7160,2020-10-20,I,PREMIER,371,2026-04-10 11:28:08.022566,2026-04-10 11:28:08.022571
391,Raven,Fowler,1958-04-16,sha256_000390,user390@example.com,555-142-4054,2024-03-15,A,PREMIER,201,2026-04-10 11:28:08.022566,2026-04-10 11:28:08.022571
392,Christina,Coleman,1996-04-13,sha256_000391,user391@example.com,555-121-9593,2012-01-23,A,STANDARD,309,2026-04-10 11:28:08.022566,2026-04-10 11:28:08.022571
393,Kevin,Wright,1983-09-13,sha256_000392,user392@example.com,555-753-3192,2015-10-17,A,PREFERRED,418,2026-04-10 11:28:08.022566,2026-04-10 11:28:08.022571
394,Amy,Bruce,1968-02-27,sha256_000393,user393@example.com,555-278-1890,2006-09-06,A,BASIC,175,2026-04-10 11:28:08.022566,2026-04-10 11:28:08.022571
395,Aaron,Gonzalez,1960-02-01,sha256_000394,user394@example.com,555-525-7780,2011-04-11,A,PREFERRED,234,2026-04-10 11:28:08.022566,2026-04-10 11:28:08.022571
396,Justin,Cruz,1949-09-24,sha256_000395,user395@example.com,555-625-8928,2014-01-08,A,STANDARD,418,2026-04-10 11:28:08.022566,2026-04-10 11:28:08.022571
397,Russell,Webb,2005-04-15,sha256_000396,user396@example.com,555-409-3502,2016-01-21,I,DIGITAL,281,2026-04-10 11:28:08.022566,2026-04-10 11:28:08.022571
398,Bethany,Young,1995-02-19,sha256_000397,user397@example.com,555-529-2818,2025-02-08,A,DIGITAL,484,2026-04-10 11:28:08.022566,2026-04-10 11:28:08.022571
399,Diana,Armstrong,1989-07-04,sha256_000398,user398@example.com,555-977-2671,2024-10-17,A,DIGITAL,103,2026-04-10 11:28:08.022566,2026-04-10 11:28:08.022571
400,Steven,Andrews,1987-07-06,sha256_000399,user399@example.com,555-530-5697,2013-12-04,A,PREFERRED,388,2026-04-10 11:28:08.022566,2026-04-10 11:28:08.022571
401,Scott,Haney,1941-06-19,sha256_000400,user400@example.com,555-151-5215,2026-02-08,A,STANDARD,425,2026-04-10 11:28:08.022566,2026-04-10 11:28:08.022571
402,Jason,Phillips,1956-03-27,sha256_000401,user401@example.com,555-508-3334,2025-05-08,A,BASIC,467,2026-04-10 11:28:08.022566,2026-04-10 11:28:08.022571
403,Thomas,Spence,1986-11-01,sha256_000402,user402@example.com,555-215-1406,2021-10-30,A,BASIC,162,2026-04-10 11:28:08.022566,2026-04-10 11:28:08.022571
404,Rachel,Barrett,1943-03-21,sha256_000403,user403@example.com,555-107-5332,2008-08-05,A,DIGITAL,493,2026-04-10 11:28:08.022566,2026-04-10 11:28:08.022571
405,Laura,Hill,1974-11-09,sha256_000404,user404@example.com,555-180-9633,2017-01-21,A,DIGITAL,256,2026-04-10 11:28:08.022566,2026-04-10 11:28:08.022571
406,Gene,Knight,1974-10-05,sha256_000405,user405@example.com,555-320-6872,2012-01-26,I,BASIC,240,2026-04-10 11:28:08.022566,2026-04-10 11:28:08.022571
407,Christopher,Jennings,1979-04-01,sha256_000406,user406@example.com,555-705-5459,2017-12-31,A,DIGITAL,242,2026-04-10 11:28:08.022566,2026-04-10 11:28:08.022571
408,Zachary,Garner,1998-08-26,sha256_000407,user407@example.com,555-894-1996,2022-09-30,A,BASIC,355,2026-04-10 11:28:08.022566,2026-04-10 11:28:08.022571
409,Cynthia,Williams,1945-09-22,sha256_000408,user408@example.com,555-310-3271,2018-10-21,A,PREMIER,363,2026-04-10 11:28:08.022566,2026-04-10 11:28:08.022571
410,Matthew,Obrien,2007-05-10,sha256_000409,user409@example.com,555-221-3652,2024-05-14,A,PREFERRED,289,2026-04-10 11:28:08.022566,2026-04-10 11:28:08.022571
411,Loretta,Crawford,1996-08-14,sha256_000410,user410@example.com,555-381-7882,2010-11-11,A,PREMIER,128,2026-04-10 11:28:08.022566,2026-04-10 11:28:08.022571
412,Karen,Strong,1992-11-28,sha256_000411,user411@example.com,555-371-8889,2022-07-16,A,PREMIER,494,2026-04-10 11:28:08.022566,2026-04-10 11:28:08.022571
413,Emily,Mitchell,1989-08-02,sha256_000412,user412@example.com,555-794-9113,2018-09-13,I,STANDARD,188,2026-04-10 11:28:08.022566,2026-04-10 11:28:08.022571
414,Jeffrey,Lindsey,1999-06-18,sha256_000413,user413@example.com,555-194-9860,2006-09-08,A,PREFERRED,137,2026-04-10 11:28:08.022566,2026-04-10 11:28:08.022571
415,James,Lawson,2007-01-31,sha256_000414,user414@example.com,555-651-9840,2014-05-30,A,STANDARD,338,2026-04-10 11:28:08.022566,2026-04-10 11:28:08.022571
416,Andrew,Gomez,1962-11-30,sha256_000415,user415@example.com,555-419-9576,2017-01-24,A,STANDARD,264,2026-04-10 11:28:08.022566,2026-04-10 11:28:08.022571
417,John,Fields,1943-05-22,sha256_000416,user416@example.com,555-629-1646,2015-05-21,A,DIGITAL,346,2026-04-10 11:28:08.022566,2026-04-10 11:28:08.022571
418,Thomas,Oliver,2000-02-17,sha256_000417,user417@example.com,555-468-2240,2010-08-02,A,BASIC,450,2026-04-10 11:28:08.022566,2026-04-10 11:28:08.022571
419,Melissa,Byrd,1988-06-07,sha256_000418,user418@example.com,555-946-3739,2021-02-15,A,BASIC,138,2026-04-10 11:28:08.022566,2026-04-10 11:28:08.022571
420,Charles,Le,1974-05-21,sha256_000419,user419@example.com,555-299-5975,2013-07-11,A,PREFERRED,213,2026-04-10 11:28:08.022566,2026-04-10 11:28:08.022571
421,Robert,Hopkins,1946-03-09,sha256_000420,user420@example.com,555-482-1872,2008-10-27,A,PREFERRED,306,2026-04-10 11:28:08.022566,2026-04-10 11:28:08.022571
422,Crystal,Massey,1961-10-20,sha256_000421,user421@example.com,555-834-8611,2014-10-19,A,DIGITAL,415,2026-04-10 11:28:08.022566,2026-04-10 11:28:08.022571
423,James,Fuller,1956-12-26,sha256_000422,user422@example.com,555-767-6550,2017-04-21,A,PREMIER,340,2026-04-10 11:28:08.022566,2026-04-10 11:28:08.022571
424,Heather,Berger,1969-05-18,sha256_000423,user423@example.com,555-461-5880,2023-04-21,I,STANDARD,253,2026-04-10 11:28:08.022566,2026-04-10 11:28:08.022571
425,Troy,Lucas,1980-05-13,sha256_000424,user424@example.com,555-568-2487,2021-04-01,A,STANDARD,344,2026-04-10 11:28:08.022566,2026-04-10 11:28:08.022571
426,John,Parker,1994-11-29,sha256_000425,user425@example.com,555-173-3279,2007-05-13,A,PREMIER,491,2026-04-10 11:28:08.022566,2026-04-10 11:28:08.022571
427,Diana,Alexander,1950-06-02,sha256_000426,user426@example.com,555-508-2442,2015-06-03,A,DIGITAL,292,2026-04-10 11:28:08.022566,2026-04-10 11:28:08.022571
428,Adam,Riley,1954-06-13,sha256_000427,user427@example.com,555-195-8666,2020-03-12,A,PREFERRED,453,2026-04-10 11:28:08.022566,2026-04-10 11:28:08.022571
429,Karen,Oconnor,2006-08-10,sha256_000428,user428@example.com,555-437-6257,2017-11-12,A,PREMIER,411,2026-04-10 11:28:08.022566,2026-04-10 11:28:08.022571
430,Kayla,Davis,1960-05-21,sha256_000429,user429@example.com,555-571-7615,2014-09-08,A,DIGITAL,220,2026-04-10 11:28:08.022566,2026-04-10 11:28:08.022571
431,Daniel,Phillips,2002-08-21,sha256_000430,user430@example.com,555-765-3663,2015-06-30,A,PREMIER,199,2026-04-10 11:28:08.022566,2026-04-10 11:28:08.022571
432,Ronald,Burgess,1958-10-23,sha256_000431,user431@example.com,555-862-4340,2012-04-06,A,DIGITAL,408,2026-04-10 11:28:08.022566,2026-04-10 11:28:08.022571
433,Gregory,Thompson,1952-12-26,sha256_000432,user432@example.com,555-850-4643,2021-01-25,A,PREMIER,182,2026-04-10 11:28:08.022566,2026-04-10 11:28:08.022571
434,Susan,Anderson,1999-07-06,sha256_000433,user433@example.com,555-199-7839,2013-04-09,A,STANDARD,234,2026-04-10 11:28:08.022566,2026-04-10 11:28:08.022571
435,April,Ryan,1979-03-29,sha256_000434,user434@example.com,555-127-7950,2017-05-19,A,BASIC,194,2026-04-10 11:28:08.022566,2026-04-10 11:28:08.022571
436,Brent,Mata,2000-01-01,sha256_000435,user435@example.com,555-138-2861,2007-06-21,A,PREFERRED,342,2026-04-10 11:28:08.022566,2026-04-10 11:28:08.022571
437,John,Schmidt,1970-04-22,sha256_000436,user436@example.com,555-642-9472,2023-01-18,A,DIGITAL,217,2026-04-10 11:28:08.022566,2026-04-10 11:28:08.022571
438,Melinda,Mcintyre,1946-03-08,sha256_000437,user437@example.com,555-467-2085,2023-03-28,A,DIGITAL,363,2026-04-10 11:28:08.022566,2026-04-10 11:28:08.022571
439,Stephen,Rivas,2002-11-15,sha256_000438,user438@example.com,555-309-9064,2017-01-01,I,BASIC,473,2026-04-10 11:28:08.022566,2026-04-10 11:28:08.022571
440,Laurie,Scott,1981-09-01,sha256_000439,user439@example.com,555-753-1903,2016-01-28,A,PREMIER,431,2026-04-10 11:28:08.022566,2026-04-10 11:28:08.022571
441,Elizabeth,Summers,1943-02-18,sha256_000440,user440@example.com,555-446-3380,2012-06-10,A,DIGITAL,479,2026-04-10 11:28:08.022566,2026-04-10 11:28:08.022571
442,Vanessa,Olson,1988-02-20,sha256_000441,user441@example.com,555-259-8617,2018-02-24,A,BASIC,109,2026-04-10 11:28:08.022566,2026-04-10 11:28:08.022571
443,Caitlin,Drake,1999-06-08,sha256_000442,user442@example.com,555-655-2615,2008-01-03,A,DIGITAL,282,2026-04-10 11:28:08.022566,2026-04-10 11:28:08.022571
444,Stephanie,Francis,1975-07-29,sha256_000443,user443@example.com,555-684-4721,2016-10-02,A,PREMIER,188,2026-04-10 11:28:08.022566,2026-04-10 11:28:08.022571
445,Patricia,Morgan,1974-04-01,sha256_000444,user444@example.com,555-155-5048,2023-08-14,A,BASIC,467,2026-04-10 11:28:08.022566,2026-04-10 11:28:08.022571
446,Cheyenne,Wilson,1963-11-27,sha256_000445,user445@example.com,555-266-3207,2023-10-27,I,PREMIER,384,2026-04-10 11:28:08.022566,2026-04-10 11:28:08.022571
447,Jennifer,Mccarty,1987-04-13,sha256_000446,user446@example.com,555-890-7391,2006-10-26,A,STANDARD,228,2026-04-10 11:28:08.022566,2026-04-10 11:28:08.022571
448,William,Taylor,1944-04-21,sha256_000447,user447@example.com,555-220-8661,2023-07-11,A,STANDARD,325,2026-04-10 11:28:08.022566,2026-04-10 11:28:08.022571
449,Maria,Levy,1973-05-27,sha256_000448,user448@example.com,555-616-8870,2007-04-30,A,STANDARD,342,2026-04-10 11:28:08.022566,2026-04-10 11:28:08.022571
450,Amy,Dalton,1989-02-08,sha256_000449,user449@example.com,555-771-4053,2020-08-28,A,STANDARD,298,2026-04-10 11:28:08.022566,2026-04-10 11:28:08.022571
451,Phyllis,Ramsey,1943-12-29,sha256_000450,user450@example.com,555-580-5777,2024-05-01,I,PREMIER,289,2026-04-10 11:28:08.022566,2026-04-10 11:28:08.022571
452,Julia,Whitney,1946-05-14,sha256_000451,user451@example.com,555-747-3235,2020-02-16,I,STANDARD,122,2026-04-10 11:28:08.022566,2026-04-10 11:28:08.022571
453,Thomas,Coffey,1974-11-12,sha256_000452,user452@example.com,555-399-3202,2013-12-16,A,BASIC,280,2026-04-10 11:28:08.022566,2026-04-10 11:28:08.022571
454,Jonathon,Ballard,2006-08-16,sha256_000453,user453@example.com,555-366-2451,2017-09-04,A,STANDARD,239,2026-04-10 11:28:08.022566,2026-04-10 11:28:08.022571
455,John,Diaz,1968-04-26,sha256_000454,user454@example.com,555-132-9459,2010-07-22,I,PREFERRED,427,2026-04-10 11:28:08.022566,2026-04-10 11:28:08.022571
456,Dana,Gibbs,1971-02-11,sha256_000455,user455@example.com,555-166-8991,2014-01-12,A,BASIC,446,2026-04-10 11:28:08.022566,2026-04-10 11:28:08.022571
457,Katie,Smith,1998-05-13,sha256_000456,user456@example.com,555-102-7995,2018-03-20,I,PREMIER,400,2026-04-10 11:28:08.022566,2026-04-10 11:28:08.022571
458,Adrienne,Herrera,1965-11-03,sha256_000457,user457@example.com,555-395-5658,2013-07-24,I,STANDARD,112,2026-04-10 11:28:08.022566,2026-04-10 11:28:08.022571
459,Courtney,Gibson,1951-12-29,sha256_000458,user458@example.com,555-353-5414,2006-11-09,A,STANDARD,436,2026-04-10 11:28:08.022566,2026-04-10 11:28:08.022571
460,Joshua,Chambers,2001-03-13,sha256_000459,user459@example.com,555-505-5767,2017-12-30,A,STANDARD,258,2026-04-10 11:28:08.022566,2026-04-10 11:28:08.022571
461,Chris,Chambers,1959-11-10,sha256_000460,user460@example.com,555-453-5828,2023-02-20,A,BASIC,266,2026-04-10 11:28:08.022566,2026-04-10 11:28:08.022571
462,Justin,Richards,1998-11-21,sha256_000461,user461@example.com,555-842-4910,2018-01-21,A,STANDARD,478,2026-04-10 11:28:08.022566,2026-04-10 11:28:08.022571
463,Joseph,Carson,1958-02-24,sha256_000462,user462@example.com,555-424-2185,2009-06-21,A,BASIC,446,2026-04-10 11:28:08.022566,2026-04-10 11:28:08.022571
464,Luis,Bentley,1980-03-23,sha256_000463,user463@example.com,555-423-2130,2021-11-10,A,PREMIER,120,2026-04-10 11:28:08.022566,2026-04-10 11:28:08.022571
465,Amber,Rodriguez,2007-11-07,sha256_000464,user464@example.com,555-264-9569,2007-04-20,A,DIGITAL,243,2026-04-10 11:28:08.022566,2026-04-10 11:28:08.022571
466,Devon,Hall,1943-08-05,sha256_000465,user465@example.com,555-180-5337,2014-06-26,A,STANDARD,399,2026-04-10 11:28:08.022566,2026-04-10 11:28:08.022571
467,Jesse,Johnson,1997-03-05,sha256_000466,user466@example.com,555-850-9577,2014-03-21,A,PREFERRED,315,2026-04-10 11:28:08.022566,2026-04-10 11:28:08.022571
468,Heather,Henson,1968-05-18,sha256_000467,user467@example.com,555-231-2472,2019-11-19,A,PREFERRED,203,2026-04-10 11:28:08.022566,2026-04-10 11:28:08.022571
469,Jasmine,Hoffman,1996-02-20,sha256_000468,user468@example.com,555-434-5989,2007-11-15,A,DIGITAL,309,2026-04-10 11:28:08.022566,2026-04-10 11:28:08.022571
470,Caleb,Herman,1945-10-25,sha256_000469,user469@example.com,555-962-2869,2025-06-22,A,DIGITAL,446,2026-04-10 11:28:08.022566,2026-04-10 11:28:08.022571
471,Rick,Walker,1958-11-08,sha256_000470,user470@example.com,555-247-3278,2020-03-31,I,DIGITAL,189,2026-04-10 11:28:08.022566,2026-04-10 11:28:08.022571
472,Amy,Brown,1954-06-07,sha256_000471,user471@example.com,555-886-1270,2017-11-12,A,PREMIER,398,2026-04-10 11:28:08.022566,2026-04-10 11:28:08.022571
473,Robert,Colon,1979-05-11,sha256_000472,user472@example.com,555-441-2070,2016-09-10,A,STANDARD,393,2026-04-10 11:28:08.022566,2026-04-10 11:28:08.022571
474,Jamie,Blankenship,1976-12-29,sha256_000473,user473@example.com,555-241-9250,2016-10-03,A,BASIC,454,2026-04-10 11:28:08.022566,2026-04-10 11:28:08.022571
475,Robert,Turner,1965-10-26,sha256_000474,user474@example.com,555-101-3893,2023-04-01,A,PREMIER,219,2026-04-10 11:28:08.022566,2026-04-10 11:28:08.022571
476,Rebecca,Ortiz,1955-09-29,sha256_000475,user475@example.com,555-922-6472,2021-09-13,A,STANDARD,186,2026-04-10 11:28:08.022566,2026-04-10 11:28:08.022571
477,Brandy,Taylor,1951-07-31,sha256_000476,user476@example.com,555-164-5184,2024-04-18,A,STANDARD,319,2026-04-10 11:28:08.022566,2026-04-10 11:28:08.022571
478,Heather,Shah,2007-02-03,sha256_000477,user477@example.com,555-972-4603,2014-10-19,A,BASIC,312,2026-04-10 11:28:08.022566,2026-04-10 11:28:08.022571
479,Melissa,Torres,1963-11-10,sha256_000478,user478@example.com,555-575-5786,2019-03-18,A,PREFERRED,263,2026-04-10 11:28:08.022566,2026-04-10 11:28:08.022571
480,Kathy,Vasquez,2000-12-23,sha256_000479,user479@example.com,555-693-2684,2014-12-06,A,STANDARD,411,2026-04-10 11:28:08.022566,2026-04-10 11:28:08.022571
481,Omar,Davis,1989-01-03,sha256_000480,user480@example.com,555-854-9896,2014-06-15,A,DIGITAL,419,2026-04-10 11:28:08.022566,2026-04-10 11:28:08.022571
482,Adam,Clay,1952-10-02,sha256_000481,user481@example.com,555-228-8363,2012-03-21,I,PREMIER,198,2026-04-10 11:28:08.022566,2026-04-10 11:28:08.022571
483,Michael,Taylor,1991-07-07,sha256_000482,user482@example.com,555-834-7673,2015-04-22,A,BASIC,418,2026-04-10 11:28:08.022566,2026-04-10 11:28:08.022571
484,Karen,Chavez,1954-12-08,sha256_000483,user483@example.com,555-433-5218,2013-04-18,A,BASIC,192,2026-04-10 11:28:08.022566,2026-04-10 11:28:08.022571
485,Melissa,Santiago,1977-04-15,sha256_000484,user484@example.com,555-854-2375,2014-07-04,A,DIGITAL,263,2026-04-10 11:28:08.022566,2026-04-10 11:28:08.022571
486,Stephanie,Paul,1992-09-16,sha256_000485,user485@example.com,555-845-9285,2013-03-16,A,DIGITAL,110,2026-04-10 11:28:08.022566,2026-04-10 11:28:08.022571
487,Robert,Bautista,1985-11-28,sha256_000486,user486@example.com,555-713-4072,2013-12-01,A,DIGITAL,236,2026-04-10 11:28:08.022566,2026-04-10 11:28:08.022571
488,Julie,Barnes,1972-10-01,sha256_000487,user487@example.com,555-602-1450,2019-11-25,A,DIGITAL,483,2026-04-10 11:28:08.022566,2026-04-10 11:28:08.022571
489,Amy,Newton,1957-01-21,sha256_000488,user488@example.com,555-937-4081,2021-04-16,A,BASIC,277,2026-04-10 11:28:08.022566,2026-04-10 11:28:08.022571
490,Carrie,Moore,1967-09-17,sha256_000489,user489@example.com,555-151-8149,2010-07-09,A,STANDARD,384,2026-04-10 11:28:08.022566,2026-04-10 11:28:08.022571
491,Jeffrey,Perry,1945-10-21,sha256_000490,user490@example.com,555-691-6603,2019-05-16,A,STANDARD,143,2026-04-10 11:28:08.022566,2026-04-10 11:28:08.022571
492,Jeffrey,Garcia,1950-03-10,sha256_000491,user491@example.com,555-148-7756,2015-04-06,A,DIGITAL,354,2026-04-10 11:28:08.022566,2026-04-10 11:28:08.022571
493,Ryan,Burns,1957-11-05,sha256_000492,user492@example.com,555-672-8141,2022-04-10,I,PREMIER,248,2026-04-10 11:28:08.022566,2026-04-10 11:28:08.022571
494,Anthony,Russell,1967-11-28,sha256_000493,user493@example.com,555-843-2907,2017-08-09,A,BASIC,397,2026-04-10 11:28:08.022566,2026-04-10 11:28:08.022571
495,Matthew,Lynn,1988-11-17,sha256_000494,user494@example.com,555-289-9313,2015-08-26,A,DIGITAL,471,2026-04-10 11:28:08.022566,2026-04-10 11:28:08.022571
496,Erin,Johnson,1980-08-30,sha256_000495,user495@example.com,555-577-4941,2013-09-24,A,DIGITAL,312,2026-04-10 11:28:08.022566,2026-04-10 11:28:08.022571
497,Richard,Wood,2000-04-29,sha256_000496,user496@example.com,555-358-6750,2015-09-19,I,PREFERRED,141,2026-04-10 11:28:08.022566,2026-04-10 11:28:08.022571
498,Frederick,Ramos,1983-03-27,sha256_000497,user497@example.com,555-777-1020,2019-01-06,I,PREFERRED,290,2026-04-10 11:28:08.022566,2026-04-10 11:28:08.022571
499,Tanner,Sampson,1946-04-04,sha256_000498,user498@example.com,555-596-9939,2007-01-18,A,STANDARD,149,2026-04-10 11:28:08.022566,2026-04-10 11:28:08.022571
500,David,Foley,1979-10-10,sha256_000499,user499@example.com,555-352-3527,2015-12-27,I,DIGITAL,279,2026-04-10 11:28:08.022566,2026-04-10 11:28:08.022571
