customer_id,account_overdraft_cnt,nsf_fee_total,large_withdrawal_cnt,large_withdrawal_amt,avg_daily_balance_30d,avg_daily_balance_90d,balance_volatility,credit_util_ratio,payment_ontime_pct,payment_late_cnt,months_since_last_late,external_credit_score,debit_velocity_7d,debit_velocity_30d,new_merchant_cnt_30d,international_txn_cnt,high_risk_merchant_cnt,load_ts
3,13.0,327.63,0,0.0,25748.367692307693,23644.809285714287,13497.89858320359,0.2128,100.0,0.0,73,768,302.81,1061.76,6,0.0,6.0,2026-04-10 11:28:08.535673+02:00
4,6.0,86.49,1,5515.46,26794.719333333334,24033.374444444446,14553.727853754985,0.6048,100.0,0.0,22,701,603.63,1695.33,6,0.0,6.0,2026-04-10 11:28:08.535673+02:00
5,9.0,0.0,0,0.0,25499.9775,26372.840588235293,11230.15415608272,0.4514,100.0,0.0,54,625,2338.75,3817.37,5,0.0,3.0,2026-04-10 11:28:08.535673+02:00
6,3.0,1190.26,0,0.0,33207.34583333333,28743.121785714287,17166.29436249712,0.28,100.0,0.0,30,750,0.0,829.03,4,0.0,5.0,2026-04-10 11:28:08.535673+02:00
11,5.0,0.0,0,0.0,16088.123333333333,18573.766875,16239.346210425052,0.2098,100.0,0.0,8,748,0.0,121.83,0,0.0,2.0,2026-04-10 11:28:08.535673+02:00
13,0.0,348.9,0,0.0,24831.32222222222,29306.16214285714,13824.755019030785,0.325,100.0,0.0,91,755,99.66,225.14,4,0.0,4.0,2026-04-10 11:28:08.535673+02:00
14,8.0,220.38,0,0.0,19123.98181818182,22814.404,13863.093993081095,0.2124,100.0,0.0,17,703,0.0,446.83,3,0.0,8.0,2026-04-10 11:28:08.535673+02:00
15,7.0,129.26,0,0.0,19644.839090909092,23617.97173076923,14539.478700523345,0.2628,100.0,0.0,35,706,329.19,1924.08,8,0.0,14.0,2026-04-10 11:28:08.535673+02:00
22,6.0,442.11,0,0.0,23055.03142857143,22306.6302,14771.774705720974,0.5381,100.0,0.0,17,624,668.48,1603.34,9,0.0,7.0,2026-04-10 11:28:08.535673+02:00
26,3.0,0.0,0,0.0,27777.373,23753.196551724137,14760.036361539238,0.2279,100.0,0.0,46,709,0.0,503.54,4,0.0,11.0,2026-04-10 11:28:08.535673+02:00
27,0.0,572.12,0,0.0,33516.84,18969.338571428572,14058.676622662531,0.4547,100.0,0.0,23,756,0.0,24.1,2,0.0,4.0,2026-04-10 11:28:08.535673+02:00
32,7.0,12.57,0,0.0,15690.507857142857,17805.41361111111,14596.660702105075,0.2373,100.0,0.0,30,625,0.0,923.72,2,0.0,7.0,2026-04-10 11:28:08.535673+02:00
34,0.0,228.01,0,0.0,29517.27125,27776.494,14331.74514801032,0.3336,100.0,0.0,45,686,76.33,216.82,2,0.0,9.0,2026-04-10 11:28:08.535673+02:00
36,0.0,502.2,0,0.0,32307.4325,17668.509285714284,14822.422583734156,0.2366,100.0,0.0,34,791,20.29,384.57,2,0.0,7.0,2026-04-10 11:28:08.535673+02:00
38,69.0,602.96,0,0.0,2283.826818181818,7255.282,28016.86631294352,0.4628,100.0,0.0,29,738,91.04,748.04,8,0.0,12.0,2026-04-10 11:28:08.535673+02:00
40,0.0,61.24,0,0.0,22736.44875,20310.535,13772.85758350121,0.2463,100.0,0.0,40,754,281.0,976.82,1,0.0,3.0,2026-04-10 11:28:08.535673+02:00
42,0.0,0.0,0,0.0,26551.744545454545,29915.65652173913,15548.699128499355,0.3268,100.0,0.0,66,596,6.52,972.35,5,0.0,3.0,2026-04-10 11:28:08.535673+02:00
47,4.0,1534.37,0,0.0,26077.66,23257.686585365853,15155.494025568323,0.3781,100.0,0.0,57,780,180.84,393.68,5,0.0,6.0,2026-04-10 11:28:08.535673+02:00
48,4.0,32.47,1,14251.55,22606.337272727273,24118.342857142856,14845.766616842579,0.3016,100.0,0.0,58,664,49.52,367.82,4,0.0,9.0,2026-04-10 11:28:08.535673+02:00
53,3.0,1257.64,1,8980.45,16784.943333333333,19880.7896,12958.024970464126,0.2342,100.0,0.0,51,707,145.48,533.26,5,0.0,5.0,2026-04-10 11:28:08.535673+02:00
57,3.0,0.0,0,0.0,27089.305,24459.93666666667,11544.222183092606,0.2331,100.0,0.0,22,770,55.39,902.18,1,0.0,5.0,2026-04-10 11:28:08.535673+02:00
61,2.0,0.0,0,0.0,21483.02,22506.476875,12835.808770403657,0.4814,100.0,0.0,101,747,0.0,68.97,1,0.0,2.0,2026-04-10 11:28:08.535673+02:00
62,2.0,1487.98,0,0.0,27071.594,26833.44875,14261.680644475633,0.458,100.0,0.0,67,671,0.0,0.88,1,0.0,7.0,2026-04-10 11:28:08.535673+02:00
63,4.0,13.3,0,0.0,18872.73,23893.712368421053,14012.333819360232,0.5809,100.0,0.0,14,788,25.69,778.98,4,0.0,5.0,2026-04-10 11:28:08.535673+02:00
65,0.0,142.79,0,0.0,27232.58625,23804.9,15393.389467987008,0.2577,100.0,0.0,38,735,7.18,221.31,3,0.0,4.0,2026-04-10 11:28:08.535673+02:00
67,0.0,230.68,0,0.0,22840.695555555554,25135.528,13132.960845930213,0.5618,100.0,0.0,8,770,571.2,623.47,3,0.0,5.0,2026-04-10 11:28:08.535673+02:00
70,0.0,109.55,0,0.0,33174.032,23402.9675,13913.702618279083,0.2878,100.0,0.0,92,592,0.0,146.3,3,0.0,3.0,2026-04-10 11:28:08.535673+02:00
71,1.0,61.14,0,0.0,24137.668,24902.24052631579,15773.877704482271,0.3666,100.0,0.0,26,793,37.34,114.62,1,0.0,2.0,2026-04-10 11:28:08.535673+02:00
76,1.0,1260.11,0,0.0,13089.86,22929.507857142857,11131.786270637775,0.3979,100.0,0.0,77,622,56.97,56.97,1,0.0,5.0,2026-04-10 11:28:08.535673+02:00
78,2.0,29.42,0,0.0,25553.721818181817,24226.612702702703,13348.121519267945,0.5565,100.0,0.0,65,656,47.86,473.65,5,0.0,9.0,2026-04-10 11:28:08.535673+02:00
82,7.0,253.21,1,7198.18,23504.3525,22064.58463414634,13811.850856833604,0.3871,100.0,0.0,78,716,1214.5,2292.81,6,0.0,10.0,2026-04-10 11:28:08.535673+02:00
84,2.0,4.79,0,0.0,17875.4475,23743.06931034483,13885.204909248556,0.4891,100.0,0.0,104,599,228.55,676.36,4,0.0,3.0,2026-04-10 11:28:08.535673+02:00
88,1.0,76.51,0,0.0,28332.7325,21970.765625,10220.197172746943,0.5837,100.0,0.0,21,716,32.45,115.06,2,0.0,3.0,2026-04-10 11:28:08.535673+02:00
90,2.0,1196.02,0,0.0,22458.781333333332,22620.62375,12623.420958262994,0.2131,100.0,0.0,15,734,375.61,673.17,3,0.0,6.0,2026-04-10 11:28:08.535673+02:00
92,1.0,521.61,0,0.0,27227.58,24597.621904761905,10957.629072762227,0.5077,100.0,0.0,7,720,48.62,463.23,5,0.0,3.0,2026-04-10 11:28:08.535673+02:00
93,10.0,0.0,0,0.0,20383.062666666665,22535.864583333332,12645.366269363087,0.22,100.0,0.0,64,668,6.55,1240.46,8,0.0,5.0,2026-04-10 11:28:08.535673+02:00
95,5.0,0.0,0,0.0,14321.406,20189.820555555554,15337.606677293585,0.3105,100.0,0.0,97,718,79.76,82.23,1,0.0,2.0,2026-04-10 11:28:08.535673+02:00
96,4.0,249.19,0,0.0,20763.096666666668,22663.151818181817,14159.342687472254,0.2039,100.0,0.0,5,774,25.18,852.09,5,0.0,10.0,2026-04-10 11:28:08.535673+02:00
97,0.0,406.35,0,0.0,30951.22333333333,26805.5195,14000.327505600173,0.3588,100.0,0.0,17,686,151.09,440.02,4,0.0,4.0,2026-04-10 11:28:08.535673+02:00
100,3.0,50.0,0,0.0,25892.536666666667,16459.456666666665,14263.21444651162,0.2477,100.0,0.0,78,667,0.0,196.66,1,0.0,2.0,2026-04-10 11:28:08.535673+02:00
102,1.0,142.62,0,0.0,22661.60375,23516.1928,12830.63035549307,0.4015,100.0,0.0,44,588,416.11,1389.47,4,0.0,3.0,2026-04-10 11:28:08.535673+02:00
103,3.0,3779.57,0,0.0,27915.676666666666,24775.19243902439,15100.190730897306,0.3627,100.0,0.0,48,608,449.74,1567.28,8,0.0,12.0,2026-04-10 11:28:08.535673+02:00
107,11.0,912.09,1,10006.41,17955.41857142857,14261.457,15562.577401465705,0.3272,100.0,0.0,54,570,0.0,11563.06,2,0.0,3.0,2026-04-10 11:28:08.535673+02:00
108,10.0,0.0,0,0.0,22296.793333333335,19197.854,12166.80362932341,0.3126,100.0,0.0,16,592,0.0,1165.35,2,0.0,6.0,2026-04-10 11:28:08.535673+02:00
114,1.0,1903.93,0,0.0,35169.508571428574,30606.42347826087,14830.126854778215,0.2166,100.0,0.0,34,652,62.83,1522.03,5,0.0,6.0,2026-04-10 11:28:08.535673+02:00
115,2.0,294.92,0,0.0,23392.184736842104,23074.299166666668,14346.828113335014,0.2663,100.0,0.0,10,850,209.51,1859.55,7,0.0,6.0,2026-04-10 11:28:08.535673+02:00
120,1.0,203.68,0,0.0,33345.647777777776,28436.56333333333,17102.19715263228,0.5124,100.0,0.0,62,722,32.14,66.71,3,0.0,4.0,2026-04-10 11:28:08.535673+02:00
124,1.0,14.47,0,0.0,24548.085,22604.7625,17038.25003488823,0.2054,100.0,0.0,15,778,0.0,14.43,1,0.0,2.0,2026-04-10 11:28:08.535673+02:00
126,1.0,117.91,0,0.0,27426.441666666666,27666.425,12953.627735007945,0.3191,100.0,0.0,30,680,318.59,1165.44,8,0.0,12.0,2026-04-10 11:28:08.535673+02:00
131,1.0,89.49,0,0.0,17735.801,21882.69,13260.285893188979,0.4851,100.0,0.0,41,739,0.0,993.48,5,0.0,5.0,2026-04-10 11:28:08.535673+02:00
134,11.0,906.05,0,0.0,20255.259166666667,17880.44052631579,14862.996439680226,0.2813,100.0,0.0,17,694,93.64,1164.88,5,0.0,8.0,2026-04-10 11:28:08.535673+02:00
135,1.0,686.45,0,0.0,21736.494,24067.672173913044,13419.679436597375,0.2081,100.0,0.0,16,832,247.03,490.03,4,0.0,4.0,2026-04-10 11:28:08.535673+02:00
136,1.0,432.76,0,0.0,29123.404285714285,23807.044375,14955.552700808976,0.6613,100.0,0.0,73,668,31.22,731.01,3,0.0,8.0,2026-04-10 11:28:08.535673+02:00
137,15.0,2008.5,0,0.0,26788.616363636364,22853.67225,16002.787269468477,0.5262,100.0,0.0,4,850,129.74,1529.65,5,0.0,17.0,2026-04-10 11:28:08.535673+02:00
139,4.0,416.93,0,0.0,27980.787333333334,25429.286888888888,13295.606966858193,0.3336,100.0,0.0,32,670,168.75,1085.15,5,0.0,11.0,2026-04-10 11:28:08.535673+02:00
145,2.0,1888.46,0,0.0,26693.009166666667,23504.832586206896,15141.375315496023,0.3229,100.0,0.0,5,801,18.41,528.17,4,0.0,10.0,2026-04-10 11:28:08.535673+02:00
149,5.0,59.98,2,16210.24,19501.289,22214.912916666668,14857.100384180365,0.3613,100.0,0.0,36,716,131.71,1724.34,4,0.0,7.0,2026-04-10 11:28:08.535673+02:00
151,2.0,127.45,0,0.0,24711.106666666667,29007.043214285713,13978.127299671507,0.2135,100.0,0.0,6,699,87.17,917.53,5,0.0,9.0,2026-04-10 11:28:08.535673+02:00
154,1.0,271.69,0,0.0,25329.448125,25663.532285714286,14942.129040414764,0.2903,100.0,0.0,19,688,571.41,1538.13,4,0.0,5.0,2026-04-10 11:28:08.535673+02:00
155,1.0,0.0,0,0.0,25356.468,25268.68125,13643.441581465468,0.2378,100.0,0.0,107,667,157.8,745.85,3,0.0,5.0,2026-04-10 11:28:08.535673+02:00
156,5.0,808.74,0,0.0,26331.230909090908,24840.644,14765.017152301269,0.3727,100.0,0.0,36,814,31.85,717.49,3,0.0,3.0,2026-04-10 11:28:08.535673+02:00
160,0.0,363.96,0,0.0,19636.88,19404.59888888889,11389.126283082907,0.3574,100.0,0.0,120,666,0.0,245.89,1,0.0,1.0,2026-04-10 11:28:08.535673+02:00
167,0.0,647.47,0,0.0,36089.52875,31585.557777777776,11818.82012672423,0.2343,100.0,0.0,43,774,0.0,690.68,2,0.0,5.0,2026-04-10 11:28:08.535673+02:00
168,10.0,2286.69,1,8901.64,28460.90272727273,24633.391794871794,12844.65250311242,0.2513,100.0,0.0,105,732,221.33,686.9,6,0.0,10.0,2026-04-10 11:28:08.535673+02:00
169,6.0,1669.2,0,0.0,13497.968333333334,20243.238823529413,16030.134746105126,0.3154,100.0,0.0,45,795,16.02,370.96,3,0.0,9.0,2026-04-10 11:28:08.535673+02:00
171,4.0,361.33,0,0.0,26000.959444444445,27507.623111111112,12948.208716245024,0.252,100.0,0.0,95,703,117.7,3032.61,7,0.0,10.0,2026-04-10 11:28:08.535673+02:00
174,0.0,29.74,0,0.0,25618.944444444445,27365.2435,15770.452917676865,0.291,100.0,0.0,42,735,81.78,2023.75,5,0.0,2.0,2026-04-10 11:28:08.535673+02:00
176,5.0,221.93,0,0.0,18137.73222222222,22426.23608695652,11494.800719842196,0.2108,100.0,0.0,33,850,652.18,1834.69,4,0.0,5.0,2026-04-10 11:28:08.535673+02:00
180,1.0,42.15,0,0.0,21408.48,18280.0925,11305.293000958389,0.4081,100.0,0.0,86,678,0.0,197.91,1,0.0,3.0,2026-04-10 11:28:08.535673+02:00
181,0.0,0.0,0,0.0,31086.79875,22745.928095238094,12766.381943083996,0.2856,100.0,0.0,32,798,0.0,1888.65,2,0.0,3.0,2026-04-10 11:28:08.535673+02:00
183,1.0,428.75,0,0.0,13906.85,21830.2232,15026.779394294368,0.2064,100.0,0.0,3,748,175.59,178.06,0,0.0,4.0,2026-04-10 11:28:08.535673+02:00
184,4.0,33.83,0,0.0,25387.084166666667,24519.92606060606,14655.305352434545,0.2506,100.0,0.0,60,805,654.08,1687.77,6,0.0,7.0,2026-04-10 11:28:08.535673+02:00
186,0.0,59.29,0,0.0,23565.21125,22121.746363636365,15480.730228331238,0.2967,100.0,0.0,19,698,0.0,216.38,4,0.0,5.0,2026-04-10 11:28:08.535673+02:00
187,1.0,937.57,0,0.0,27234.86875,26076.9005,14694.659772260966,0.3638,100.0,0.0,64,714,1418.69,2586.22,6,0.0,8.0,2026-04-10 11:28:08.535673+02:00
190,3.0,666.55,0,0.0,18186.695,22741.14125,14433.757875948982,0.2626,100.0,0.0,18,642,0.0,255.87,3,0.0,8.0,2026-04-10 11:28:08.535673+02:00
192,0.0,56.76,0,0.0,34560.9925,30333.22,8258.413008968491,0.3196,100.0,0.0,99,578,0.0,185.19,1,0.0,5.0,2026-04-10 11:28:08.535673+02:00
193,0.0,54.53,0,0.0,24287.681428571428,23227.5595,12145.193309040607,0.3031,100.0,0.0,65,637,0.0,494.16,5,0.0,3.0,2026-04-10 11:28:08.535673+02:00
194,0.0,271.28,0,0.0,15241.417142857143,22785.952222222222,15764.959265951728,0.2217,100.0,0.0,44,725,136.07,1092.51,5,0.0,3.0,2026-04-10 11:28:08.535673+02:00
195,2.0,235.14,0,0.0,22487.02666666667,21537.981666666667,14323.382072538088,0.2099,100.0,0.0,18,565,0.0,894.66,1,0.0,3.0,2026-04-10 11:28:08.535673+02:00
198,16.0,144.38,1,5765.75,9794.046666666667,14380.172692307693,13454.554325571053,0.3438,100.0,0.0,35,597,346.34,854.74,3,0.0,5.0,2026-04-10 11:28:08.535673+02:00
200,4.0,388.43,0,0.0,27217.68652173913,26191.119333333332,14815.438490993762,0.4124,100.0,0.0,78,529,1624.89,3193.24,9,0.0,21.0,2026-04-10 11:28:08.535673+02:00
201,1.0,80.02,0,0.0,13880.22,29422.344545454547,14626.201683668043,0.3114,100.0,0.0,84,613,0.0,103.84,1,0.0,1.0,2026-04-10 11:28:08.535673+02:00
202,4.0,133.3,0,0.0,29014.23375,23747.5528125,14289.101495148372,0.2155,100.0,0.0,13,610,0.0,795.3,4,0.0,8.0,2026-04-10 11:28:08.535673+02:00
203,3.0,1080.35,0,0.0,21502.743333333332,24029.15142857143,12992.275739125073,0.2062,100.0,0.0,10,593,0.0,91.41,3,0.0,6.0,2026-04-10 11:28:08.535673+02:00
204,3.0,1511.34,0,0.0,24521.15090909091,21893.349285714285,12808.84589462296,0.2225,100.0,0.0,89,722,0.0,1258.5,2,0.0,6.0,2026-04-10 11:28:08.535673+02:00
205,0.0,0.0,0,0.0,17928.41,16364.82125,12062.288740290376,0.646,100.0,0.0,28,812,0.0,29.46,1,0.0,7.0,2026-04-10 11:28:08.535673+02:00
206,10.0,0.0,0,0.0,17590.73375,23047.869642857142,12632.694806837953,0.4502,100.0,0.0,88,789,0.0,34.61,1,0.0,5.0,2026-04-10 11:28:08.535673+02:00
209,7.0,820.85,0,0.0,31285.38705882353,25558.4,14527.32734107501,0.2954,100.0,0.0,77,747,712.42,1274.57,4,0.0,7.0,2026-04-10 11:28:08.535673+02:00
211,4.0,65.26,0,0.0,28374.022307692307,26746.030208333334,12545.657412222448,0.2783,100.0,0.0,44,621,2292.15,3262.83,6,0.0,8.0,2026-04-10 11:28:08.535673+02:00
213,0.0,253.45,0,0.0,27353.6,23610.996666666666,13454.918478690237,0.3072,100.0,0.0,5,627,0.0,685.32,3,0.0,5.0,2026-04-10 11:28:08.535673+02:00
214,3.0,105.42,0,0.0,27632.25888888889,27558.939583333333,13836.430639675607,0.4798,100.0,0.0,6,662,0.0,377.25,3,0.0,9.0,2026-04-10 11:28:08.535673+02:00
216,1.0,569.07,0,0.0,24359.086,26082.5459375,15221.991656922693,0.5282,100.0,0.0,34,692,1000.59,1148.01,5,0.0,10.0,2026-04-10 11:28:08.535673+02:00
217,4.0,240.44,0,0.0,20320.18666666667,21740.872962962963,13507.47342298132,0.2161,100.0,0.0,8,806,1182.82,2247.25,5,0.0,8.0,2026-04-10 11:28:08.535673+02:00
221,2.0,79.89,0,0.0,22985.153846153848,24446.888529411764,16108.268513228035,0.534,100.0,0.0,40,663,135.83,306.57,3,0.0,5.0,2026-04-10 11:28:08.535673+02:00
223,6.0,513.81,0,0.0,16324.41,16142.844166666666,14618.474583090603,0.2854,100.0,0.0,114,631,3.99,191.05,2,0.0,4.0,2026-04-10 11:28:08.535673+02:00
226,5.0,343.22,0,0.0,23296.989444444444,23044.596,14497.915183804842,0.4117,100.0,0.0,65,669,29.42,409.65,4,0.0,9.0,2026-04-10 11:28:08.535673+02:00
229,1.0,546.14,0,0.0,18612.382,24184.318571428572,13277.16717315905,0.4687,100.0,0.0,81,724,0.0,65.06,1,0.0,5.0,2026-04-10 11:28:08.535673+02:00
231,6.0,0.0,1,5360.2,18521.87,18978.091904761906,14339.794100492523,0.5229,100.0,0.0,114,725,0.0,465.04,2,0.0,4.0,2026-04-10 11:28:08.535673+02:00
232,8.0,959.94,0,0.0,29218.32125,21697.2286,12197.652477371865,0.3223,100.0,0.0,66,694,213.28,2286.11,7,0.0,8.0,2026-04-10 11:28:08.535673+02:00
233,3.0,151.03,0,0.0,22056.146,20001.01825,13597.28684291096,0.3663,100.0,0.0,36,730,432.37,1588.92,5,0.0,5.0,2026-04-10 11:28:08.535673+02:00
235,0.0,434.03,0,0.0,24404.753125,23792.279583333333,14862.388726497942,0.2517,100.0,0.0,30,690,119.96,1087.45,7,0.0,12.0,2026-04-10 11:28:08.535673+02:00
237,1.0,252.44,0,0.0,24972.9575,24857.9116,13982.496562242288,0.2908,100.0,0.0,64,790,0.0,1884.86,1,0.0,6.0,2026-04-10 11:28:08.535673+02:00
239,0.0,692.14,0,0.0,25561.675,22773.83947368421,12778.061251996874,0.219,100.0,0.0,39,516,107.57,208.55,1,0.0,2.0,2026-04-10 11:28:08.535673+02:00
240,5.0,109.65,0,0.0,19226.376,21390.006875,14245.104411807244,0.514,100.0,0.0,105,726,300.15,1661.66,4,0.0,7.0,2026-04-10 11:28:08.535673+02:00
242,3.0,958.29,0,0.0,29732.16375,26409.997115384616,15305.197152275074,0.2627,100.0,0.0,14,753,123.82,322.58,6,0.0,12.0,2026-04-10 11:28:08.535673+02:00
245,6.0,72.64,0,0.0,23423.367,26367.70357142857,13420.17002625385,0.6594,100.0,0.0,88,808,159.97,1517.12,9,0.0,14.0,2026-04-10 11:28:08.535673+02:00
249,3.0,1252.35,0,0.0,19453.594,21398.52956521739,14929.650900967532,0.3274,100.0,0.0,109,673,0.0,810.88,3,0.0,5.0,2026-04-10 11:28:08.535673+02:00
250,4.0,616.61,0,0.0,17776.729444444445,20602.373269230768,12922.37100038381,0.2892,100.0,0.0,43,640,231.44,881.19,4,0.0,10.0,2026-04-10 11:28:08.535673+02:00
252,9.0,393.75,0,0.0,16787.065454545456,20923.0124,11426.818771443706,0.3617,100.0,0.0,82,621,22.95,386.17,3,0.0,3.0,2026-04-10 11:28:08.535673+02:00
255,3.0,337.14,0,0.0,23707.68,24689.043333333335,13251.007703303696,0.2031,100.0,0.0,87,797,14.48,63.72,3,0.0,6.0,2026-04-10 11:28:08.535673+02:00
256,2.0,1241.49,0,0.0,18278.83,23658.307083333333,14599.778223322855,0.5138,100.0,0.0,46,777,188.94,1011.31,6,0.0,9.0,2026-04-10 11:28:08.535673+02:00
258,2.0,166.22,0,0.0,25747.422222222223,22356.039583333335,14427.06017332345,0.2737,100.0,0.0,27,706,2150.02,2161.32,4,0.0,4.0,2026-04-10 11:28:08.535673+02:00
263,4.0,10.56,0,0.0,27437.88,21627.819285714286,13237.771500787845,0.3641,100.0,0.0,74,612,40.69,178.46,2,0.0,2.0,2026-04-10 11:28:08.535673+02:00
264,1.0,153.59,0,0.0,19999.15125,24200.912258064516,15505.76172693936,0.2765,100.0,0.0,38,731,147.62,365.37,4,0.0,4.0,2026-04-10 11:28:08.535673+02:00
266,0.0,112.72,0,0.0,31160.015,29037.375384615385,16143.345672898364,0.3528,100.0,0.0,38,850,37.95,169.2,2,0.0,1.0,2026-04-10 11:28:08.535673+02:00
267,3.0,0.0,0,0.0,20731.8925,22429.949615384616,13647.23803032757,0.2711,100.0,0.0,48,850,9.86,123.37,2,0.0,8.0,2026-04-10 11:28:08.535673+02:00
268,19.0,1504.13,1,6134.9,27441.834545454545,23380.298181818183,15019.63367383293,0.4155,100.0,0.0,118,756,176.53,727.93,4,0.0,5.0,2026-04-10 11:28:08.535673+02:00
269,3.0,417.36,0,0.0,24264.446666666667,25311.74,14593.615221955419,0.2056,100.0,0.0,77,611,545.15,937.67,4,0.0,9.0,2026-04-10 11:28:08.535673+02:00
271,27.0,647.23,2,19741.02,7646.34875,12013.816285714285,18082.212200418886,0.4831,100.0,0.0,97,707,338.11,3642.58,5,0.0,8.0,2026-04-10 11:28:08.535673+02:00
272,1.0,1793.0,0,0.0,23280.607368421053,24292.894444444446,14499.376357034664,0.2264,100.0,0.0,48,763,449.75,2320.88,9,0.0,9.0,2026-04-10 11:28:08.535673+02:00
274,26.0,289.47,1,12799.72,22772.468333333334,19226.41696969697,15408.399131539105,0.488,100.0,0.0,72,751,34.56,115.43,3,0.0,6.0,2026-04-10 11:28:08.535673+02:00
275,0.0,68.6,0,0.0,24417.175,28879.125333333333,14631.916630416248,0.2127,100.0,0.0,49,687,0.0,90.46,1,0.0,1.0,2026-04-10 11:28:08.535673+02:00
276,0.0,191.7,0,0.0,27280.434444444443,28859.14894736842,15034.358470599022,0.3387,100.0,0.0,15,624,150.18,179.6,0,0.0,3.0,2026-04-10 11:28:08.535673+02:00
278,6.0,56.44,0,0.0,18821.413,21946.894705882354,14581.927640863865,0.3333,100.0,0.0,38,751,242.63,404.86,4,0.0,5.0,2026-04-10 11:28:08.535673+02:00
279,6.0,276.73,0,0.0,23193.434444444443,27112.522105263157,16083.042017508797,0.531,100.0,0.0,37,749,0.0,537.73,0,0.0,6.0,2026-04-10 11:28:08.535673+02:00
280,1.0,190.77,0,0.0,32676.58875,35823.13282051282,31499.385864126838,0.2311,100.0,0.0,51,692,473.84,1164.14,7,0.0,8.0,2026-04-10 11:28:08.535673+02:00
282,3.0,130.76,0,0.0,22112.8925,24987.808928571427,14628.69997424518,0.5236,100.0,0.0,42,831,238.88,478.46,2,0.0,5.0,2026-04-10 11:28:08.535673+02:00
283,1.0,777.02,0,0.0,23438.191,23789.62451612903,11485.238719434285,0.3855,100.0,0.0,15,638,40.87,347.59,4,0.0,4.0,2026-04-10 11:28:08.535673+02:00
284,1.0,63.49,0,0.0,19505.14181818182,20728.157931034482,14598.093726023551,0.281,100.0,0.0,52,850,13.39,556.99,5,0.0,6.0,2026-04-10 11:28:08.535673+02:00
285,9.0,126.84,0,0.0,14358.325,23335.56108108108,15455.667680870742,0.2564,100.0,0.0,82,629,65.29,202.39,5,0.0,8.0,2026-04-10 11:28:08.535673+02:00
286,1.0,168.7,0,0.0,28042.975833333334,23009.272368421054,14500.321255766143,0.2396,100.0,0.0,24,850,7.81,726.28,7,0.0,13.0,2026-04-10 11:28:08.535673+02:00
288,0.0,0.0,0,0.0,48474.15,27261.58142857143,14708.433001036636,0.2629,100.0,0.0,58,623,0.0,51.47,0,0.0,0.0,2026-04-10 11:28:08.535673+02:00
289,2.0,604.39,0,0.0,20075.2975,30186.379411764705,11941.804705958499,0.3255,100.0,0.0,63,684,0.0,371.26,0,0.0,5.0,2026-04-10 11:28:08.535673+02:00
290,3.0,104.99,0,0.0,27040.56333333333,27241.277,13199.962611434967,0.2327,100.0,0.0,10,732,0.0,1275.45,3,0.0,4.0,2026-04-10 11:28:08.535673+02:00
292,5.0,220.89,1,13484.22,24603.895263157894,24131.662105263156,14774.703560166583,0.2287,100.0,0.0,8,739,456.27,510.21,4,0.0,5.0,2026-04-10 11:28:08.535673+02:00
293,4.0,313.76,0,0.0,27307.659166666668,27976.381944444445,14268.531942092754,0.2447,100.0,0.0,117,666,485.7,1579.38,6,0.0,5.0,2026-04-10 11:28:08.535673+02:00
294,7.0,155.68,0,0.0,23075.69947368421,21839.138,13806.037022559405,0.3896,100.0,0.0,19,765,164.42,3210.6,6,0.0,10.0,2026-04-10 11:28:08.535673+02:00
296,6.0,2.19,1,5778.9,13480.35125,16515.715,16297.562009986494,0.5024,100.0,0.0,71,652,201.62,738.22,5,0.0,4.0,2026-04-10 11:28:08.535673+02:00
298,0.0,269.72,0,0.0,35732.61666666667,28979.785714285714,14291.533424009283,0.3703,100.0,0.0,82,742,0.0,314.85,2,0.0,5.0,2026-04-10 11:28:08.535673+02:00
299,1.0,425.75,0,0.0,27357.904285714285,23726.241875,13776.414093810261,0.4006,100.0,0.0,24,772,104.93,1287.9,3,0.0,7.0,2026-04-10 11:28:08.535673+02:00
300,1.0,4.94,0,0.0,29046.25909090909,26680.292592592592,14954.040367861095,0.2879,100.0,0.0,40,645,366.13,520.05,3,0.0,4.0,2026-04-10 11:28:08.535673+02:00
303,9.0,0.0,0,0.0,26349.085833333334,25457.004193548386,15968.500020864622,0.4234,100.0,0.0,22,696,73.79,1812.73,7,0.0,6.0,2026-04-10 11:28:08.535673+02:00
306,2.0,69.77,0,0.0,29011.964285714286,27479.042,14160.952202357934,0.6606,100.0,0.0,13,666,0.0,316.79,2,0.0,3.0,2026-04-10 11:28:08.535673+02:00
308,12.0,457.92,0,0.0,18889.235,21494.447575757575,14685.655030673697,0.2675,100.0,0.0,88,665,37.28,1491.41,3,0.0,11.0,2026-04-10 11:28:08.535673+02:00
312,0.0,25.49,0,0.0,18128.06333333333,26627.852666666666,13324.423194527388,0.4197,100.0,0.0,70,645,0.0,40.65,2,0.0,2.0,2026-04-10 11:28:08.535673+02:00
313,2.0,260.86,0,0.0,26733.329,25444.715,16227.766458717448,0.2174,100.0,0.0,104,669,0.0,1579.82,1,0.0,6.0,2026-04-10 11:28:08.535673+02:00
314,4.0,193.92,0,0.0,29396.7,23022.89210526316,14973.934391665784,0.236,100.0,0.0,117,796,75.28,202.98,3,0.0,3.0,2026-04-10 11:28:08.535673+02:00
316,2.0,1773.0,0,0.0,21034.72,20322.35268292683,15664.77597094584,0.3448,100.0,0.0,9,680,55.7,83.7,1,0.0,5.0,2026-04-10 11:28:08.535673+02:00
318,5.0,276.65,0,0.0,22842.047,25353.781,14593.434040933922,0.2786,100.0,0.0,49,850,83.52,827.35,4,0.0,6.0,2026-04-10 11:28:08.535673+02:00
320,5.0,170.69,0,0.0,22586.856111111112,21810.907441860465,14421.940894634972,0.5506,100.0,0.0,48,680,234.3,1814.84,7,0.0,15.0,2026-04-10 11:28:08.535673+02:00
321,2.0,28.31,0,0.0,22809.98,18744.057647058824,14522.325613432553,0.3078,100.0,0.0,5,835,28.75,40.11,0,0.0,5.0,2026-04-10 11:28:08.535673+02:00
323,5.0,843.17,0,0.0,14841.84875,20846.5855,14601.241327645563,0.3323,100.0,0.0,50,689,353.73,905.45,7,0.0,6.0,2026-04-10 11:28:08.535673+02:00
325,0.0,0.0,0,0.0,32402.700833333332,29090.730322580646,13861.200668975132,0.2097,100.0,0.0,72,570,122.53,843.34,5,0.0,8.0,2026-04-10 11:28:08.535673+02:00
330,1.0,90.87,0,0.0,22681.254375,24126.021212121213,15107.788207260952,0.2276,100.0,0.0,77,822,175.17,458.9,4,0.0,5.0,2026-04-10 11:28:08.535673+02:00
332,12.0,460.75,0,0.0,19494.459375,22424.44347826087,14436.517600459729,0.6531,100.0,0.0,6,658,149.83,344.37,4,0.0,12.0,2026-04-10 11:28:08.535673+02:00
333,8.0,691.73,1,97725.15,24515.409545454546,23295.133333333335,12726.31339547559,0.3904,100.0,0.0,59,716,390.85,3156.55,10,0.0,8.0,2026-04-10 11:28:08.535673+02:00
335,3.0,90.48,0,0.0,12833.124444444444,21958.78,16916.689819607618,0.2769,100.0,0.0,26,672,0.0,891.56,3,0.0,4.0,2026-04-10 11:28:08.535673+02:00
336,0.0,10.14,0,0.0,13827.47,20235.99882352941,16717.953002252638,0.3739,100.0,0.0,90,789,0.0,104.27,1,0.0,3.0,2026-04-10 11:28:08.535673+02:00
337,4.0,17.74,0,0.0,25739.67875,21364.650476190476,15114.760038461136,0.4112,100.0,0.0,4,768,368.61,680.91,5,0.0,6.0,2026-04-10 11:28:08.535673+02:00
341,5.0,13.06,0,0.0,24989.777,21050.712142857144,15286.28730232645,0.3368,100.0,0.0,7,711,140.32,297.41,4,0.0,6.0,2026-04-10 11:28:08.535673+02:00
343,1.0,9.85,0,0.0,26718.84,25708.18,15635.642494757501,0.4834,100.0,0.0,17,662,0.0,1670.55,5,0.0,6.0,2026-04-10 11:28:08.535673+02:00
345,3.0,757.29,0,0.0,29931.902307692308,27298.76411764706,12777.441478213288,0.3962,100.0,0.0,75,709,1517.76,2560.89,3,0.0,1.0,2026-04-10 11:28:08.535673+02:00
347,3.0,57.48,0,0.0,15334.688,27859.0164,13664.81764825887,0.6569,100.0,0.0,15,693,193.58,486.76,1,0.0,5.0,2026-04-10 11:28:08.535673+02:00
351,0.0,14.48,0,0.0,22998.027777777777,23674.5435,11079.676441056965,0.2273,100.0,0.0,49,767,64.78,262.6,0,0.0,3.0,2026-04-10 11:28:08.535673+02:00
352,0.0,116.61,0,0.0,27755.0,25531.0634375,13476.938049384262,0.3328,100.0,0.0,48,534,270.84,274.98,3,0.0,9.0,2026-04-10 11:28:08.535673+02:00
353,8.0,61.05,1,5917.99,25579.033636363638,23063.680294117647,11732.515741104364,0.385,100.0,0.0,23,732,61.89,303.32,3,0.0,8.0,2026-04-10 11:28:08.535673+02:00
354,6.0,0.0,0,0.0,28784.12285714286,26596.10268292683,13471.369229995638,0.3427,100.0,0.0,14,699,55.6,710.21,7,0.0,9.0,2026-04-10 11:28:08.535673+02:00
357,1.0,146.64,0,0.0,23353.407333333333,24511.21297297297,13588.2857781954,0.2086,100.0,0.0,93,721,238.95,1048.26,7,0.0,4.0,2026-04-10 11:28:08.535673+02:00
359,0.0,709.74,0,0.0,27079.133333333335,25714.445833333335,14465.199411128338,0.5923,100.0,0.0,39,744,79.38,265.55,1,0.0,2.0,2026-04-10 11:28:08.535673+02:00
362,9.0,509.4,1,6317.53,10752.368571428571,19704.3,15318.843937824933,0.2106,100.0,0.0,117,623,0.0,612.25,2,0.0,8.0,2026-04-10 11:28:08.535673+02:00
364,5.0,208.09,0,0.0,27926.467777777776,27206.9592,12096.527485158678,0.275,100.0,0.0,81,776,425.73,1583.7,3,0.0,7.0,2026-04-10 11:28:08.535673+02:00
366,5.0,262.08,0,0.0,5707.24,18111.28387096774,14110.91399408106,0.2903,100.0,0.0,112,752,62.76,1381.98,4,0.0,8.0,2026-04-10 11:28:08.535673+02:00
367,3.0,146.71,0,0.0,22736.558333333334,25259.289444444443,13719.083173869518,0.2942,100.0,0.0,35,703,135.3,351.93,5,0.0,1.0,2026-04-10 11:28:08.535673+02:00
368,0.0,190.03,0,0.0,25101.27625,23523.95756097561,12842.58185653678,0.4302,100.0,0.0,6,778,156.43,575.67,7,0.0,5.0,2026-04-10 11:28:08.535673+02:00
369,7.0,810.19,0,0.0,33455.88642857143,25248.835384615384,15246.52290717239,0.2928,100.0,0.0,21,736,456.9,1718.48,11,0.0,6.0,2026-04-10 11:28:08.535673+02:00
370,3.0,13.6,0,0.0,17555.039444444443,20468.762790697674,13623.993260938894,0.4459,100.0,0.0,12,731,88.33,283.25,6,0.0,7.0,2026-04-10 11:28:08.535673+02:00
371,4.0,448.36,0,0.0,23836.00125,22327.23611111111,13144.65174354643,0.2802,100.0,0.0,11,760,19.22,585.48,2,0.0,7.0,2026-04-10 11:28:08.535673+02:00
372,4.0,304.45,0,0.0,20910.735384615386,20892.98261904762,13163.628097445711,0.4135,100.0,0.0,76,670,31.12,140.39,4,0.0,12.0,2026-04-10 11:28:08.535673+02:00
380,3.0,621.66,0,0.0,26866.31,23895.057,14367.9776320612,0.2987,100.0,0.0,62,694,23.43,362.93,3,0.0,8.0,2026-04-10 11:28:08.535673+02:00
381,1.0,241.01,0,0.0,30786.9175,25805.559268292684,13417.078418609035,0.6512,100.0,0.0,20,784,673.2,1440.03,4,0.0,11.0,2026-04-10 11:28:08.535673+02:00
382,3.0,1252.97,0,0.0,23926.543636363636,23179.797575757577,15164.071553173435,0.2479,100.0,0.0,14,796,437.14,495.75,4,0.0,7.0,2026-04-10 11:28:08.535673+02:00
385,0.0,54.96,0,0.0,25279.43611111111,26611.95857142857,13977.260437946645,0.3423,100.0,0.0,56,768,522.42,2073.76,9,0.0,8.0,2026-04-10 11:28:08.535673+02:00
391,18.0,676.98,1,7207.64,28524.3525,25317.871016949153,14829.326940703922,0.2844,100.0,0.0,23,680,40.98,2006.55,7,0.0,12.0,2026-04-10 11:28:08.535673+02:00
393,1.0,145.98,1,5201.96,30950.24125,30580.549642857142,12734.988106341823,0.5328,100.0,0.0,56,676,1186.28,1241.84,2,0.0,4.0,2026-04-10 11:28:08.535673+02:00
395,0.0,81.3,0,0.0,25953.335,20394.294285714284,12788.917789591473,0.587,100.0,0.0,36,608,0.0,684.69,5,0.0,5.0,2026-04-10 11:28:08.535673+02:00
396,4.0,163.97,0,0.0,22659.309333333335,20868.756764705882,14452.77077236601,0.3864,100.0,0.0,105,762,153.81,695.82,5,0.0,6.0,2026-04-10 11:28:08.535673+02:00
398,1.0,79.47,0,0.0,27005.413076923076,24487.812333333335,13537.771780924333,0.3176,100.0,0.0,22,850,384.75,851.28,5,0.0,5.0,2026-04-10 11:28:08.535673+02:00
399,8.0,81.02,1,7177.88,21353.206,20023.88875,12323.152352026944,0.2911,100.0,0.0,27,607,75.62,404.35,3,0.0,6.0,2026-04-10 11:28:08.535673+02:00
401,1.0,20.3,0,0.0,18587.81,21438.9975,13090.20076134251,0.4804,100.0,0.0,39,671,0.0,40.78,0,0.0,2.0,2026-04-10 11:28:08.535673+02:00
405,4.0,90.49,0,0.0,20955.6225,21492.915945945944,14594.192149615352,0.3782,100.0,0.0,32,794,0.0,2187.26,4,0.0,3.0,2026-04-10 11:28:08.535673+02:00
408,1.0,162.0,0,0.0,24230.12,26009.433777777776,14032.956766539302,0.229,100.0,0.0,6,743,145.07,689.72,6,0.0,7.0,2026-04-10 11:28:08.535673+02:00
412,5.0,471.37,0,0.0,30723.776,26957.985217391306,12719.542778192821,0.358,100.0,0.0,5,704,62.36,781.42,4,0.0,5.0,2026-04-10 11:28:08.535673+02:00
414,2.0,191.68,0,0.0,24040.29111111111,23345.24541666667,13904.369732401568,0.2686,100.0,0.0,62,686,11.85,117.1,3,0.0,4.0,2026-04-10 11:28:08.535673+02:00
415,0.0,0.0,0,0.0,27121.443333333333,25060.845454545455,15175.39278357587,0.211,100.0,0.0,17,693,0.0,51.7,1,0.0,2.0,2026-04-10 11:28:08.535673+02:00
417,0.0,0.0,0,0.0,39374.29,21648.556666666667,14299.20611929985,0.2054,100.0,0.0,53,612,0.0,630.08,1,0.0,2.0,2026-04-10 11:28:08.535673+02:00
419,0.0,53.59,0,0.0,33988.87,16891.9,11637.067349755695,0.2325,100.0,0.0,53,709,0.0,178.64,1,0.0,0.0,2026-04-10 11:28:08.535673+02:00
420,7.0,261.96,1,5100.39,20661.173333333332,22484.447435897437,13285.543709655922,0.2635,100.0,0.0,115,731,190.12,562.19,4,0.0,8.0,2026-04-10 11:28:08.535673+02:00
426,0.0,361.14,0,0.0,28981.37285714286,25033.758260869567,15013.186672589636,0.3828,100.0,0.0,11,522,7.0,396.58,3,0.0,4.0,2026-04-10 11:28:08.535673+02:00
429,0.0,325.1,0,0.0,13077.158181818182,18104.267368421053,13048.101528829007,0.3896,100.0,0.0,43,642,77.76,808.88,4,0.0,5.0,2026-04-10 11:28:08.535673+02:00
431,1.0,671.62,0,0.0,27653.569285714286,24933.235833333332,12311.64185378019,0.2866,100.0,0.0,78,518,19.47,627.25,6,0.0,5.0,2026-04-10 11:28:08.535673+02:00
434,2.0,0.0,0,0.0,21449.7675,24126.225217391304,15263.33439817784,0.3626,100.0,0.0,3,774,121.84,501.63,3,0.0,2.0,2026-04-10 11:28:08.535673+02:00
436,1.0,141.72,0,0.0,24040.49375,22504.93181818182,13944.602605231965,0.2258,100.0,0.0,30,501,16.85,232.72,2,0.0,5.0,2026-04-10 11:28:08.535673+02:00
437,2.0,91.27,0,0.0,36519.3125,23977.0256,13557.59695448602,0.3183,100.0,0.0,37,843,256.39,633.63,2,0.0,3.0,2026-04-10 11:28:08.535673+02:00
440,4.0,609.67,0,0.0,23083.929545454546,23134.42918032787,13677.868398642313,0.2764,100.0,0.0,44,719,411.66,887.49,10,0.0,8.0,2026-04-10 11:28:08.535673+02:00
441,2.0,195.03,0,0.0,15252.723333333333,25980.63111111111,14436.728160329238,0.2243,100.0,0.0,24,739,8.64,1184.02,2,0.0,3.0,2026-04-10 11:28:08.535673+02:00
442,9.0,6496.5,0,0.0,25754.22333333333,22388.641276595743,16792.098486873332,0.4125,100.0,0.0,38,617,34.68,510.08,4,0.0,10.0,2026-04-10 11:28:08.535673+02:00
446,9.0,417.02,0,0.0,22291.45090909091,19659.510714285716,15483.848474228356,0.2107,100.0,0.0,85,809,131.07,570.95,3,0.0,6.0,2026-04-10 11:28:08.535673+02:00
447,2.0,0.0,0,0.0,30028.1325,25931.05,14405.338660485266,0.387,100.0,0.0,12,623,14.08,268.57,3,0.0,5.0,2026-04-10 11:28:08.535673+02:00
448,4.0,316.3,0,0.0,35760.272,26853.446875,14571.13499081777,0.3344,100.0,0.0,33,589,0.0,19.81,2,0.0,5.0,2026-04-10 11:28:08.535673+02:00
453,4.0,0.0,0,0.0,15221.0875,21670.56608695652,15264.891529972709,0.2334,100.0,0.0,8,769,160.14,160.14,1,0.0,4.0,2026-04-10 11:28:08.535673+02:00
454,3.0,342.2,0,0.0,25325.779,21873.7521875,15338.836708694032,0.4191,100.0,0.0,77,654,53.86,378.7,3,0.0,5.0,2026-04-10 11:28:08.535673+02:00
455,11.0,125.08,1,7591.42,16226.59,17682.393666666667,14802.017658972145,0.6408,100.0,0.0,75,705,4900.3,5295.69,4,0.0,6.0,2026-04-10 11:28:08.535673+02:00
457,1.0,178.49,0,0.0,26208.199333333334,24849.308780487805,14077.567415907497,0.2054,100.0,0.0,41,717,0.0,1706.27,7,0.0,12.0,2026-04-10 11:28:08.535673+02:00
458,3.0,57.31,0,0.0,28577.0325,25714.0066,14393.886662551236,0.2901,100.0,0.0,49,652,97.45,459.01,4,0.0,6.0,2026-04-10 11:28:08.535673+02:00
459,12.0,325.53,0,0.0,17933.421818181818,21947.86303030303,13084.44299710584,0.2864,100.0,0.0,98,850,0.0,118.48,2,0.0,6.0,2026-04-10 11:28:08.535673+02:00
460,1.0,0.0,0,0.0,15193.7125,15085.166153846154,13834.103261128352,0.3386,100.0,0.0,29,699,2.86,719.34,4,0.0,4.0,2026-04-10 11:28:08.535673+02:00
463,3.0,0.0,0,0.0,34438.160769230766,28034.39289473684,14953.394157386036,0.3541,100.0,0.0,71,563,120.21,492.4,6,0.0,9.0,2026-04-10 11:28:08.535673+02:00
466,5.0,583.22,1,5454.96,21922.93,21851.4448,15590.492035586081,0.4329,100.0,0.0,33,797,3.77,113.26,4,0.0,6.0,2026-04-10 11:28:08.535673+02:00
467,7.0,31.65,1,7712.29,21062.417333333335,19872.407647058822,14688.556779384231,0.2368,100.0,0.0,21,655,127.62,202.35,6,0.0,7.0,2026-04-10 11:28:08.535673+02:00
470,2.0,98.48,0,0.0,28709.790555555555,27932.255227272726,14870.903384839146,0.2027,100.0,0.0,3,680,2473.31,4501.55,8,0.0,8.0,2026-04-10 11:28:08.535673+02:00
471,1.0,2395.17,0,0.0,32113.362,25138.974,13602.794729829668,0.2391,100.0,0.0,52,778,79.05,767.68,2,0.0,10.0,2026-04-10 11:28:08.535673+02:00
473,3.0,8.02,0,0.0,17118.57,18927.20111111111,15037.574838303064,0.3541,100.0,0.0,6,532,427.56,435.92,5,0.0,12.0,2026-04-10 11:28:08.535673+02:00
475,0.0,16.49,0,0.0,35428.06,30414.4765,15036.858604736984,0.6185,100.0,0.0,96,790,31.92,244.79,2,0.0,3.0,2026-04-10 11:28:08.535673+02:00
478,5.0,627.62,0,0.0,30275.880833333333,25822.392702702702,13345.985713063716,0.2553,100.0,0.0,15,827,70.81,149.01,3,0.0,7.0,2026-04-10 11:28:08.535673+02:00
479,4.0,2273.44,0,0.0,21960.116666666665,24849.80103448276,13624.547503556889,0.3768,100.0,0.0,25,582,58.77,1141.87,6,0.0,8.0,2026-04-10 11:28:08.535673+02:00
480,7.0,938.8,0,0.0,22510.252352941177,23678.97,16076.838219115803,0.276,100.0,0.0,31,646,952.38,2140.08,7,0.0,10.0,2026-04-10 11:28:08.535673+02:00
481,2.0,3829.6,0,0.0,27661.124444444446,23311.982258064516,13673.330831290787,0.2932,100.0,0.0,41,848,195.21,302.96,1,0.0,2.0,2026-04-10 11:28:08.535673+02:00
483,2.0,27.44,0,0.0,25424.0475,25226.646857142856,12777.374316120724,0.22,100.0,0.0,14,671,399.59,490.16,7,0.0,8.0,2026-04-10 11:28:08.535673+02:00
486,0.0,10.46,0,0.0,27455.46,21425.373125,13098.721888995851,0.3059,100.0,0.0,88,636,0.0,94.85,2,0.0,3.0,2026-04-10 11:28:08.535673+02:00
487,1.0,18.93,1,6793.62,36042.09,29450.600833333334,13038.783528008189,0.3207,100.0,0.0,99,764,0.0,22.69,2,0.0,2.0,2026-04-10 11:28:08.535673+02:00
488,13.0,141.2,1,17892.77,23411.338125,24203.883725490196,15466.570205981821,0.2081,100.0,0.0,38,680,679.74,1175.6,6,0.0,11.0,2026-04-10 11:28:08.535673+02:00
489,8.0,95.23,0,0.0,15027.26090909091,18781.832258064514,16468.96142935292,0.2838,100.0,0.0,20,533,1417.55,2327.57,5,0.0,7.0,2026-04-10 11:28:08.535673+02:00
490,1.0,2.86,0,0.0,24066.023333333334,23012.86947368421,12980.23655559136,0.224,100.0,0.0,65,594,83.92,191.18,2,0.0,1.0,2026-04-10 11:28:08.535673+02:00
493,6.0,102.8,0,0.0,15962.87,23000.067674418606,14595.90395665149,0.2212,100.0,0.0,56,654,205.23,550.47,6,0.0,7.0,2026-04-10 11:28:08.535673+02:00
494,8.0,94.46,0,0.0,21792.07523809524,24130.431555555555,14777.915450580522,0.3372,100.0,0.0,29,586,686.44,812.16,6,0.0,7.0,2026-04-10 11:28:08.535673+02:00
498,5.0,167.72,0,0.0,23008.525714285715,27614.12103448276,14221.6224376081,0.2582,100.0,0.0,106,790,104.26,731.11,3,0.0,6.0,2026-04-10 11:28:08.535673+02:00
1,2.0,55.92,0,0.0,25817.854,22230.963,15466.362170623413,0.0,100.0,0.0,85,753,0.0,742.06,0,0.0,1.0,2026-04-10 11:28:08.535673+02:00
2,9.0,334.33,0,0.0,18507.205,20671.021666666667,14426.43703206653,0.0,100.0,0.0,5,555,231.86,837.07,6,0.0,7.0,2026-04-10 11:28:08.535673+02:00
7,0.0,0.0,0,0.0,34493.45,21968.892727272727,16546.17113039921,0.0,100.0,0.0,31,781,21.69,21.69,1,0.0,2.0,2026-04-10 11:28:08.535673+02:00
9,3.0,102.35,0,0.0,23921.597,21339.0834375,11174.421218830421,0.0,100.0,0.0,111,789,216.31,996.45,7,0.0,13.0,2026-04-10 11:28:08.535673+02:00
10,13.0,16.71,1,10606.16,8705.535,17678.632105263157,15573.401347609724,0.0,100.0,0.0,73,809,365.4,4227.36,3,0.0,7.0,2026-04-10 11:28:08.535673+02:00
12,0.0,0.0,0,0.0,24333.013,24787.87947368421,12824.378757032482,0.0,100.0,0.0,78,670,54.21,158.74,4,0.0,3.0,2026-04-10 11:28:08.535673+02:00
17,0.0,0.0,0,0.0,15512.653333333334,15512.653333333334,10917.546627016936,0.0,100.0,0.0,39,659,0.0,184.25,0,0.0,0.0,2026-04-10 11:28:08.535673+02:00
18,1.0,291.8,0,0.0,23061.152857142857,23928.036190476192,11557.420062358406,0.0,100.0,0.0,8,731,0.0,612.23,2,0.0,4.0,2026-04-10 11:28:08.535673+02:00
20,1.0,51.65,0,0.0,16302.1725,25872.318333333333,16213.200588562517,0.0,100.0,0.0,27,708,0.0,179.78,1,0.0,6.0,2026-04-10 11:28:08.535673+02:00
24,0.0,2669.1,0,0.0,29749.67777777778,29197.8856,12425.050267156294,0.0,100.0,0.0,33,824,7.91,251.34,4,0.0,2.0,2026-04-10 11:28:08.535673+02:00
29,8.0,335.59,0,0.0,20275.87111111111,24241.086333333333,14568.27651284358,0.0,100.0,0.0,36,825,42.15,364.33,5,0.0,11.0,2026-04-10 11:28:08.535673+02:00
37,0.0,60.0,0,0.0,25893.404166666667,25119.525769230768,15437.994544754278,0.0,100.0,0.0,46,665,660.78,1202.09,5,0.0,5.0,2026-04-10 11:28:08.535673+02:00
43,2.0,635.56,0,0.0,27050.661,26911.896,14082.269672401677,0.0,100.0,0.0,18,728,198.44,987.57,5,0.0,4.0,2026-04-10 11:28:08.535673+02:00
44,3.0,2.64,0,0.0,22221.964285714286,23636.05722222222,15529.044000931432,0.0,100.0,0.0,14,824,25.1,71.19,2,0.0,4.0,2026-04-10 11:28:08.535673+02:00
45,0.0,503.34,0,0.0,21766.02,24168.40947368421,13500.451805910043,0.0,100.0,0.0,43,758,12.26,124.84,1,0.0,2.0,2026-04-10 11:28:08.535673+02:00
50,10.0,2382.6,0,0.0,18934.893684210525,23013.184693877552,14576.925588596592,0.0,100.0,0.0,75,686,2292.54,2821.21,8,0.0,8.0,2026-04-10 11:28:08.535673+02:00
52,1.0,100.77,0,0.0,31858.453333333335,27917.953157894735,17255.582706055346,0.0,100.0,0.0,98,720,82.89,651.89,5,0.0,6.0,2026-04-10 11:28:08.535673+02:00
54,2.0,22.17,0,0.0,28054.985833333332,31322.100322580645,12100.945889927694,0.0,100.0,0.0,65,613,669.03,1004.71,5,0.0,6.0,2026-04-10 11:28:08.535673+02:00
55,1.0,137.36,0,0.0,31509.674285714285,28662.35875,12699.78146826331,0.0,100.0,0.0,29,753,32.8,367.25,3,0.0,4.0,2026-04-10 11:28:08.535673+02:00
56,13.0,147.47,0,0.0,21534.329166666666,20666.478846153845,15013.162002430587,0.0,100.0,0.0,75,745,676.04,4528.43,4,0.0,6.0,2026-04-10 11:28:08.535673+02:00
59,7.0,3845.93,0,0.0,22211.6475,17827.363846153847,12339.58623806795,0.0,100.0,0.0,110,775,148.61,318.0,1,0.0,2.0,2026-04-10 11:28:08.535673+02:00
60,0.0,0.0,0,0.0,16800.4,11437.05,5363.350000000001,0.0,100.0,0.0,114,715,0.0,30.34,0,0.0,0.0,2026-04-10 11:28:08.535673+02:00
64,1.0,185.84,0,0.0,34817.48,25014.837,14648.625090487196,0.0,100.0,0.0,40,670,31.08,104.9,2,0.0,2.0,2026-04-10 11:28:08.535673+02:00
66,2.0,5272.0,0,0.0,30770.882,19944.70875,17076.713864268087,0.0,100.0,0.0,92,795,1126.51,1652.43,2,0.0,2.0,2026-04-10 11:28:08.535673+02:00
68,10.0,0.0,1,5920.54,20811.783333333333,17385.884444444444,12796.003023877862,0.0,100.0,0.0,119,684,347.75,478.3,4,0.0,3.0,2026-04-10 11:28:08.535673+02:00
69,16.0,205.54,0,0.0,19125.86142857143,19369.364642857145,17300.249031702962,0.0,100.0,0.0,98,666,0.0,403.56,2,0.0,9.0,2026-04-10 11:28:08.535673+02:00
74,22.0,29.76,1,12579.49,14882.509333333333,20901.969714285715,15871.414788539529,0.0,100.0,0.0,76,680,480.59,911.13,7,0.0,8.0,2026-04-10 11:28:08.535673+02:00
75,0.0,251.26,0,0.0,14610.282,27107.388333333332,13805.575208817812,0.0,100.0,0.0,82,675,0.0,75.29,2,0.0,3.0,2026-04-10 11:28:08.535673+02:00
77,6.0,482.77,0,0.0,24991.952,22949.883076923077,14901.940949834423,0.0,100.0,0.0,23,648,163.61,608.18,5,0.0,4.0,2026-04-10 11:28:08.535673+02:00
79,0.0,118.98,0,0.0,33035.32,34148.60333333333,12456.328230001094,0.0,100.0,0.0,34,546,271.37,701.51,2,0.0,1.0,2026-04-10 11:28:08.535673+02:00
80,1.0,384.25,0,0.0,27684.404,26084.128064516128,13681.525285282412,0.0,100.0,0.0,67,635,326.51,1223.96,5,0.0,5.0,2026-04-10 11:28:08.535673+02:00
83,4.0,60.33,0,0.0,24357.475384615384,25431.080697674417,14318.428515163052,0.0,100.0,0.0,100,586,985.63,2782.26,3,0.0,10.0,2026-04-10 11:28:08.535673+02:00
89,0.0,0.0,0,0.0,20276.72,24835.073333333334,9158.921457501907,0.0,100.0,0.0,21,749,0.0,129.68,1,0.0,0.0,2026-04-10 11:28:08.535673+02:00
98,0.0,661.45,0,0.0,30541.422857142858,31821.492857142857,12649.912935272809,0.0,100.0,0.0,65,721,0.0,24.54,0,0.0,0.0,2026-04-10 11:28:08.535673+02:00
104,2.0,0.0,0,0.0,22816.118333333332,26112.09117647059,13431.411806361579,0.0,100.0,0.0,87,770,0.0,298.54,1,0.0,2.0,2026-04-10 11:28:08.535673+02:00
105,15.0,2717.48,2,22371.88,26517.894545454546,21201.51522727273,16986.650743045993,0.0,100.0,0.0,74,682,11304.93,11343.73,2,0.0,11.0,2026-04-10 11:28:08.535673+02:00
106,0.0,181.94,0,0.0,35585.887142857144,36334.386875,9178.77801990529,0.0,100.0,0.0,49,606,182.76,216.62,1,0.0,4.0,2026-04-10 11:28:08.535673+02:00
109,0.0,155.14,0,0.0,31524.36,27191.35823529412,12465.866622112906,0.0,100.0,0.0,76,743,0.0,138.79,1,0.0,2.0,2026-04-10 11:28:08.535673+02:00
110,6.0,462.25,0,0.0,17701.00083333333,19480.147741935485,13551.054226924074,0.0,100.0,0.0,22,679,69.75,597.48,6,0.0,12.0,2026-04-10 11:28:08.535673+02:00
113,4.0,1079.24,0,0.0,29581.92,23388.82,16385.159337372657,0.0,100.0,0.0,49,778,0.0,437.29,2,0.0,3.0,2026-04-10 11:28:08.535673+02:00
116,7.0,39.46,0,0.0,11853.575,17517.451304347825,13917.10569953778,0.0,100.0,0.0,19,680,1494.89,1929.49,4,0.0,3.0,2026-04-10 11:28:08.535673+02:00
118,6.0,0.0,0,0.0,19967.78,19495.313125,13708.904027661509,0.0,100.0,0.0,57,720,0.0,61.2,0,0.0,4.0,2026-04-10 11:28:08.535673+02:00
119,2.0,26.6,0,0.0,22077.647857142856,24026.797352941176,13644.4475604447,0.0,100.0,0.0,93,511,26.7,123.42,3,0.0,8.0,2026-04-10 11:28:08.535673+02:00
121,8.0,518.56,0,0.0,18334.801111111112,15869.223636363637,13582.280236941924,0.0,100.0,0.0,17,686,110.27,364.9,3,0.0,8.0,2026-04-10 11:28:08.535673+02:00
123,0.0,36.98,0,0.0,20083.29625,25314.953636363636,14112.01248167788,0.0,100.0,0.0,76,850,407.7,953.82,7,0.0,4.0,2026-04-10 11:28:08.535673+02:00
125,3.0,140.42,0,0.0,23589.91375,25326.15607142857,10863.704338315643,0.0,100.0,0.0,53,631,0.0,740.61,4,0.0,5.0,2026-04-10 11:28:08.535673+02:00
127,1.0,0.0,0,0.0,19602.733333333334,24677.41588235294,13226.053331699728,0.0,100.0,0.0,29,552,0.0,149.4,4,0.0,2.0,2026-04-10 11:28:08.535673+02:00
128,2.0,51.36,0,0.0,16197.005,20807.615185185186,13988.467507351368,0.0,100.0,0.0,89,850,393.18,1417.95,4,0.0,6.0,2026-04-10 11:28:08.535673+02:00
129,3.0,243.75,0,0.0,35713.3925,23498.1132,15143.345497258582,0.0,100.0,0.0,32,677,0.0,91.72,2,0.0,4.0,2026-04-10 11:28:08.535673+02:00
133,1.0,57.26,0,0.0,21101.5175,19800.891666666666,12051.672375948609,0.0,100.0,0.0,120,703,49.48,108.95,1,0.0,7.0,2026-04-10 11:28:08.535673+02:00
141,1.0,287.22,0,0.0,19872.2125,22734.82379310345,15221.827152057444,0.0,100.0,0.0,81,675,0.0,45.62,1,0.0,5.0,2026-04-10 11:28:08.535673+02:00
144,1.0,46.12,0,0.0,20620.965,19615.967368421054,13247.2162885069,0.0,100.0,0.0,107,688,66.82,145.23,1,0.0,3.0,2026-04-10 11:28:08.535673+02:00
146,12.0,360.77,0,0.0,19216.76076923077,20813.031666666666,14088.555171615264,0.0,100.0,0.0,53,664,138.82,4635.48,8,0.0,11.0,2026-04-10 11:28:08.535673+02:00
147,12.0,238.18,0,0.0,20420.11923076923,22748.071212121213,15513.940577214742,0.0,100.0,0.0,89,655,390.69,2622.25,5,0.0,6.0,2026-04-10 11:28:08.535673+02:00
148,5.0,434.29,0,0.0,21136.96416666667,23545.182857142856,16063.743688203938,0.0,100.0,0.0,52,602,604.66,1089.18,8,0.0,13.0,2026-04-10 11:28:08.535673+02:00
150,3.0,0.0,0,0.0,25358.555,21438.06777777778,14978.093308143047,0.0,100.0,0.0,45,648,0.0,240.21,1,0.0,1.0,2026-04-10 11:28:08.535673+02:00
152,8.0,168.57,0,0.0,9775.797142857144,17318.828387096775,13183.463418478541,0.0,100.0,0.0,109,790,33.56,110.45,2,0.0,2.0,2026-04-10 11:28:08.535673+02:00
153,7.0,390.7,0,0.0,17472.02090909091,19199.093548387096,13506.058907512954,0.0,100.0,0.0,110,667,300.22,506.37,2,0.0,6.0,2026-04-10 11:28:08.535673+02:00
158,0.0,0.0,0,0.0,47042.45,47042.45,0.0,0.0,100.0,0.0,89,706,0.0,393.79,1,0.0,0.0,2026-04-10 11:28:08.535673+02:00
159,2.0,582.57,0,0.0,27984.117857142857,23764.236285714287,11775.26272900296,0.0,100.0,0.0,9,764,2603.23,2988.38,4,0.0,4.0,2026-04-10 11:28:08.535673+02:00
164,2.0,369.77,0,0.0,22655.49,19129.28789473684,13590.648994176136,0.0,100.0,0.0,108,718,0.0,465.57,0,0.0,2.0,2026-04-10 11:28:08.535673+02:00
166,0.0,388.14,0,0.0,24912.795,27109.55375,11975.769999996804,0.0,100.0,0.0,84,636,0.0,11.03,1,0.0,0.0,2026-04-10 11:28:08.535673+02:00
172,1.0,65.08,0,0.0,21577.45,21338.856428571427,11531.61210239959,0.0,100.0,0.0,63,632,0.0,1489.92,5,0.0,3.0,2026-04-10 11:28:08.535673+02:00
177,6.0,57.13,0,0.0,23125.8575,25328.167115384615,13720.852405278329,0.0,100.0,0.0,53,639,1999.97,2474.53,8,0.0,5.0,2026-04-10 11:28:08.535673+02:00
178,3.0,10.27,0,0.0,16980.138333333332,14334.982307692308,13096.098217325974,0.0,100.0,0.0,94,627,22.95,217.49,3,0.0,6.0,2026-04-10 11:28:08.535673+02:00
179,1.0,45.23,0,0.0,17989.388,22769.9225,16613.940923034646,0.0,100.0,0.0,56,689,0.0,676.73,2,0.0,2.0,2026-04-10 11:28:08.535673+02:00
185,1.0,14.34,0,0.0,23410.564,24766.359411764704,12447.709789563449,0.0,100.0,0.0,17,766,366.83,434.57,1,0.0,5.0,2026-04-10 11:28:08.535673+02:00
189,0.0,1066.09,0,0.0,35381.9725,28600.417,15335.160975086665,0.0,100.0,0.0,120,655,1613.15,2302.5,1,0.0,4.0,2026-04-10 11:28:08.535673+02:00
191,8.0,10.8,0,0.0,11359.01857142857,19741.607,12582.29195045684,0.0,100.0,0.0,38,703,0.0,175.14,2,0.0,7.0,2026-04-10 11:28:08.535673+02:00
197,8.0,242.38,0,0.0,24245.788,20793.793513513512,15158.966012989791,0.0,100.0,0.0,27,638,0.0,1243.21,3,0.0,5.0,2026-04-10 11:28:08.535673+02:00
199,2.0,222.56,0,0.0,17524.79,25236.519090909092,14633.195305911615,0.0,100.0,0.0,77,627,0.0,1262.06,2,0.0,3.0,2026-04-10 11:28:08.535673+02:00
207,58.0,282.53,1,61071.46,-12501.643333333333,-9503.626428571428,33653.71558847925,0.0,100.0,0.0,112,799,159.22,219.52,1,0.0,3.0,2026-04-10 11:28:08.535673+02:00
210,2.0,0.0,0,0.0,42251.9,28126.24,14125.660000000002,0.0,100.0,0.0,59,802,26.03,26.03,0,0.0,2.0,2026-04-10 11:28:08.535673+02:00
212,0.0,0.0,0,0.0,21948.18833333333,24073.801,11236.368521699038,0.0,100.0,0.0,33,631,396.93,641.92,1,0.0,5.0,2026-04-10 11:28:08.535673+02:00
215,1.0,30.77,0,0.0,15501.795,28509.488666666668,13677.049100161856,0.0,100.0,0.0,48,691,4.74,6.49,2,0.0,1.0,2026-04-10 11:28:08.535673+02:00
220,3.0,0.0,0,0.0,19123.693333333333,21032.97,14583.358501754547,0.0,100.0,0.0,6,824,0.0,1122.91,0,0.0,6.0,2026-04-10 11:28:08.535673+02:00
222,3.0,272.05,0,0.0,29781.172,30471.265,15100.001096576121,0.0,100.0,0.0,62,652,0.0,105.97,2,0.0,3.0,2026-04-10 11:28:08.535673+02:00
224,1.0,48.59,0,0.0,27452.203636363636,25070.314666666665,14984.065174270238,0.0,100.0,0.0,26,714,253.27,3164.7,4,0.0,12.0,2026-04-10 11:28:08.535673+02:00
227,2.0,68.37,0,0.0,24475.576923076922,20830.42,13942.703133756986,0.0,100.0,0.0,46,850,195.62,757.61,8,0.0,3.0,2026-04-10 11:28:08.535673+02:00
228,2.0,111.67,0,0.0,24040.04,19990.039545454547,15758.204744276287,0.0,100.0,0.0,71,850,528.24,850.44,5,0.0,2.0,2026-04-10 11:28:08.535673+02:00
234,2.0,22.14,1,5934.29,27085.301428571427,23760.252608695653,14191.215954008529,0.0,100.0,0.0,84,792,55.61,477.39,4,0.0,8.0,2026-04-10 11:28:08.535673+02:00
236,4.0,418.6,0,0.0,15785.221,23790.08916666667,14673.073096414544,0.0,100.0,0.0,89,801,55.43,178.82,4,0.0,3.0,2026-04-10 11:28:08.535673+02:00
238,1.0,64.87,0,0.0,25202.976666666666,21515.823333333334,12038.628356695974,0.0,100.0,0.0,50,711,0.0,71.87,0,0.0,0.0,2026-04-10 11:28:08.535673+02:00
241,2.0,84.39,0,0.0,33969.58125,27330.338260869565,16706.427961427366,0.0,100.0,0.0,33,730,386.23,861.33,4,0.0,6.0,2026-04-10 11:28:08.535673+02:00
243,3.0,547.22,0,0.0,29506.456363636364,28453.635510204083,13980.586346376242,0.0,100.0,0.0,115,623,777.42,1505.5,7,0.0,4.0,2026-04-10 11:28:08.535673+02:00
244,5.0,43.1,1,6434.31,17778.657142857144,15819.934736842106,15476.946353479343,0.0,100.0,0.0,70,755,0.0,117.39,3,0.0,4.0,2026-04-10 11:28:08.535673+02:00
246,0.0,0.0,0,0.0,26890.76375,25644.05,11932.927819676528,0.0,100.0,0.0,88,678,57.34,211.32,0,0.0,3.0,2026-04-10 11:28:08.535673+02:00
247,2.0,504.29,0,0.0,22219.286363636365,21916.831379310344,15240.529396825708,0.0,100.0,0.0,73,681,106.11,446.95,4,0.0,5.0,2026-04-10 11:28:08.535673+02:00
253,0.0,82.31,0,0.0,24956.754,27454.3265,13725.492862068479,0.0,100.0,0.0,4,742,99.8,360.52,3,0.0,4.0,2026-04-10 11:28:08.535673+02:00
261,0.0,16.39,0,0.0,26847.308,26141.455,17214.7765298482,0.0,100.0,0.0,101,771,0.0,103.08,1,0.0,2.0,2026-04-10 11:28:08.535673+02:00
265,3.0,0.0,0,0.0,27219.328,28175.16619047619,14144.979274001707,0.0,100.0,0.0,77,768,0.0,194.59,5,0.0,2.0,2026-04-10 11:28:08.535673+02:00
273,0.0,0.0,0,0.0,31462.512857142858,26272.00875,15220.561732995793,0.0,100.0,0.0,100,705,315.26,879.33,4,0.0,6.0,2026-04-10 11:28:08.535673+02:00
277,0.0,0.0,0,0.0,45212.94,23039.085,22173.855000000003,0.0,100.0,0.0,81,671,0.0,7.33,0,0.0,0.0,2026-04-10 11:28:08.535673+02:00
281,0.0,162.53,0,0.0,57352.76,39865.615263157895,18263.706035218238,0.0,100.0,0.0,51,619,35.14,39.39,2,0.0,1.0,2026-04-10 11:28:08.535673+02:00
287,2.0,0.0,0,0.0,12789.06,17896.042777777777,12715.604645004676,0.0,100.0,0.0,13,766,321.65,541.18,6,0.0,8.0,2026-04-10 11:28:08.535673+02:00
291,8.0,91.15,0,0.0,23165.934166666666,23080.64,13283.720624945408,0.0,100.0,0.0,45,800,22.61,43.49,2,0.0,11.0,2026-04-10 11:28:08.535673+02:00
295,5.0,108.56,0,0.0,25860.2384,24440.918392857144,15195.100899971107,0.0,100.0,0.0,56,776,237.13,1120.63,12,0.0,14.0,2026-04-10 11:28:08.535673+02:00
297,8.0,187.11,0,0.0,22432.49619047619,23706.31148148148,13683.731875170493,0.0,100.0,0.0,65,766,1367.08,3211.1,9,0.0,8.0,2026-04-10 11:28:08.535673+02:00
301,7.0,1026.9,0,0.0,25066.175714285713,18827.0368,14787.11587747894,0.0,100.0,0.0,37,733,184.32,307.82,3,0.0,3.0,2026-04-10 11:28:08.535673+02:00
304,15.0,32.36,0,0.0,14125.564,19386.845769230767,15931.41131554823,0.0,100.0,0.0,15,692,0.0,257.57,2,0.0,5.0,2026-04-10 11:28:08.535673+02:00
305,0.0,7.66,0,0.0,22503.291666666668,20342.19777777778,11190.182088218402,0.0,100.0,0.0,69,735,56.45,56.45,0,0.0,5.0,2026-04-10 11:28:08.535673+02:00
307,6.0,94.99,0,0.0,26352.803529411765,24445.70311111111,14309.932095856719,0.0,100.0,0.0,15,727,419.43,1118.47,8,0.0,6.0,2026-04-10 11:28:08.535673+02:00
309,3.0,0.0,0,0.0,18901.302,22826.92565217391,13633.933871702757,0.0,100.0,0.0,96,730,11.35,238.99,4,0.0,6.0,2026-04-10 11:28:08.535673+02:00
311,9.0,366.22,0,0.0,28504.505,20481.125909090908,15873.977444400422,0.0,100.0,0.0,82,428,784.51,854.31,3,0.0,6.0,2026-04-10 11:28:08.535673+02:00
322,12.0,764.92,0,0.0,24529.029375,22787.402285714285,15249.57277838602,0.0,100.0,0.0,40,850,736.39,2775.88,5,0.0,5.0,2026-04-10 11:28:08.535673+02:00
327,4.0,0.0,0,0.0,33481.214,26364.543529411763,15712.180227223844,0.0,100.0,0.0,54,631,19.03,396.91,2,0.0,2.0,2026-04-10 11:28:08.535673+02:00
328,0.0,0.0,0,0.0,23279.545,23613.698333333334,10631.172208918475,0.0,100.0,0.0,87,614,0.0,242.7,1,0.0,2.0,2026-04-10 11:28:08.535673+02:00
331,6.0,0.0,0,0.0,30170.288571428573,23399.329523809523,15790.424252554814,0.0,100.0,0.0,101,755,0.0,121.57,2,0.0,6.0,2026-04-10 11:28:08.535673+02:00
334,0.0,0.0,0,0.0,27211.185,25677.669230769232,11648.966683387689,0.0,100.0,0.0,58,594,90.79,505.81,3,0.0,6.0,2026-04-10 11:28:08.535673+02:00
339,5.0,284.02,0,0.0,23795.82222222222,18994.66135135135,14980.548767597187,0.0,100.0,0.0,47,690,327.29,617.35,3,0.0,7.0,2026-04-10 11:28:08.535673+02:00
342,20.0,103.06,0,0.0,16644.596842105264,19952.51875,14058.693247209821,0.0,100.0,0.0,21,633,575.76,1697.43,6,0.0,10.0,2026-04-10 11:28:08.535673+02:00
344,16.0,784.36,1,6625.11,17243.145333333334,20297.433095238095,12989.602453567657,0.0,100.0,0.0,42,850,347.44,727.31,6,0.0,10.0,2026-04-10 11:28:08.535673+02:00
356,0.0,799.45,0,0.0,37138.03166666667,32978.49625,12613.511528224346,0.0,100.0,0.0,69,749,331.12,446.56,2,0.0,2.0,2026-04-10 11:28:08.535673+02:00
358,5.0,288.66,0,0.0,20755.897777777776,17369.917407407407,16375.665561702759,0.0,100.0,0.0,47,672,124.39,707.57,3,0.0,4.0,2026-04-10 11:28:08.535673+02:00
360,0.0,350.53,0,0.0,18762.806,26849.483125,15499.304759608864,0.0,100.0,0.0,88,764,49.71,123.33,3,0.0,5.0,2026-04-10 11:28:08.535673+02:00
361,2.0,22.52,0,0.0,26370.369166666667,24707.177714285714,14511.247319392953,0.0,100.0,0.0,12,725,47.86,281.07,5,0.0,9.0,2026-04-10 11:28:08.535673+02:00
373,1.0,184.77,0,0.0,27165.887272727272,23530.088695652175,14604.728822384386,0.0,100.0,0.0,27,670,432.91,2828.05,3,0.0,7.0,2026-04-10 11:28:08.535673+02:00
374,4.0,655.8,0,0.0,21334.846666666668,21799.09037037037,14570.676156073678,0.0,100.0,0.0,22,712,18.63,400.92,3,0.0,5.0,2026-04-10 11:28:08.535673+02:00
384,2.0,1183.27,0,0.0,26484.51875,24372.87722222222,13850.359827972301,0.0,100.0,0.0,77,842,114.79,709.48,7,0.0,5.0,2026-04-10 11:28:08.535673+02:00
390,3.0,468.47,0,0.0,44042.316,26780.285652173912,16551.806261465408,0.0,100.0,0.0,85,786,0.0,151.1,1,0.0,6.0,2026-04-10 11:28:08.535673+02:00
392,9.0,122.2,0,0.0,24553.928125,24035.292972972973,14465.482549105285,0.0,100.0,0.0,37,701,2154.94,2468.28,5,0.0,4.0,2026-04-10 11:28:08.535673+02:00
402,1.0,28.68,0,0.0,12087.3225,21453.219444444443,16353.71948327674,0.0,100.0,0.0,33,749,74.86,270.49,2,0.0,2.0,2026-04-10 11:28:08.535673+02:00
403,1.0,67.67,0,0.0,33774.29,29773.236,14087.735153723752,0.0,100.0,0.0,29,730,1.52,35.29,0,0.0,4.0,2026-04-10 11:28:08.535673+02:00
404,3.0,208.64,0,0.0,22961.131666666668,21596.54,13606.831381386439,0.0,100.0,0.0,112,608,0.0,370.19,4,0.0,10.0,2026-04-10 11:28:08.535673+02:00
406,4.0,790.02,0,0.0,25564.68125,18984.252857142856,15042.255124986807,0.0,100.0,0.0,26,806,0.0,167.03,4,0.0,8.0,2026-04-10 11:28:08.535673+02:00
407,5.0,474.96,0,0.0,24548.707692307693,24828.604848484847,16661.871597071313,0.0,100.0,0.0,88,842,541.35,776.83,4,0.0,8.0,2026-04-10 11:28:08.535673+02:00
410,1.0,134.28,0,0.0,18185.76,23880.908125,12438.19513790999,0.0,100.0,0.0,63,799,0.0,16.87,1,0.0,2.0,2026-04-10 11:28:08.535673+02:00
411,1.0,0.0,0,0.0,22501.9325,23623.112352941178,11565.711801346015,0.0,100.0,0.0,83,825,64.24,193.31,2,0.0,5.0,2026-04-10 11:28:08.535673+02:00
413,1.0,688.42,0,0.0,23754.68857142857,28776.43409090909,14454.965401945217,0.0,100.0,0.0,69,640,10.35,484.28,3,0.0,4.0,2026-04-10 11:28:08.535673+02:00
416,5.0,1300.66,0,0.0,14588.196,20965.640952380953,13855.61893880255,0.0,100.0,0.0,15,819,54.38,163.64,2,0.0,4.0,2026-04-10 11:28:08.535673+02:00
418,3.0,176.56,0,0.0,27392.594,26786.845357142858,12583.767182263447,0.0,100.0,0.0,58,718,437.91,1358.96,5,0.0,5.0,2026-04-10 11:28:08.535673+02:00
421,6.0,855.21,0,0.0,20780.967,22644.60607142857,14275.863383147627,0.0,100.0,0.0,38,674,36.89,213.41,6,0.0,5.0,2026-04-10 11:28:08.535673+02:00
422,3.0,23.78,0,0.0,21373.095,23548.24775,15049.997636495076,0.0,100.0,0.0,36,834,72.5,1021.86,8,0.0,14.0,2026-04-10 11:28:08.535673+02:00
423,2.0,0.0,0,0.0,35460.495,23210.136363636364,14849.824727019673,0.0,100.0,0.0,3,679,121.3,226.64,2,0.0,0.0,2026-04-10 11:28:08.535673+02:00
424,0.0,0.0,0,0.0,23167.33,29083.433125,12959.196365985004,0.0,100.0,0.0,39,729,0.0,11.27,1,0.0,2.0,2026-04-10 11:28:08.535673+02:00
428,0.0,29.77,0,0.0,18300.01,25762.94095238095,15360.005649859733,0.0,100.0,0.0,25,725,0.0,21.93,1,0.0,4.0,2026-04-10 11:28:08.535673+02:00
432,2.0,489.95,0,0.0,21575.551,22208.401,14480.515427450859,0.0,100.0,0.0,102,732,50.04,180.11,4,0.0,10.0,2026-04-10 11:28:08.535673+02:00
435,0.0,29.98,0,0.0,34841.70142857143,28186.59458333333,13425.19178033346,0.0,100.0,0.0,16,696,32.5,82.87,4,0.0,5.0,2026-04-10 11:28:08.535673+02:00
438,1.0,0.0,0,0.0,25257.33125,27630.75933333333,11850.486780224664,0.0,100.0,0.0,91,598,973.42,1743.32,3,0.0,3.0,2026-04-10 11:28:08.535673+02:00
443,2.0,421.52,0,0.0,25203.116363636364,22755.732333333333,13844.771398866478,0.0,100.0,0.0,86,850,71.21,775.76,5,0.0,7.0,2026-04-10 11:28:08.535673+02:00
444,11.0,538.23,0,0.0,21882.438,19411.430444444446,14867.356728167319,0.0,100.0,0.0,97,633,163.71,961.97,5,0.0,5.0,2026-04-10 11:28:08.535673+02:00
445,19.0,125.15,1,15933.71,8450.317857142858,12850.835714285715,14621.512349640421,0.0,100.0,0.0,10,573,89.36,16023.07,2,0.0,4.0,2026-04-10 11:28:08.535673+02:00
449,1.0,0.0,0,0.0,28171.083333333332,21419.32125,11982.641276148634,0.0,100.0,0.0,24,661,0.0,153.13,2,0.0,3.0,2026-04-10 11:28:08.535673+02:00
450,1.0,370.4,0,0.0,27878.87,24050.2134375,14220.137532967687,0.0,100.0,0.0,40,738,44.09,254.45,1,0.0,5.0,2026-04-10 11:28:08.535673+02:00
451,0.0,0.0,0,0.0,17880.435714285715,17955.875,15884.034399396145,0.0,100.0,0.0,80,819,444.76,1091.86,3,0.0,2.0,2026-04-10 11:28:08.535673+02:00
456,3.0,160.69,0,0.0,29801.115555555556,27354.62888888889,15845.006526278317,0.0,100.0,0.0,60,708,205.29,388.93,5,0.0,6.0,2026-04-10 11:28:08.535673+02:00
462,5.0,95.91,0,0.0,23491.13857142857,23250.507857142857,18266.723599318975,0.0,100.0,0.0,28,737,239.34,361.12,4,0.0,3.0,2026-04-10 11:28:08.535673+02:00
464,0.0,168.77,0,0.0,24499.36,20784.16,17399.70432798572,0.0,100.0,0.0,103,773,0.0,3827.48,1,0.0,3.0,2026-04-10 11:28:08.535673+02:00
465,1.0,565.21,0,0.0,21392.79,20096.789375,16825.464535486633,0.0,100.0,0.0,102,741,0.0,316.21,1,0.0,3.0,2026-04-10 11:28:08.535673+02:00
468,5.0,0.0,0,0.0,21570.043,23288.201739130436,11586.540374990078,0.0,100.0,0.0,14,616,61.12,995.21,6,0.0,3.0,2026-04-10 11:28:08.535673+02:00
469,1.0,1092.39,0,0.0,29739.494,21389.361666666668,14588.819374604707,0.0,100.0,0.0,84,681,0.0,463.93,4,0.0,6.0,2026-04-10 11:28:08.535673+02:00
472,2.0,66.04,0,0.0,13711.97625,21195.33875,14158.966616591206,0.0,100.0,0.0,63,760,1808.09,2039.68,3,0.0,7.0,2026-04-10 11:28:08.535673+02:00
474,4.0,146.01,0,0.0,13331.436666666666,18935.001875,14509.330364902362,0.0,100.0,0.0,99,786,0.0,1145.54,1,0.0,3.0,2026-04-10 11:28:08.535673+02:00
476,26.0,127.25,1,6513.37,11484.297857142858,16917.711875,19098.7239457113,0.0,100.0,0.0,63,743,0.0,1470.13,6,0.0,8.0,2026-04-10 11:28:08.535673+02:00
477,2.0,2.68,0,0.0,27031.934166666666,26135.398157894735,14710.864681602696,0.0,100.0,0.0,9,755,237.95,810.86,11,0.0,11.0,2026-04-10 11:28:08.535673+02:00
482,1.0,36.15,0,0.0,16203.925,21908.76714285714,15302.010321145062,0.0,100.0,0.0,93,737,0.0,381.72,0,0.0,3.0,2026-04-10 11:28:08.535673+02:00
485,4.0,1635.6,0,0.0,22687.57875,22704.32074074074,15978.681102163486,0.0,100.0,0.0,2,732,0.0,2637.75,4,0.0,5.0,2026-04-10 11:28:08.535673+02:00
491,4.0,205.36,0,0.0,18685.586666666666,21976.207741935483,14560.427372271008,0.0,100.0,0.0,24,790,7.74,153.83,3,0.0,6.0,2026-04-10 11:28:08.535673+02:00
492,12.0,18.19,0,0.0,26252.54076923077,22141.53393939394,13167.830895848425,0.0,100.0,0.0,50,729,11.2,390.17,3,0.0,5.0,2026-04-10 11:28:08.535673+02:00
495,0.0,0.0,0,0.0,1365.47,2644.255,1278.7849999999999,0.0,100.0,0.0,70,729,0.0,437.74,1,0.0,2.0,2026-04-10 11:28:08.535673+02:00
496,10.0,251.54,0,0.0,16731.86,16765.903636363637,14428.578949447561,0.0,100.0,0.0,53,771,258.86,4818.47,4,0.0,9.0,2026-04-10 11:28:08.535673+02:00
497,0.0,0.0,0,0.0,26049.67,30330.019166666665,12348.290900838905,0.0,100.0,0.0,102,659,16.21,49.99,2,0.0,5.0,2026-04-10 11:28:08.535673+02:00
8,0.0,0.0,0,0.0,32773.17,24368.774285714284,5233.999092810271,0.2771,100.0,0.0,67,743,0.0,0.0,0,0.0,0.0,2026-04-10 11:28:08.535673+02:00
21,0.0,30.77,0,0.0,32825.76,39184.76666666667,5879.894398577428,0.6373,100.0,0.0,46,706,0.0,0.0,0,0.0,0.0,2026-04-10 11:28:08.535673+02:00
49,1.0,599.92,0,0.0,14840.141666666666,21632.822666666667,12341.37269889292,0.2782,100.0,0.0,67,660,0.0,0.0,0,0.0,4.0,2026-04-10 11:28:08.535673+02:00
58,0.0,0.0,0,0.0,22682.94,34721.76,12038.820000000002,0.2178,100.0,0.0,24,720,0.0,0.0,0,0.0,1.0,2026-04-10 11:28:08.535673+02:00
208,1.0,0.0,0,0.0,19352.24,18128.783333333333,15943.264759922571,0.5515,100.0,0.0,53,666,0.0,0.0,0,0.0,1.0,2026-04-10 11:28:08.535673+02:00
317,0.0,0.0,0,0.0,23327.48,25159.0525,7922.319063119633,0.349,100.0,0.0,70,810,0.0,0.0,0,0.0,4.0,2026-04-10 11:28:08.535673+02:00
338,0.0,72.13,0,0.0,0.0,42580.89666666667,4915.386563057771,0.2778,100.0,0.0,28,778,0.0,0.0,0,0.0,0.0,2026-04-10 11:28:08.535673+02:00
425,6.0,175.19,1,8636.97,2433.04,13421.414,10025.86708166351,0.5045,100.0,0.0,83,787,0.0,0.0,0,0.0,0.0,2026-04-10 11:28:08.535673+02:00
427,0.0,87.77,0,0.0,23401.63,19846.66,11864.52262843727,0.2277,100.0,0.0,109,741,0.0,0.0,0,0.0,4.0,2026-04-10 11:28:08.535673+02:00
499,0.0,38.15,0,0.0,8022.77,23951.83111111111,15776.986241575238,0.2326,100.0,0.0,13,727,0.0,0.0,0,0.0,3.0,2026-04-10 11:28:08.535673+02:00
130,0.0,93.66,0,0.0,42159.46,23312.406,18222.618637273405,0.0,100.0,0.0,3,678,0.0,0.0,0,0.0,1.0,2026-04-10 11:28:08.535673+02:00
259,0.0,0.0,0,0.0,0.0,35139.53,7487.6279728206755,0.0,100.0,0.0,113,761,0.0,0.0,0,0.0,0.0,2026-04-10 11:28:08.535673+02:00
348,0.0,0.0,0,0.0,0.0,31244.325,9723.855,0.0,100.0,0.0,120,823,0.0,0.0,0,0.0,0.0,2026-04-10 11:28:08.535673+02:00
452,1.0,65.46,0,0.0,13752.23,26378.569333333333,15435.647047002369,0.0,100.0,0.0,4,679,0.0,0.0,0,0.0,3.0,2026-04-10 11:28:08.535673+02:00
16,2.0,271.35,0,0.0,17556.242,26027.16,14329.932152639569,0.0,100.0,0.0,999,763,0.0,45.52,1,0.0,2.0,2026-04-10 11:28:08.535673+02:00
19,0.0,51.56,0,0.0,25178.855,21405.39,11976.891001727035,0.0,100.0,0.0,999,649,172.32,172.32,0,0.0,0.0,2026-04-10 11:28:08.535673+02:00
23,1.0,0.0,0,0.0,17275.06,29382.32888888889,13293.582544727231,0.0,100.0,0.0,999,732,0.0,144.91,2,0.0,2.0,2026-04-10 11:28:08.535673+02:00
25,5.0,236.46,0,0.0,30648.77,30840.355714285713,11724.920402109781,0.0,100.0,0.0,999,685,0.0,1326.81,1,0.0,6.0,2026-04-10 11:28:08.535673+02:00
30,1.0,52.81,0,0.0,18234.573333333334,17474.7475,15416.377449657839,0.0,100.0,0.0,999,723,197.98,1067.65,2,0.0,1.0,2026-04-10 11:28:08.535673+02:00
31,0.0,232.02,0,0.0,21307.81333333333,22964.390555555554,13108.50929030896,0.0,100.0,0.0,999,670,101.1,427.17,2,0.0,3.0,2026-04-10 11:28:08.535673+02:00
33,0.0,19.54,0,0.0,26664.093333333334,21190.225833333334,15391.881533298358,0.0,100.0,0.0,999,709,299.67,1197.44,4,0.0,2.0,2026-04-10 11:28:08.535673+02:00
41,3.0,0.0,0,0.0,19100.481111111112,20199.2315,14732.244420521702,0.0,100.0,0.0,999,621,0.0,127.55,3,0.0,0.0,2026-04-10 11:28:08.535673+02:00
51,0.0,0.0,0,0.0,9054.115,19018.952857142856,13462.286587305096,0.0,100.0,0.0,999,655,180.56,185.39,1,0.0,1.0,2026-04-10 11:28:08.535673+02:00
72,2.0,313.33,0,0.0,23514.717272727274,21807.488620689655,12658.794637067402,0.0,100.0,0.0,999,706,0.0,1405.72,4,0.0,4.0,2026-04-10 11:28:08.535673+02:00
73,5.0,2.36,0,0.0,14343.275714285714,21109.12576923077,13894.774031973086,0.0,100.0,0.0,999,623,0.0,1098.91,1,0.0,4.0,2026-04-10 11:28:08.535673+02:00
81,1.0,203.35,0,0.0,12449.134,23780.177333333333,15573.009576487335,0.0,100.0,0.0,999,621,0.0,183.77,2,0.0,1.0,2026-04-10 11:28:08.535673+02:00
85,0.0,702.74,0,0.0,29188.422727272726,28588.73789473684,13091.665942065096,0.0,100.0,0.0,999,581,354.45,960.11,4,0.0,8.0,2026-04-10 11:28:08.535673+02:00
86,0.0,0.0,0,0.0,31005.858,28243.132222222222,15501.897375913035,0.0,100.0,0.0,999,673,0.0,632.59,2,0.0,4.0,2026-04-10 11:28:08.535673+02:00
87,0.0,22.01,0,0.0,24919.55,27685.562142857143,11995.78761865251,0.0,100.0,0.0,999,645,0.0,249.64,1,0.0,2.0,2026-04-10 11:28:08.535673+02:00
91,1.0,324.57,0,0.0,33972.69,26049.46857142857,12919.443964743064,0.0,100.0,0.0,999,640,944.76,1182.49,3,0.0,8.0,2026-04-10 11:28:08.535673+02:00
94,0.0,0.0,0,0.0,39459.38,35762.6525,12170.802550857883,0.0,100.0,0.0,999,689,21.83,21.83,0,0.0,2.0,2026-04-10 11:28:08.535673+02:00
101,1.0,3.31,0,0.0,29376.363333333335,22804.678888888888,14099.291735201225,0.0,100.0,0.0,999,597,0.0,483.8,4,0.0,6.0,2026-04-10 11:28:08.535673+02:00
111,2.0,488.32,0,0.0,19513.025714285715,20805.660625,14424.303025800964,0.0,100.0,0.0,999,690,0.0,43.08,0,0.0,1.0,2026-04-10 11:28:08.535673+02:00
138,0.0,132.71,0,0.0,23777.045,24253.4665,13774.532829431011,0.0,100.0,0.0,999,767,63.51,2174.88,1,0.0,3.0,2026-04-10 11:28:08.535673+02:00
140,1.0,0.0,0,0.0,24055.956666666665,20753.901,13427.332798284588,0.0,100.0,0.0,999,723,0.0,161.6,1,0.0,0.0,2026-04-10 11:28:08.535673+02:00
142,0.0,522.38,0,0.0,21435.534285714286,24471.708846153848,13364.601371229875,0.0,100.0,0.0,999,646,0.0,385.57,3,0.0,9.0,2026-04-10 11:28:08.535673+02:00
157,0.0,171.2,0,0.0,32154.2725,24827.465384615385,10383.073240954474,0.0,100.0,0.0,999,781,52.74,240.41,1,0.0,2.0,2026-04-10 11:28:08.535673+02:00
161,6.0,79.63,0,0.0,46006.13,20397.855,15044.471938895862,0.0,100.0,0.0,999,723,70.07,70.07,1,0.0,1.0,2026-04-10 11:28:08.535673+02:00
162,1.0,100.76,0,0.0,28214.818333333333,20833.09,11850.92664782632,0.0,100.0,0.0,999,595,51.29,147.06,0,0.0,0.0,2026-04-10 11:28:08.535673+02:00
163,3.0,7.73,0,0.0,28922.03714285714,23480.19105263158,12229.244342579581,0.0,100.0,0.0,999,673,4.56,169.58,2,0.0,6.0,2026-04-10 11:28:08.535673+02:00
175,5.0,135.28,0,0.0,25003.86909090909,21403.379310344826,14244.590188859946,0.0,100.0,0.0,999,714,1071.34,1234.28,3,0.0,8.0,2026-04-10 11:28:08.535673+02:00
182,0.0,9.2,0,0.0,20309.44,27088.984285714287,16792.23015782755,0.0,100.0,0.0,999,827,0.0,1756.46,5,0.0,3.0,2026-04-10 11:28:08.535673+02:00
188,4.0,0.0,0,0.0,24398.018,21760.741176470587,14540.453803043216,0.0,100.0,0.0,999,779,0.0,2050.82,1,0.0,2.0,2026-04-10 11:28:08.535673+02:00
219,0.0,0.0,0,0.0,37011.63,27595.707,12487.387620139009,0.0,100.0,0.0,999,595,0.0,93.28,0,0.0,3.0,2026-04-10 11:28:08.535673+02:00
225,0.0,60.42,0,0.0,21164.395,24901.7925,13992.655978988958,0.0,100.0,0.0,999,784,0.0,391.66,2,0.0,2.0,2026-04-10 11:28:08.535673+02:00
248,0.0,5.97,0,0.0,25450.586,21294.957857142857,11479.486182281964,0.0,100.0,0.0,999,693,0.0,525.59,3,0.0,4.0,2026-04-10 11:28:08.535673+02:00
251,0.0,84.97,0,0.0,51191.865,40883.39571428571,12327.471408611693,0.0,100.0,0.0,999,762,0.0,74.48,1,0.0,3.0,2026-04-10 11:28:08.535673+02:00
254,0.0,0.0,0,0.0,31422.42,23070.496666666666,6286.994452287109,0.0,100.0,0.0,999,832,0.0,21.61,1,0.0,1.0,2026-04-10 11:28:08.535673+02:00
257,1.0,0.0,0,0.0,17605.87375,22063.521875,14330.097562742822,0.0,100.0,0.0,999,850,726.18,2491.98,3,0.0,2.0,2026-04-10 11:28:08.535673+02:00
302,9.0,1.91,0,0.0,27608.873333333333,21295.671818181818,15697.995751314484,0.0,100.0,0.0,999,850,0.0,24.65,0,0.0,3.0,2026-04-10 11:28:08.535673+02:00
310,6.0,959.85,0,0.0,25046.01875,22035.982962962964,15218.93143337571,0.0,100.0,0.0,999,647,0.0,2216.88,6,0.0,11.0,2026-04-10 11:28:08.535673+02:00
315,4.0,27.51,0,0.0,20014.15,19577.213125,15834.550304645029,0.0,100.0,0.0,999,628,16.37,247.58,2,0.0,2.0,2026-04-10 11:28:08.535673+02:00
324,2.0,601.82,0,0.0,26131.068333333333,24717.206875,16768.695059727637,0.0,100.0,0.0,999,646,313.61,3127.75,4,0.0,7.0,2026-04-10 11:28:08.535673+02:00
326,13.0,150.47,1,6992.21,16106.78125,19823.37,14316.476909551193,0.0,100.0,0.0,999,731,1043.93,1448.85,3,0.0,4.0,2026-04-10 11:28:08.535673+02:00
329,10.0,852.76,0,0.0,15266.226153846153,17095.104444444445,14791.887971409978,0.0,100.0,0.0,999,787,0.0,957.05,5,0.0,6.0,2026-04-10 11:28:08.535673+02:00
340,11.0,180.38,0,0.0,27053.625,22285.4956,14643.760910239986,0.0,100.0,0.0,999,797,83.74,326.1,2,0.0,6.0,2026-04-10 11:28:08.535673+02:00
346,0.0,0.0,0,0.0,31163.823333333334,31402.025,13210.410470764147,0.0,100.0,0.0,999,629,0.0,216.96,2,0.0,0.0,2026-04-10 11:28:08.535673+02:00
349,5.0,120.99,0,0.0,21806.848,21124.56333333333,13686.434362203963,0.0,100.0,0.0,999,726,75.13,444.0,4,0.0,2.0,2026-04-10 11:28:08.535673+02:00
350,6.0,63.66,0,0.0,28401.294285714284,24744.044210526317,12278.010560291286,0.0,100.0,0.0,999,616,78.4,453.83,3,0.0,2.0,2026-04-10 11:28:08.535673+02:00
355,1.0,9.42,0,0.0,27117.29,21064.41181818182,14086.648073639108,0.0,100.0,0.0,999,749,0.0,1273.3,3,0.0,3.0,2026-04-10 11:28:08.535673+02:00
365,0.0,178.14,0,0.0,27323.155,23709.082352941175,14584.080188426464,0.0,100.0,0.0,999,597,0.0,290.12,1,0.0,5.0,2026-04-10 11:28:08.535673+02:00
375,4.0,33.38,0,0.0,23547.888,23958.304666666667,14640.76607140299,0.0,100.0,0.0,999,716,132.81,209.89,1,0.0,4.0,2026-04-10 11:28:08.535673+02:00
378,3.0,0.0,0,0.0,31876.781666666666,27324.85,15096.583020099171,0.0,100.0,0.0,999,643,140.5,706.79,3,0.0,6.0,2026-04-10 11:28:08.535673+02:00
383,0.0,107.58,0,0.0,33740.72375,30617.14379310345,11057.658307108935,0.0,100.0,0.0,999,658,269.64,744.36,5,0.0,10.0,2026-04-10 11:28:08.535673+02:00
386,1.0,247.03,0,0.0,16443.312,21981.558,14638.190820568503,0.0,100.0,0.0,999,808,0.0,384.42,1,0.0,0.0,2026-04-10 11:28:08.535673+02:00
394,2.0,64.76,0,0.0,20968.46,15846.83,15656.34813905103,0.0,100.0,0.0,999,741,161.89,161.89,2,0.0,1.0,2026-04-10 11:28:08.535673+02:00
397,0.0,126.21,0,0.0,31711.065,31711.065,8068.134999999998,0.0,100.0,0.0,999,689,0.0,5.31,1,0.0,0.0,2026-04-10 11:28:08.535673+02:00
400,2.0,36.0,0,0.0,21665.7525,22770.380833333333,12723.839103497456,0.0,100.0,0.0,999,744,0.0,2563.95,0,0.0,2.0,2026-04-10 11:28:08.535673+02:00
409,0.0,8.4,0,0.0,25401.56,34199.315,9897.51233961637,0.0,100.0,0.0,999,716,0.0,239.11,2,0.0,2.0,2026-04-10 11:28:08.535673+02:00
430,0.0,0.0,0,0.0,17355.1,26848.7425,16515.780164447842,0.0,100.0,0.0,999,709,0.0,123.99,1,0.0,2.0,2026-04-10 11:28:08.535673+02:00
433,4.0,5.31,1,6864.04,16240.433333333332,19444.216111111113,13756.770341677076,0.0,100.0,0.0,999,809,338.88,7641.78,2,0.0,2.0,2026-04-10 11:28:08.535673+02:00
461,1.0,2312.85,0,0.0,20058.09857142857,28926.43,15152.106834514381,0.0,100.0,0.0,999,678,38.08,66.27,0,0.0,3.0,2026-04-10 11:28:08.535673+02:00
500,2.0,1644.72,0,0.0,28859.16,28273.3828125,13931.36215180187,0.0,100.0,0.0,999,727,164.29,262.04,1,0.0,4.0,2026-04-10 11:28:08.535673+02:00
99,0.0,0.0,0,0.0,25753.05,25753.05,0.0,0.0,100.0,0.0,999,641,0.0,0.0,0,0.0,0.0,2026-04-10 11:28:08.535673+02:00
112,0.0,0.0,0,0.0,0.0,19270.71,13360.562606749261,0.0,100.0,0.0,999,787,0.0,0.0,0,0.0,0.0,2026-04-10 11:28:08.535673+02:00
319,0.0,1260.27,0,0.0,16602.89,24884.536,12397.70184905993,0.0,100.0,0.0,999,548,0.0,0.0,0,0.0,0.0,2026-04-10 11:28:08.535673+02:00
377,0.0,0.52,0,0.0,31794.92,23682.27111111111,16601.834119089537,0.0,100.0,0.0,999,799,0.0,0.0,0,0.0,3.0,2026-04-10 11:28:08.535673+02:00
439,0.0,144.84,0,0.0,26572.18,22680.114,14851.997196532999,0.0,100.0,0.0,999,790,0.0,0.0,0,0.0,2.0,2026-04-10 11:28:08.535673+02:00
484,1.0,0.0,0,0.0,12845.145,24875.415714285715,10315.37260008279,0.0,100.0,0.0,999,807,0.0,0.0,0,0.0,2.0,2026-04-10 11:28:08.535673+02:00
196,0.0,0.0,0,0.0,0.0,0.0,0.0,0.0,100.0,0.0,24,666,0.0,0.0,0,0.0,0.0,2026-04-10 11:28:08.535673+02:00
